

Microchip MPLAB XC8 Assembler V3.10 build 20250813170317 
                                                                                               Mon May 18 18:49:37 2026

Microchip MPLAB XC8 C Compiler v3.10 (Free license) build 20250813170317 Og1 
     1                           	processor	18F47K42
     2                           	fnconf	rparam,??,?,0
     3                           	pagewidth 120
     4                           	opt	flic
     5                           	psect	idataCOMRAM,global,class=CODE,space=0,delta=1,noexec
     6                           	psect	smallconst,global,reloc=2,class=SMALLCONST,space=0,delta=1,noexec
     7                           	psect	cinit,global,reloc=2,class=CODE,space=0,delta=1
     8                           	psect	bssCOMRAM,global,class=COMRAM,space=1,delta=1,lowdata,noexec
     9                           	psect	dataCOMRAM,global,class=COMRAM,space=1,delta=1,lowdata,noexec
    10                           	psect	bssBANK0,global,class=BANK0,space=1,delta=1,lowdata,noexec
    11                           	psect	cstackCOMRAM,global,class=COMRAM,space=1,delta=1,lowdata,noexec
    12                           	psect	text0,global,reloc=2,class=CODE,space=0,delta=1
    13                           	psect	text1,global,reloc=2,class=CODE,space=0,delta=1
    14                           	psect	text2,global,reloc=2,class=CODE,space=0,delta=1,group=3
    15                           	psect	text3,global,reloc=2,class=CODE,space=0,delta=1,group=1
    16                           	psect	text4,global,reloc=2,class=CODE,space=0,delta=1,group=1
    17                           	psect	text5,global,reloc=2,class=CODE,space=0,delta=1,group=3
    18                           	psect	text6,global,reloc=2,class=CODE,space=0,delta=1,group=3
    19                           	psect	text7,global,reloc=2,class=CODE,space=0,delta=1,group=2
    20                           	psect	text8,global,reloc=2,class=CODE,space=0,delta=1,group=2
    21                           	psect	text9,global,reloc=2,class=CODE,space=0,delta=1
    22                           	psect	text10,global,reloc=2,class=CODE,space=0,delta=1,group=3
    23                           	psect	text11,global,reloc=2,class=CODE,space=0,delta=1
    24                           	psect	text12,global,reloc=2,class=CODE,space=0,delta=1
    25                           	psect	text13,global,reloc=2,class=CODE,space=0,delta=1
    26                           	psect	text14,global,reloc=2,class=CODE,space=0,delta=1
    27                           	psect	text15,global,reloc=2,class=CODE,space=0,delta=1
    28                           	psect	text16,global,reloc=2,class=CODE,space=0,delta=1
    29                           	psect	text17,global,reloc=2,class=CODE,space=0,delta=1
    30                           	psect	text18,global,reloc=2,class=CODE,space=0,delta=1
    31                           	psect	text19,global,reloc=2,class=CODE,space=0,delta=1
    32                           	psect	text20,global,reloc=2,class=CODE,space=0,delta=1
    33                           	psect	ivt0x8,global,reloc=2,class=CODE,space=0,delta=1,noexec,keep,optim=
    34                           	psect	intsave_regs,global,class=BIGRAM,space=1,delta=1,noexec
    35                           	psect	rparam,global,class=COMRAM,space=1,delta=1,noexec
    36                           	psect	config,global,abs,ovrld,class=CONFIG,space=4,delta=1,noexec
    37   000000                     
    38                           ; Generated 13/12/2024 GMT
    39                           ; 
    40                           ; Copyright © 2024, Microchip Technology Inc. and its subsidiaries ("Microchip")
    41                           ; All rights reserved.
    42                           ; 
    43                           ; This software is developed by Microchip Technology Inc. and its subsidiaries ("Microch
      +                          ip").
    44                           ; 
    45                           ; Redistribution and use in source and binary forms, with or without modification, are
    46                           ; permitted provided that the following conditions are met:
    47                           ; 
    48                           ;     1. Redistributions of source code must retain the above copyright notice, this lis
      +                          t of
    49                           ;        conditions and the following disclaimer.
    50                           ; 
    51                           ;     2. Redistributions in binary form must reproduce the above copyright notice, this 
      +                          list
    52                           ;        of conditions and the following disclaimer in the documentation and/or other
    53                           ;        materials provided with the distribution. Publication is not required when
    54                           ;        this file is used in an embedded application.
    55                           ; 
    56                           ;     3. Microchip's name may not be used to endorse or promote products derived from th
      +                          is
    57                           ;        software without specific prior written permission.
    58                           ; 
    59                           ; THIS SOFTWARE IS PROVIDED BY MICROCHIP "AS IS" AND ANY EXPRESS OR IMPLIED WARRANTIES,
    60                           ; INCLUDING, BUT NOT LIMITED TO, THE IMPLIED WARRANTIES OF MERCHANTABILITY AND FITNESS F
      +                          OR
    61                           ; PURPOSE ARE DISCLAIMED.  IN NO EVENT SHALL MICROCHIP BE LIABLE FOR ANY DIRECT, INDIREC
      +                          T,
    62                           ; INCIDENTAL, SPECIAL, EXEMPLARY, OR CONSEQUENTIAL DAMAGES (INCLUDING BUT NOT LIMITED TO
    63                           ; PROCUREMENT OF SUBSTITUTE GOODS OR SERVICES; LOSS OF USE, DATA OR PROFITS; OR BUSINESS
    64                           ; INTERRUPTION) HOWSOEVER CAUSED AND ON ANY THEORY OF LIABILITY, WHETHER IN CONTRACT, ST
      +                          RICT
    65                           ; LIABILITY, OR TORT (INCLUDING NEGLIGENCE OR OTHERWISE) ARISING IN ANY WAY OUT OF THE U
      +                          SE OF
    66                           ; THIS SOFTWARE, EVEN IF ADVISED OF THE POSSIBILITY OF SUCH DAMAGE.
    67                           ; 
    68                           ; 
    69                           ; Code-generator required, PIC18F47K42 Definitions
    70                           ; 
    71                           ; SFR Addresses
    72   003FE0                     bsr             equ	16352
    73   003FE9                     fsr0            equ	16361
    74   003FEA                     fsr0h           equ	16362
    75   003FE9                     fsr0l           equ	16361
    76   003FE1                     fsr1            equ	16353
    77   003FE2                     fsr1h           equ	16354
    78   003FE1                     fsr1l           equ	16353
    79   003FD9                     fsr2            equ	16345
    80   003FDA                     fsr2h           equ	16346
    81   003FD9                     fsr2l           equ	16345
    82   003FEF                     indf0           equ	16367
    83   003FE7                     indf1           equ	16359
    84   003FDF                     indf2           equ	16351
    85   003FD2                     intcon          equ	16338
    86   0039E5                     nvmcon          equ	14821
    87   003FF9                     pcl             equ	16377
    88   003FFA                     pclath          equ	16378
    89   003FFB                     pclatu          equ	16379
    90   003FEB                     plusw0          equ	16363
    91   003FE3                     plusw1          equ	16355
    92   003FDB                     plusw2          equ	16347
    93   003FED                     postdec0        equ	16365
    94   003FE5                     postdec1        equ	16357
    95   003FDD                     postdec2        equ	16349
    96   003FEE                     postinc0        equ	16366
    97   003FE6                     postinc1        equ	16358
    98   003FDE                     postinc2        equ	16350
    99   003FEC                     preinc0         equ	16364
   100   003FE4                     preinc1         equ	16356
   101   003FDC                     preinc2         equ	16348
   102   003FF3                     prod            equ	16371
   103   003FF4                     prodh           equ	16372
   104   003FF3                     prodl           equ	16371
   105   003FD8                     status          equ	16344
   106   003FF5                     tablat          equ	16373
   107   003FF6                     tblptr          equ	16374
   108   003FF7                     tblptrh         equ	16375
   109   003FF6                     tblptrl         equ	16374
   110   003FF8                     tblptru         equ	16376
   111   003FFD                     tosl            equ	16381
   112   003FE8                     wreg            equ	16360
   113   003880                     STATUS_CSHAD    equ	14464	;# 
   114   003881                     WREG_CSHAD      equ	14465	;# 
   115   003882                     BSR_CSHAD       equ	14466	;# 
   116   003883                     SHADCON         equ	14467	;# 
   117   003884                     STATUS_SHAD     equ	14468	;# 
   118   003885                     WREG_SHAD       equ	14469	;# 
   119   003886                     BSR_SHAD        equ	14470	;# 
   120   003887                     PCLATH_SHAD     equ	14471	;# 
   121   003888                     PCLATU_SHAD     equ	14472	;# 
   122   003889                     FSR0SH          equ	14473	;# 
   123   003889                     FSR0L_SHAD      equ	14473	;# 
   124   00388A                     FSR0H_SHAD      equ	14474	;# 
   125   00388B                     FSR1SH          equ	14475	;# 
   126   00388B                     FSR1L_SHAD      equ	14475	;# 
   127   00388C                     FSR1H_SHAD      equ	14476	;# 
   128   00388D                     FSR2SH          equ	14477	;# 
   129   00388D                     FSR2L_SHAD      equ	14477	;# 
   130   00388E                     FSR2H_SHAD      equ	14478	;# 
   131   00388F                     PRODSH          equ	14479	;# 
   132   00388F                     PRODL_SHAD      equ	14479	;# 
   133   003890                     PRODH_SHAD      equ	14480	;# 
   134   00389D                     IVTADL          equ	14493	;# 
   135   00389E                     IVTADH          equ	14494	;# 
   136   00389F                     IVTADU          equ	14495	;# 
   137   00395B                     WDTCON0         equ	14683	;# 
   138   00395C                     WDTCON1         equ	14684	;# 
   139   00395D                     WDTPSL          equ	14685	;# 
   140   00395E                     WDTPSH          equ	14686	;# 
   141   00395F                     WDTTMR          equ	14687	;# 
   142   003960                     CRCDATA         equ	14688	;# 
   143   003960                     CRCDATL         equ	14688	;# 
   144   003961                     CRCDATH         equ	14689	;# 
   145   003962                     CRCACC          equ	14690	;# 
   146   003962                     CRCACCL         equ	14690	;# 
   147   003963                     CRCACCH         equ	14691	;# 
   148   003964                     CRCSHFT         equ	14692	;# 
   149   003964                     CRCSHIFTL       equ	14692	;# 
   150   003965                     CRCSHIFTH       equ	14693	;# 
   151   003966                     CRCXOR          equ	14694	;# 
   152   003966                     CRCXORL         equ	14694	;# 
   153   003967                     CRCXORH         equ	14695	;# 
   154   003968                     CRCCON0         equ	14696	;# 
   155   003969                     CRCCON1         equ	14697	;# 
   156   003976                     SCANLADR        equ	14710	;# 
   157   003976                     SCANLADRL       equ	14710	;# 
   158   003977                     SCANLADRH       equ	14711	;# 
   159   003978                     SCANLADRU       equ	14712	;# 
   160   003979                     SCANHADR        equ	14713	;# 
   161   003979                     SCANHADRL       equ	14713	;# 
   162   00397A                     SCANHADRH       equ	14714	;# 
   163   00397B                     SCANHADRU       equ	14715	;# 
   164   00397C                     SCANCON0        equ	14716	;# 
   165   00397D                     SCANTRIG        equ	14717	;# 
   166   003980                     IPR0            equ	14720	;# 
   167   003981                     IPR1            equ	14721	;# 
   168   003982                     IPR2            equ	14722	;# 
   169   003983                     IPR3            equ	14723	;# 
   170   003984                     IPR4            equ	14724	;# 
   171   003985                     IPR5            equ	14725	;# 
   172   003986                     IPR6            equ	14726	;# 
   173   003987                     IPR7            equ	14727	;# 
   174   003988                     IPR8            equ	14728	;# 
   175   003989                     IPR9            equ	14729	;# 
   176   00398A                     IPR10           equ	14730	;# 
   177   003990                     PIE0            equ	14736	;# 
   178   003991                     PIE1            equ	14737	;# 
   179   003992                     PIE2            equ	14738	;# 
   180   003993                     PIE3            equ	14739	;# 
   181   003994                     PIE4            equ	14740	;# 
   182   003995                     PIE5            equ	14741	;# 
   183   003996                     PIE6            equ	14742	;# 
   184   003997                     PIE7            equ	14743	;# 
   185   003998                     PIE8            equ	14744	;# 
   186   003999                     PIE9            equ	14745	;# 
   187   00399A                     PIE10           equ	14746	;# 
   188   0039A0                     PIR0            equ	14752	;# 
   189   0039A1                     PIR1            equ	14753	;# 
   190   0039A2                     PIR2            equ	14754	;# 
   191   0039A3                     PIR3            equ	14755	;# 
   192   0039A4                     PIR4            equ	14756	;# 
   193   0039A5                     PIR5            equ	14757	;# 
   194   0039A6                     PIR6            equ	14758	;# 
   195   0039A7                     PIR7            equ	14759	;# 
   196   0039A8                     PIR8            equ	14760	;# 
   197   0039A9                     PIR9            equ	14761	;# 
   198   0039AA                     PIR10           equ	14762	;# 
   199   0039C0                     PMD0            equ	14784	;# 
   200   0039C1                     PMD1            equ	14785	;# 
   201   0039C2                     PMD2            equ	14786	;# 
   202   0039C3                     PMD3            equ	14787	;# 
   203   0039C4                     PMD4            equ	14788	;# 
   204   0039C5                     PMD5            equ	14789	;# 
   205   0039C6                     PMD6            equ	14790	;# 
   206   0039C7                     PMD7            equ	14791	;# 
   207   0039D0                     BORCON          equ	14800	;# 
   208   0039D1                     VREGCON         equ	14801	;# 
   209   0039D8                     CPUDOZE         equ	14808	;# 
   210   0039D9                     OSCCON1         equ	14809	;# 
   211   0039DA                     OSCCON2         equ	14810	;# 
   212   0039DB                     OSCCON3         equ	14811	;# 
   213   0039DC                     OSCSTAT         equ	14812	;# 
   214   0039DC                     OSCSTAT1        equ	14812	;# 
   215   0039DD                     OSCEN           equ	14813	;# 
   216   0039DE                     OSCTUNE         equ	14814	;# 
   217   0039DF                     OSCFRQ          equ	14815	;# 
   218   0039E0                     NVMADRL         equ	14816	;# 
   219   0039E1                     NVMADRH         equ	14817	;# 
   220   0039E3                     NVMDAT          equ	14819	;# 
   221   0039E5                     NVMCON1         equ	14821	;# 
   222   0039E6                     NVMCON2         equ	14822	;# 
   223   0039EF                     PRLOCK          equ	14831	;# 
   224   0039F1                     ISRPR           equ	14833	;# 
   225   0039F2                     MAINPR          equ	14834	;# 
   226   0039F3                     DMA1PR          equ	14835	;# 
   227   0039F4                     DMA2PR          equ	14836	;# 
   228   0039F7                     SCANPR          equ	14839	;# 
   229   003A00                     RA0PPS          equ	14848	;# 
   230   003A01                     RA1PPS          equ	14849	;# 
   231   003A02                     RA2PPS          equ	14850	;# 
   232   003A03                     RA3PPS          equ	14851	;# 
   233   003A04                     RA4PPS          equ	14852	;# 
   234   003A05                     RA5PPS          equ	14853	;# 
   235   003A06                     RA6PPS          equ	14854	;# 
   236   003A07                     RA7PPS          equ	14855	;# 
   237   003A08                     RB0PPS          equ	14856	;# 
   238   003A09                     RB1PPS          equ	14857	;# 
   239   003A0A                     RB2PPS          equ	14858	;# 
   240   003A0B                     RB3PPS          equ	14859	;# 
   241   003A0C                     RB4PPS          equ	14860	;# 
   242   003A0D                     RB5PPS          equ	14861	;# 
   243   003A0E                     RB6PPS          equ	14862	;# 
   244   003A0F                     RB7PPS          equ	14863	;# 
   245   003A10                     RC0PPS          equ	14864	;# 
   246   003A11                     RC1PPS          equ	14865	;# 
   247   003A12                     RC2PPS          equ	14866	;# 
   248   003A13                     RC3PPS          equ	14867	;# 
   249   003A14                     RC4PPS          equ	14868	;# 
   250   003A15                     RC5PPS          equ	14869	;# 
   251   003A16                     RC6PPS          equ	14870	;# 
   252   003A17                     RC7PPS          equ	14871	;# 
   253   003A18                     RD0PPS          equ	14872	;# 
   254   003A19                     RD1PPS          equ	14873	;# 
   255   003A1A                     RD2PPS          equ	14874	;# 
   256   003A1B                     RD3PPS          equ	14875	;# 
   257   003A1C                     RD4PPS          equ	14876	;# 
   258   003A1D                     RD5PPS          equ	14877	;# 
   259   003A1E                     RD6PPS          equ	14878	;# 
   260   003A1F                     RD7PPS          equ	14879	;# 
   261   003A20                     RE0PPS          equ	14880	;# 
   262   003A21                     RE1PPS          equ	14881	;# 
   263   003A22                     RE2PPS          equ	14882	;# 
   264   003A40                     ANSELA          equ	14912	;# 
   265   003A41                     WPUA            equ	14913	;# 
   266   003A42                     ODCONA          equ	14914	;# 
   267   003A43                     SLRCONA         equ	14915	;# 
   268   003A44                     INLVLA          equ	14916	;# 
   269   003A45                     IOCAP           equ	14917	;# 
   270   003A46                     IOCAN           equ	14918	;# 
   271   003A47                     IOCAF           equ	14919	;# 
   272   003A50                     ANSELB          equ	14928	;# 
   273   003A51                     WPUB            equ	14929	;# 
   274   003A52                     ODCONB          equ	14930	;# 
   275   003A53                     SLRCONB         equ	14931	;# 
   276   003A54                     INLVLB          equ	14932	;# 
   277   003A55                     IOCBP           equ	14933	;# 
   278   003A56                     IOCBN           equ	14934	;# 
   279   003A57                     IOCBF           equ	14935	;# 
   280   003A5A                     RB1I2C          equ	14938	;# 
   281   003A5B                     RB2I2C          equ	14939	;# 
   282   003A60                     ANSELC          equ	14944	;# 
   283   003A61                     WPUC            equ	14945	;# 
   284   003A62                     ODCONC          equ	14946	;# 
   285   003A63                     SLRCONC         equ	14947	;# 
   286   003A64                     INLVLC          equ	14948	;# 
   287   003A65                     IOCCP           equ	14949	;# 
   288   003A66                     IOCCN           equ	14950	;# 
   289   003A67                     IOCCF           equ	14951	;# 
   290   003A6A                     RC3I2C          equ	14954	;# 
   291   003A6B                     RC4I2C          equ	14955	;# 
   292   003A70                     ANSELD          equ	14960	;# 
   293   003A71                     WPUD            equ	14961	;# 
   294   003A72                     ODCOND          equ	14962	;# 
   295   003A73                     SLRCOND         equ	14963	;# 
   296   003A74                     INLVLD          equ	14964	;# 
   297   003A7A                     RD0I2C          equ	14970	;# 
   298   003A7B                     RD1I2C          equ	14971	;# 
   299   003A80                     ANSELE          equ	14976	;# 
   300   003A81                     WPUE            equ	14977	;# 
   301   003A82                     ODCONE          equ	14978	;# 
   302   003A83                     SLRCONE         equ	14979	;# 
   303   003A84                     INLVLE          equ	14980	;# 
   304   003A85                     IOCEP           equ	14981	;# 
   305   003A86                     IOCEN           equ	14982	;# 
   306   003A87                     IOCEF           equ	14983	;# 
   307   003ABF                     PPSLOCK         equ	15039	;# 
   308   003AC0                     INT0PPS         equ	15040	;# 
   309   003AC1                     INT1PPS         equ	15041	;# 
   310   003AC2                     INT2PPS         equ	15042	;# 
   311   003AC3                     T0CKIPPS        equ	15043	;# 
   312   003AC4                     T1CKIPPS        equ	15044	;# 
   313   003AC5                     T1GPPS          equ	15045	;# 
   314   003AC6                     T3CKIPPS        equ	15046	;# 
   315   003AC7                     T3GPPS          equ	15047	;# 
   316   003AC8                     T5CKIPPS        equ	15048	;# 
   317   003AC9                     T5GPPS          equ	15049	;# 
   318   003ACA                     T2INPPS         equ	15050	;# 
   319   003ACB                     T4INPPS         equ	15051	;# 
   320   003ACC                     T6INPPS         equ	15052	;# 
   321   003ACD                     CCP1PPS         equ	15053	;# 
   322   003ACE                     CCP2PPS         equ	15054	;# 
   323   003ACF                     CCP3PPS         equ	15055	;# 
   324   003AD0                     CCP4PPS         equ	15056	;# 
   325   003AD1                     SMT1WINPPS      equ	15057	;# 
   326   003AD2                     SMT1SIGPPS      equ	15058	;# 
   327   003AD3                     CWG1INPPS       equ	15059	;# 
   328   003AD4                     CWG2INPPS       equ	15060	;# 
   329   003AD5                     CWG3INPPS       equ	15061	;# 
   330   003AD6                     MD1CARLPPS      equ	15062	;# 
   331   003AD7                     MD1CARHPPS      equ	15063	;# 
   332   003AD8                     MD1SRCPPS       equ	15064	;# 
   333   003AD9                     CLCIN0PPS       equ	15065	;# 
   334   003ADA                     CLCIN1PPS       equ	15066	;# 
   335   003ADB                     CLCIN2PPS       equ	15067	;# 
   336   003ADC                     CLCIN3PPS       equ	15068	;# 
   337   003ADD                     ADACTPPS        equ	15069	;# 
   338   003ADE                     SPI1SCKPPS      equ	15070	;# 
   339   003ADF                     SPI1SDIPPS      equ	15071	;# 
   340   003AE0                     SPI1SSPPS       equ	15072	;# 
   341   003AE1                     I2C1SCLPPS      equ	15073	;# 
   342   003AE2                     I2C1SDAPPS      equ	15074	;# 
   343   003AE3                     I2C2SCLPPS      equ	15075	;# 
   344   003AE4                     I2C2SDAPPS      equ	15076	;# 
   345   003AE5                     U1RXPPS         equ	15077	;# 
   346   003AE6                     U1CTSPPS        equ	15078	;# 
   347   003AE8                     U2RXPPS         equ	15080	;# 
   348   003AE9                     U2CTSPPS        equ	15081	;# 
   349   003BC9                     DMA2BUF         equ	15305	;# 
   350   003BCA                     DMA2DCNT        equ	15306	;# 
   351   003BCA                     DMA2DCNTL       equ	15306	;# 
   352   003BCB                     DMA2DCNTH       equ	15307	;# 
   353   003BCC                     DMA2DPTR        equ	15308	;# 
   354   003BCC                     DMA2DPTRL       equ	15308	;# 
   355   003BCD                     DMA2DPTRH       equ	15309	;# 
   356   003BCE                     DMA2DSZ         equ	15310	;# 
   357   003BCE                     DMA2DSZL        equ	15310	;# 
   358   003BCF                     DMA2DSZH        equ	15311	;# 
   359   003BD0                     DMA2DSA         equ	15312	;# 
   360   003BD0                     DMA2DSAL        equ	15312	;# 
   361   003BD1                     DMA2DSAH        equ	15313	;# 
   362   003BD2                     DMA2SCNT        equ	15314	;# 
   363   003BD2                     DMA2SCNTL       equ	15314	;# 
   364   003BD3                     DMA2SCNTH       equ	15315	;# 
   365   003BD4                     DMA2SPTR        equ	15316	;# 
   366   003BD4                     DMA2SPTRL       equ	15316	;# 
   367   003BD5                     DMA2SPTRH       equ	15317	;# 
   368   003BD6                     DMA2SPTRU       equ	15318	;# 
   369   003BD7                     DMA2SSZ         equ	15319	;# 
   370   003BD7                     DMA2SSZL        equ	15319	;# 
   371   003BD8                     DMA2SSZH        equ	15320	;# 
   372   003BD9                     DMA2SSA         equ	15321	;# 
   373   003BD9                     DMA2SSAL        equ	15321	;# 
   374   003BDA                     DMA2SSAH        equ	15322	;# 
   375   003BDB                     DMA2SSAU        equ	15323	;# 
   376   003BDC                     DMA2CON0        equ	15324	;# 
   377   003BDD                     DMA2CON1        equ	15325	;# 
   378   003BDE                     DMA2AIRQ        equ	15326	;# 
   379   003BDF                     DMA2SIRQ        equ	15327	;# 
   380   003BE9                     DMA1BUF         equ	15337	;# 
   381   003BEA                     DMA1DCNT        equ	15338	;# 
   382   003BEA                     DMA1DCNTL       equ	15338	;# 
   383   003BEB                     DMA1DCNTH       equ	15339	;# 
   384   003BEC                     DMA1DPTR        equ	15340	;# 
   385   003BEC                     DMA1DPTRL       equ	15340	;# 
   386   003BED                     DMA1DPTRH       equ	15341	;# 
   387   003BEE                     DMA1DSZ         equ	15342	;# 
   388   003BEE                     DMA1DSZL        equ	15342	;# 
   389   003BEF                     DMA1DSZH        equ	15343	;# 
   390   003BF0                     DMA1DSA         equ	15344	;# 
   391   003BF0                     DMA1DSAL        equ	15344	;# 
   392   003BF1                     DMA1DSAH        equ	15345	;# 
   393   003BF2                     DMA1SCNT        equ	15346	;# 
   394   003BF2                     DMA1SCNTL       equ	15346	;# 
   395   003BF3                     DMA1SCNTH       equ	15347	;# 
   396   003BF4                     DMA1SPTR        equ	15348	;# 
   397   003BF4                     DMA1SPTRL       equ	15348	;# 
   398   003BF5                     DMA1SPTRH       equ	15349	;# 
   399   003BF6                     DMA1SPTRU       equ	15350	;# 
   400   003BF7                     DMA1SSZ         equ	15351	;# 
   401   003BF7                     DMA1SSZL        equ	15351	;# 
   402   003BF8                     DMA1SSZH        equ	15352	;# 
   403   003BF9                     DMA1SSA         equ	15353	;# 
   404   003BF9                     DMA1SSAL        equ	15353	;# 
   405   003BFA                     DMA1SSAH        equ	15354	;# 
   406   003BFB                     DMA1SSAU        equ	15355	;# 
   407   003BFC                     DMA1CON0        equ	15356	;# 
   408   003BFD                     DMA1CON1        equ	15357	;# 
   409   003BFE                     DMA1AIRQ        equ	15358	;# 
   410   003BFF                     DMA1SIRQ        equ	15359	;# 
   411   003C56                     CLC4CON         equ	15446	;# 
   412   003C57                     CLC4POL         equ	15447	;# 
   413   003C58                     CLC4SEL0        equ	15448	;# 
   414   003C59                     CLC4SEL1        equ	15449	;# 
   415   003C5A                     CLC4SEL2        equ	15450	;# 
   416   003C5B                     CLC4SEL3        equ	15451	;# 
   417   003C5C                     CLC4GLS0        equ	15452	;# 
   418   003C5D                     CLC4GLS1        equ	15453	;# 
   419   003C5E                     CLC4GLS2        equ	15454	;# 
   420   003C5F                     CLC4GLS3        equ	15455	;# 
   421   003C60                     CLC3CON         equ	15456	;# 
   422   003C61                     CLC3POL         equ	15457	;# 
   423   003C62                     CLC3SEL0        equ	15458	;# 
   424   003C63                     CLC3SEL1        equ	15459	;# 
   425   003C64                     CLC3SEL2        equ	15460	;# 
   426   003C65                     CLC3SEL3        equ	15461	;# 
   427   003C66                     CLC3GLS0        equ	15462	;# 
   428   003C67                     CLC3GLS1        equ	15463	;# 
   429   003C68                     CLC3GLS2        equ	15464	;# 
   430   003C69                     CLC3GLS3        equ	15465	;# 
   431   003C6A                     CLC2CON         equ	15466	;# 
   432   003C6B                     CLC2POL         equ	15467	;# 
   433   003C6C                     CLC2SEL0        equ	15468	;# 
   434   003C6D                     CLC2SEL1        equ	15469	;# 
   435   003C6E                     CLC2SEL2        equ	15470	;# 
   436   003C6F                     CLC2SEL3        equ	15471	;# 
   437   003C70                     CLC2GLS0        equ	15472	;# 
   438   003C71                     CLC2GLS1        equ	15473	;# 
   439   003C72                     CLC2GLS2        equ	15474	;# 
   440   003C73                     CLC2GLS3        equ	15475	;# 
   441   003C74                     CLC1CON         equ	15476	;# 
   442   003C75                     CLC1POL         equ	15477	;# 
   443   003C76                     CLC1SEL0        equ	15478	;# 
   444   003C77                     CLC1SEL1        equ	15479	;# 
   445   003C78                     CLC1SEL2        equ	15480	;# 
   446   003C79                     CLC1SEL3        equ	15481	;# 
   447   003C7A                     CLC1GLS0        equ	15482	;# 
   448   003C7B                     CLC1GLS1        equ	15483	;# 
   449   003C7C                     CLC1GLS2        equ	15484	;# 
   450   003C7D                     CLC1GLS3        equ	15485	;# 
   451   003C7E                     CLCDATA0        equ	15486	;# 
   452   003CE5                     CLKRCON         equ	15589	;# 
   453   003CE6                     CLKRCLK         equ	15590	;# 
   454   003CFA                     MD1CON0         equ	15610	;# 
   455   003CFB                     MD1CON1         equ	15611	;# 
   456   003CFC                     MD1SRC          equ	15612	;# 
   457   003CFD                     MD1CARL         equ	15613	;# 
   458   003CFE                     MD1CARH         equ	15614	;# 
   459   003D10                     SPI1RXB         equ	15632	;# 
   460   003D11                     SPI1TXB         equ	15633	;# 
   461   003D12                     SPI1TCNT        equ	15634	;# 
   462   003D12                     SPI1TCNTL       equ	15634	;# 
   463   003D13                     SPI1TCNTH       equ	15635	;# 
   464   003D14                     SPI1CON0        equ	15636	;# 
   465   003D15                     SPI1CON1        equ	15637	;# 
   466   003D16                     SPI1CON2        equ	15638	;# 
   467   003D17                     SPI1STATUS      equ	15639	;# 
   468   003D18                     SPI1TWIDTH      equ	15640	;# 
   469   003D19                     SPI1BAUD        equ	15641	;# 
   470   003D1A                     SPI1INTF        equ	15642	;# 
   471   003D1B                     SPI1INTE        equ	15643	;# 
   472   003D1C                     SPI1CLK         equ	15644	;# 
   473   003D54                     I2C2RXB         equ	15700	;# 
   474   003D55                     I2C2TXB         equ	15701	;# 
   475   003D56                     I2C2CNT         equ	15702	;# 
   476   003D57                     I2C2ADB0        equ	15703	;# 
   477   003D58                     I2C2ADB1        equ	15704	;# 
   478   003D59                     I2C2ADR0        equ	15705	;# 
   479   003D5A                     I2C2ADR1        equ	15706	;# 
   480   003D5B                     I2C2ADR2        equ	15707	;# 
   481   003D5C                     I2C2ADR3        equ	15708	;# 
   482   003D5D                     I2C2CON0        equ	15709	;# 
   483   003D5E                     I2C2CON1        equ	15710	;# 
   484   003D5F                     I2C2CON2        equ	15711	;# 
   485   003D60                     I2C2ERR         equ	15712	;# 
   486   003D61                     I2C2STAT0       equ	15713	;# 
   487   003D62                     I2C2STAT1       equ	15714	;# 
   488   003D63                     I2C2PIR         equ	15715	;# 
   489   003D64                     I2C2PIE         equ	15716	;# 
   490   003D65                     I2C2CLK         equ	15717	;# 
   491   003D66                     I2C2BTO         equ	15718	;# 
   492   003D6A                     I2C1RXB         equ	15722	;# 
   493   003D6B                     I2C1TXB         equ	15723	;# 
   494   003D6C                     I2C1CNT         equ	15724	;# 
   495   003D6D                     I2C1ADB0        equ	15725	;# 
   496   003D6E                     I2C1ADB1        equ	15726	;# 
   497   003D6F                     I2C1ADR0        equ	15727	;# 
   498   003D70                     I2C1ADR1        equ	15728	;# 
   499   003D71                     I2C1ADR2        equ	15729	;# 
   500   003D72                     I2C1ADR3        equ	15730	;# 
   501   003D73                     I2C1CON0        equ	15731	;# 
   502   003D74                     I2C1CON1        equ	15732	;# 
   503   003D75                     I2C1CON2        equ	15733	;# 
   504   003D76                     I2C1ERR         equ	15734	;# 
   505   003D77                     I2C1STAT0       equ	15735	;# 
   506   003D78                     I2C1STAT1       equ	15736	;# 
   507   003D79                     I2C1PIR         equ	15737	;# 
   508   003D7A                     I2C1PIE         equ	15738	;# 
   509   003D7B                     I2C1CLK         equ	15739	;# 
   510   003D7C                     I2C1BTO         equ	15740	;# 
   511   003DD0                     U2RXB           equ	15824	;# 
   512   003DD0                     U2RXBL          equ	15824	;# 
   513   003DD2                     U2TXB           equ	15826	;# 
   514   003DD2                     U2TXBL          equ	15826	;# 
   515   003DD4                     U2P1            equ	15828	;# 
   516   003DD4                     U2P1L           equ	15828	;# 
   517   003DD6                     U2P2            equ	15830	;# 
   518   003DD6                     U2P2L           equ	15830	;# 
   519   003DD8                     U2P3            equ	15832	;# 
   520   003DD8                     U2P3L           equ	15832	;# 
   521   003DDA                     U2CON0          equ	15834	;# 
   522   003DDB                     U2CON1          equ	15835	;# 
   523   003DDC                     U2CON2          equ	15836	;# 
   524   003DDD                     U2BRG           equ	15837	;# 
   525   003DDD                     U2BRGL          equ	15837	;# 
   526   003DDE                     U2BRGH          equ	15838	;# 
   527   003DDF                     U2FIFO          equ	15839	;# 
   528   003DE0                     U2UIR           equ	15840	;# 
   529   003DE1                     U2ERRIR         equ	15841	;# 
   530   003DE2                     U2ERRIE         equ	15842	;# 
   531   003DE8                     U1RXB           equ	15848	;# 
   532   003DE8                     U1RXBL          equ	15848	;# 
   533   003DE9                     U1RXCHK         equ	15849	;# 
   534   003DEA                     U1TXB           equ	15850	;# 
   535   003DEA                     U1TXBL          equ	15850	;# 
   536   003DEB                     U1TXCHK         equ	15851	;# 
   537   003DEC                     U1P1            equ	15852	;# 
   538   003DEC                     U1P1L           equ	15852	;# 
   539   003DED                     U1P1H           equ	15853	;# 
   540   003DEE                     U1P2            equ	15854	;# 
   541   003DEE                     U1P2L           equ	15854	;# 
   542   003DEF                     U1P2H           equ	15855	;# 
   543   003DF0                     U1P3            equ	15856	;# 
   544   003DF0                     U1P3L           equ	15856	;# 
   545   003DF1                     U1P3H           equ	15857	;# 
   546   003DF2                     U1CON0          equ	15858	;# 
   547   003DF3                     U1CON1          equ	15859	;# 
   548   003DF4                     U1CON2          equ	15860	;# 
   549   003DF5                     U1BRG           equ	15861	;# 
   550   003DF5                     U1BRGL          equ	15861	;# 
   551   003DF6                     U1BRGH          equ	15862	;# 
   552   003DF7                     U1FIFO          equ	15863	;# 
   553   003DF8                     U1UIR           equ	15864	;# 
   554   003DF9                     U1ERRIR         equ	15865	;# 
   555   003DFA                     U1ERRIE         equ	15866	;# 
   556   003E9C                     DAC1CON1        equ	16028	;# 
   557   003E9E                     DAC1CON0        equ	16030	;# 
   558   003EB8                     CM2CON0         equ	16056	;# 
   559   003EB9                     CM2CON1         equ	16057	;# 
   560   003EBA                     CM2NCH          equ	16058	;# 
   561   003EBB                     CM2PCH          equ	16059	;# 
   562   003EBC                     CM1CON0         equ	16060	;# 
   563   003EBD                     CM1CON1         equ	16061	;# 
   564   003EBE                     CM1NCH          equ	16062	;# 
   565   003EBF                     CM1PCH          equ	16063	;# 
   566   003EC0                     CMOUT           equ	16064	;# 
   567   003EC1                     FVRCON          equ	16065	;# 
   568   003EC3                     ZCDCON          equ	16067	;# 
   569   003EC9                     HLVDCON0        equ	16073	;# 
   570   003ECA                     HLVDCON1        equ	16074	;# 
   571   003ED7                     ADCP            equ	16087	;# 
   572   003EDE                     ADLTH           equ	16094	;# 
   573   003EDE                     ADLTHL          equ	16094	;# 
   574   003EDF                     ADLTHH          equ	16095	;# 
   575   003EE0                     ADUTH           equ	16096	;# 
   576   003EE0                     ADUTHL          equ	16096	;# 
   577   003EE1                     ADUTHH          equ	16097	;# 
   578   003EE2                     ADERR           equ	16098	;# 
   579   003EE2                     ADERRL          equ	16098	;# 
   580   003EE3                     ADERRH          equ	16099	;# 
   581   003EE4                     ADSTPT          equ	16100	;# 
   582   003EE4                     ADSTPTL         equ	16100	;# 
   583   003EE5                     ADSTPTH         equ	16101	;# 
   584   003EE6                     ADFLTR          equ	16102	;# 
   585   003EE6                     ADFLTRL         equ	16102	;# 
   586   003EE7                     ADFLTRH         equ	16103	;# 
   587   003EE8                     ADACC           equ	16104	;# 
   588   003EE8                     ADACCL          equ	16104	;# 
   589   003EE9                     ADACCH          equ	16105	;# 
   590   003EEA                     ADACCU          equ	16106	;# 
   591   003EEB                     ADCNT           equ	16107	;# 
   592   003EEC                     ADRPT           equ	16108	;# 
   593   003EED                     ADPREV          equ	16109	;# 
   594   003EED                     ADPREVL         equ	16109	;# 
   595   003EEE                     ADPREVH         equ	16110	;# 
   596   003EEF                     ADRES           equ	16111	;# 
   597   003EEF                     ADRESL          equ	16111	;# 
   598   003EF0                     ADRESH          equ	16112	;# 
   599   003EF1                     ADPCH           equ	16113	;# 
   600   003EF3                     ADACQ           equ	16115	;# 
   601   003EF3                     ADACQL          equ	16115	;# 
   602   003EF4                     ADACQH          equ	16116	;# 
   603   003EF5                     ADCAP           equ	16117	;# 
   604   003EF6                     ADPRE           equ	16118	;# 
   605   003EF6                     ADPREL          equ	16118	;# 
   606   003EF7                     ADPREH          equ	16119	;# 
   607   003EF8                     ADCON0          equ	16120	;# 
   608   003EF9                     ADCON1          equ	16121	;# 
   609   003EFA                     ADCON2          equ	16122	;# 
   610   003EFB                     ADCON3          equ	16123	;# 
   611   003EFC                     ADSTAT          equ	16124	;# 
   612   003EFD                     ADREF           equ	16125	;# 
   613   003EFE                     ADACT           equ	16126	;# 
   614   003EFF                     ADCLK           equ	16127	;# 
   615   003F12                     SMT1TMR         equ	16146	;# 
   616   003F12                     SMT1TMRL        equ	16146	;# 
   617   003F13                     SMT1TMRH        equ	16147	;# 
   618   003F14                     SMT1TMRU        equ	16148	;# 
   619   003F15                     SMT1CPR         equ	16149	;# 
   620   003F15                     SMT1CPRL        equ	16149	;# 
   621   003F16                     SMT1CPRH        equ	16150	;# 
   622   003F17                     SMT1CPRU        equ	16151	;# 
   623   003F18                     SMT1CPW         equ	16152	;# 
   624   003F18                     SMT1CPWL        equ	16152	;# 
   625   003F19                     SMT1CPWH        equ	16153	;# 
   626   003F1A                     SMT1CPWU        equ	16154	;# 
   627   003F1B                     SMT1PR          equ	16155	;# 
   628   003F1B                     SMT1PRL         equ	16155	;# 
   629   003F1C                     SMT1PRH         equ	16156	;# 
   630   003F1D                     SMT1PRU         equ	16157	;# 
   631   003F1E                     SMT1CON0        equ	16158	;# 
   632   003F1F                     SMT1CON1        equ	16159	;# 
   633   003F20                     SMT1STAT        equ	16160	;# 
   634   003F21                     SMT1CLK         equ	16161	;# 
   635   003F22                     SMT1SIG         equ	16162	;# 
   636   003F23                     SMT1WIN         equ	16163	;# 
   637   003F38                     NCO1ACC         equ	16184	;# 
   638   003F38                     NCO1ACCL        equ	16184	;# 
   639   003F39                     NCO1ACCH        equ	16185	;# 
   640   003F3A                     NCO1ACCU        equ	16186	;# 
   641   003F3B                     NCO1INC         equ	16187	;# 
   642   003F3B                     NCO1INCL        equ	16187	;# 
   643   003F3C                     NCO1INCH        equ	16188	;# 
   644   003F3D                     NCO1INCU        equ	16189	;# 
   645   003F3E                     NCO1CON         equ	16190	;# 
   646   003F3F                     NCO1CLK         equ	16191	;# 
   647   003F40                     CWG3CLK         equ	16192	;# 
   648   003F40                     CWG3CLKCON      equ	16192	;# 
   649   003F41                     CWG3ISM         equ	16193	;# 
   650   003F41                     CWG3DAT         equ	16193	;# 
   651   003F42                     CWG3DBR         equ	16194	;# 
   652   003F43                     CWG3DBF         equ	16195	;# 
   653   003F44                     CWG3CON0        equ	16196	;# 
   654   003F45                     CWG3CON1        equ	16197	;# 
   655   003F46                     CWG3AS0         equ	16198	;# 
   656   003F47                     CWG3AS1         equ	16199	;# 
   657   003F48                     CWG3STR         equ	16200	;# 
   658   003F49                     CWG2CLK         equ	16201	;# 
   659   003F49                     CWG2CLKCON      equ	16201	;# 
   660   003F4A                     CWG2ISM         equ	16202	;# 
   661   003F4A                     CWG2DAT         equ	16202	;# 
   662   003F4B                     CWG2DBR         equ	16203	;# 
   663   003F4C                     CWG2DBF         equ	16204	;# 
   664   003F4D                     CWG2CON0        equ	16205	;# 
   665   003F4E                     CWG2CON1        equ	16206	;# 
   666   003F4F                     CWG2AS0         equ	16207	;# 
   667   003F50                     CWG2AS1         equ	16208	;# 
   668   003F51                     CWG2STR         equ	16209	;# 
   669   003F52                     CWG1CLK         equ	16210	;# 
   670   003F52                     CWG1CLKCON      equ	16210	;# 
   671   003F53                     CWG1ISM         equ	16211	;# 
   672   003F53                     CWG1DAT         equ	16211	;# 
   673   003F54                     CWG1DBR         equ	16212	;# 
   674   003F55                     CWG1DBF         equ	16213	;# 
   675   003F56                     CWG1CON0        equ	16214	;# 
   676   003F57                     CWG1CON1        equ	16215	;# 
   677   003F58                     CWG1AS0         equ	16216	;# 
   678   003F59                     CWG1AS1         equ	16217	;# 
   679   003F5A                     CWG1STR         equ	16218	;# 
   680   003F5E                     CCPTMRS0        equ	16222	;# 
   681   003F5F                     CCPTMRS1        equ	16223	;# 
   682   003F60                     PWM8DC          equ	16224	;# 
   683   003F60                     PWM8DCL         equ	16224	;# 
   684   003F61                     PWM8DCH         equ	16225	;# 
   685   003F62                     PWM8CON         equ	16226	;# 
   686   003F64                     PWM7DC          equ	16228	;# 
   687   003F64                     PWM7DCL         equ	16228	;# 
   688   003F65                     PWM7DCH         equ	16229	;# 
   689   003F66                     PWM7CON         equ	16230	;# 
   690   003F68                     PWM6DC          equ	16232	;# 
   691   003F68                     PWM6DCL         equ	16232	;# 
   692   003F69                     PWM6DCH         equ	16233	;# 
   693   003F6A                     PWM6CON         equ	16234	;# 
   694   003F6C                     PWM5DC          equ	16236	;# 
   695   003F6C                     PWM5DCL         equ	16236	;# 
   696   003F6D                     PWM5DCH         equ	16237	;# 
   697   003F6E                     PWM5CON         equ	16238	;# 
   698   003F70                     CCPR4           equ	16240	;# 
   699   003F70                     CCPR4L          equ	16240	;# 
   700   003F71                     CCPR4H          equ	16241	;# 
   701   003F72                     CCP4CON         equ	16242	;# 
   702   003F73                     CCP4CAP         equ	16243	;# 
   703   003F74                     CCPR3           equ	16244	;# 
   704   003F74                     CCPR3L          equ	16244	;# 
   705   003F75                     CCPR3H          equ	16245	;# 
   706   003F76                     CCP3CON         equ	16246	;# 
   707   003F77                     CCP3CAP         equ	16247	;# 
   708   003F78                     CCPR2           equ	16248	;# 
   709   003F78                     CCPR2L          equ	16248	;# 
   710   003F79                     CCPR2H          equ	16249	;# 
   711   003F7A                     CCP2CON         equ	16250	;# 
   712   003F7B                     CCP2CAP         equ	16251	;# 
   713   003F7C                     CCPR1           equ	16252	;# 
   714   003F7C                     CCPR1L          equ	16252	;# 
   715   003F7D                     CCPR1H          equ	16253	;# 
   716   003F7E                     CCP1CON         equ	16254	;# 
   717   003F7F                     CCP1CAP         equ	16255	;# 
   718   003F92                     T6TMR           equ	16274	;# 
   719   003F92                     TMR6            equ	16274	;# 
   720   003F93                     T6PR            equ	16275	;# 
   721   003F93                     PR6             equ	16275	;# 
   722   003F94                     T6CON           equ	16276	;# 
   723   003F95                     T6HLT           equ	16277	;# 
   724   003F96                     T6CLKCON        equ	16278	;# 
   725   003F96                     T6CLK           equ	16278	;# 
   726   003F97                     T6RST           equ	16279	;# 
   727   003F98                     TMR5            equ	16280	;# 
   728   003F98                     TMR5L           equ	16280	;# 
   729   003F99                     TMR5H           equ	16281	;# 
   730   003F9A                     T5CON           equ	16282	;# 
   731   003F9A                     TMR5CON         equ	16282	;# 
   732   003F9B                     T5GCON          equ	16283	;# 
   733   003F9B                     TMR5GCON        equ	16283	;# 
   734   003F9C                     T5GATE          equ	16284	;# 
   735   003F9C                     TMR5GATE        equ	16284	;# 
   736   003F9D                     T5CLK           equ	16285	;# 
   737   003F9D                     TMR5CLK         equ	16285	;# 
   738   003F9D                     PR5             equ	16285	;# 
   739   003F9E                     T4TMR           equ	16286	;# 
   740   003F9E                     TMR4            equ	16286	;# 
   741   003F9F                     T4PR            equ	16287	;# 
   742   003F9F                     PR4             equ	16287	;# 
   743   003FA0                     T4CON           equ	16288	;# 
   744   003FA1                     T4HLT           equ	16289	;# 
   745   003FA2                     T4CLKCON        equ	16290	;# 
   746   003FA2                     T4CLK           equ	16290	;# 
   747   003FA3                     T4RST           equ	16291	;# 
   748   003FA4                     TMR3            equ	16292	;# 
   749   003FA4                     TMR3L           equ	16292	;# 
   750   003FA5                     TMR3H           equ	16293	;# 
   751   003FA6                     T3CON           equ	16294	;# 
   752   003FA6                     TMR3CON         equ	16294	;# 
   753   003FA7                     T3GCON          equ	16295	;# 
   754   003FA7                     TMR3GCON        equ	16295	;# 
   755   003FA8                     T3GATE          equ	16296	;# 
   756   003FA8                     TMR3GATE        equ	16296	;# 
   757   003FA9                     T3CLK           equ	16297	;# 
   758   003FA9                     TMR3CLK         equ	16297	;# 
   759   003FA9                     PR3             equ	16297	;# 
   760   003FAA                     T2TMR           equ	16298	;# 
   761   003FAA                     TMR2            equ	16298	;# 
   762   003FAB                     T2PR            equ	16299	;# 
   763   003FAB                     PR2             equ	16299	;# 
   764   003FAC                     T2CON           equ	16300	;# 
   765   003FAD                     T2HLT           equ	16301	;# 
   766   003FAE                     T2CLKCON        equ	16302	;# 
   767   003FAE                     T2CLK           equ	16302	;# 
   768   003FAF                     T2RST           equ	16303	;# 
   769   003FB0                     TMR1            equ	16304	;# 
   770   003FB0                     TMR1L           equ	16304	;# 
   771   003FB1                     TMR1H           equ	16305	;# 
   772   003FB2                     T1CON           equ	16306	;# 
   773   003FB2                     TMR1CON         equ	16306	;# 
   774   003FB3                     T1GCON          equ	16307	;# 
   775   003FB3                     TMR1GCON        equ	16307	;# 
   776   003FB4                     T1GATE          equ	16308	;# 
   777   003FB4                     TMR1GATE        equ	16308	;# 
   778   003FB5                     T1CLK           equ	16309	;# 
   779   003FB5                     TMR1CLK         equ	16309	;# 
   780   003FB5                     PR1             equ	16309	;# 
   781   003FB6                     TMR0L           equ	16310	;# 
   782   003FB6                     TMR0            equ	16310	;# 
   783   003FB7                     TMR0H           equ	16311	;# 
   784   003FB7                     PR0             equ	16311	;# 
   785   003FB8                     T0CON0          equ	16312	;# 
   786   003FB9                     T0CON1          equ	16313	;# 
   787   003FBA                     LATA            equ	16314	;# 
   788   003FBB                     LATB            equ	16315	;# 
   789   003FBC                     LATC            equ	16316	;# 
   790   003FBD                     LATD            equ	16317	;# 
   791   003FBE                     LATE            equ	16318	;# 
   792   003FC2                     TRISA           equ	16322	;# 
   793   003FC3                     TRISB           equ	16323	;# 
   794   003FC4                     TRISC           equ	16324	;# 
   795   003FC5                     TRISD           equ	16325	;# 
   796   003FC6                     TRISE           equ	16326	;# 
   797   003FCA                     PORTA           equ	16330	;# 
   798   003FCB                     PORTB           equ	16331	;# 
   799   003FCC                     PORTC           equ	16332	;# 
   800   003FCD                     PORTD           equ	16333	;# 
   801   003FCE                     PORTE           equ	16334	;# 
   802   003FD2                     INTCON0         equ	16338	;# 
   803   003FD3                     INTCON1         equ	16339	;# 
   804   003FD4                     IVTLOCK         equ	16340	;# 
   805   003FD5                     IVTBASE         equ	16341	;# 
   806   003FD5                     IVTBASEL        equ	16341	;# 
   807   003FD6                     IVTBASEH        equ	16342	;# 
   808   003FD7                     IVTBASEU        equ	16343	;# 
   809   003FD8                     STATUS          equ	16344	;# 
   810   003FD9                     FSR2            equ	16345	;# 
   811   003FD9                     FSR2L           equ	16345	;# 
   812   003FDA                     FSR2H           equ	16346	;# 
   813   003FDB                     PLUSW2          equ	16347	;# 
   814   003FDC                     PREINC2         equ	16348	;# 
   815   003FDD                     POSTDEC2        equ	16349	;# 
   816   003FDE                     POSTINC2        equ	16350	;# 
   817   003FDF                     INDF2           equ	16351	;# 
   818   003FE0                     BSR             equ	16352	;# 
   819   003FE1                     FSR1            equ	16353	;# 
   820   003FE1                     FSR1L           equ	16353	;# 
   821   003FE2                     FSR1H           equ	16354	;# 
   822   003FE3                     PLUSW1          equ	16355	;# 
   823   003FE4                     PREINC1         equ	16356	;# 
   824   003FE5                     POSTDEC1        equ	16357	;# 
   825   003FE6                     POSTINC1        equ	16358	;# 
   826   003FE7                     INDF1           equ	16359	;# 
   827   003FE8                     WREG            equ	16360	;# 
   828   003FE9                     FSR0            equ	16361	;# 
   829   003FE9                     FSR0L           equ	16361	;# 
   830   003FEA                     FSR0H           equ	16362	;# 
   831   003FEB                     PLUSW0          equ	16363	;# 
   832   003FEC                     PREINC0         equ	16364	;# 
   833   003FED                     POSTDEC0        equ	16365	;# 
   834   003FEE                     POSTINC0        equ	16366	;# 
   835   003FEF                     INDF0           equ	16367	;# 
   836   003FF0                     PCON0           equ	16368	;# 
   837   003FF1                     PCON1           equ	16369	;# 
   838   003FF3                     PROD            equ	16371	;# 
   839   003FF3                     PRODL           equ	16371	;# 
   840   003FF4                     PRODH           equ	16372	;# 
   841   003FF5                     TABLAT          equ	16373	;# 
   842   003FF6                     TBLPTR          equ	16374	;# 
   843   003FF6                     TBLPTRL         equ	16374	;# 
   844   003FF7                     TBLPTRH         equ	16375	;# 
   845   003FF8                     TBLPTRU         equ	16376	;# 
   846   003FF9                     PCLAT           equ	16377	;# 
   847   003FF9                     PCL             equ	16377	;# 
   848   003FFA                     PCLATH          equ	16378	;# 
   849   003FFB                     PCLATU          equ	16379	;# 
   850   003FFC                     STKPTR          equ	16380	;# 
   851   003FFD                     TOS             equ	16381	;# 
   852   003FFD                     TOSL            equ	16381	;# 
   853   003FFE                     TOSH            equ	16382	;# 
   854   003FFF                     TOSU            equ	16383	;# 
   855                           
   856                           	psect	idataCOMRAM
   857   0027B0                     __pidataCOMRAM:
   858                           	callstack 0
   859                           
   860                           ;initializer for _ready_for_step
   861   0027B0  01                 	db	1
   862   003990                     _PIE0bits       set	14736
   863   0039A0                     _PIR0bits       set	14752
   864   003A40                     _ANSELAbits     set	14912
   865   003A66                     _IOCCNbits      set	14950
   866   003A65                     _IOCCPbits      set	14949
   867   003A61                     _WPUCbits       set	14945
   868   003A60                     _ANSELCbits     set	14944
   869   003A67                     _IOCCFbits      set	14951
   870   003A60                     _ANSELC         set	14944
   871   003A70                     _ANSELD         set	14960
   872   003A50                     _ANSELB         set	14928
   873   003EF4                     _ADACQH         set	16116
   874   003EF3                     _ADACQL         set	16115
   875   003EF7                     _ADPREH         set	16119
   876   003EF6                     _ADPREL         set	16118
   877   003EFF                     _ADCLK          set	16127
   878   003EEF                     _ADRESL         set	16111
   879   003EF0                     _ADRESH         set	16112
   880   003EF8                     _ADCON0bits     set	16120
   881   003EF1                     _ADPCH          set	16113
   882   003FBD                     _LATDbits       set	16317
   883   003FC2                     _TRISAbits      set	16322
   884   003FD2                     _INTCON0bits    set	16338
   885   003FC4                     _TRISCbits      set	16324
   886   003FBC                     _LATC           set	16316
   887   003FBD                     _LATD           set	16317
   888   003FBB                     _LATB           set	16315
   889   003FC4                     _TRISC          set	16324
   890   003FC5                     _TRISD          set	16325
   891   003FC3                     _TRISB          set	16323
   892                           
   893                           	psect	smallconst
   894   002000                     __psmallconst:
   895                           	callstack 0
   896   002000  00                 	db	0
   897   002001                     STR_2:
   898                           
   899                           ; BSR set to: 57
   900   002001  4D                 	db	77	;'M'
   901   002002  6F                 	db	111	;'o'
   902   002003  76                 	db	118	;'v'
   903   002004  65                 	db	101	;'e'
   904   002005  3A                 	db	58	;':'
   905   002006  25                 	db	37
   906   002007  75                 	db	117	;'u'
   907   002008  20                 	db	32
   908   002009  20                 	db	32
   909   00200A  20                 	db	32
   910   00200B  20                 	db	32
   911   00200C  00                 	db	0
   912   00200D                     STR_1:
   913                           
   914                           ; BSR set to: 57
   915   00200D  53                 	db	83	;'S'
   916   00200E  74                 	db	116	;'t'
   917   00200F  65                 	db	101	;'e'
   918   002010  70                 	db	112	;'p'
   919   002011  73                 	db	115	;'s'
   920   002012  3A                 	db	58	;':'
   921   002013  25                 	db	37
   922   002014  75                 	db	117	;'u'
   923   002015  20                 	db	32
   924   002016  20                 	db	32
   925   002017  20                 	db	32
   926   002018  00                 	db	0
   927   002019  00                 	db	0	; dummy byte at the end
   928   002000                     __smallconst    set	__psmallconst
   929   002000                     __mediumconst   set	__psmallconst
   930   000003                     __activetblptr  equ	3
   931                           
   932                           ; #config settings
   933                           
   934                           	psect	cinit
   935   0025B2                     __pcinit:
   936                           	callstack 0
   937   0025B2                     start_initialization:
   938                           	callstack 0
   939   0025B2                     __initialization:
   940                           	callstack 0
   941                           
   942                           ; Initialize objects allocated to COMRAM (1 bytes)
   943                           ; load TBLPTR registers with __pidataCOMRAM
   944   0025B2  0EB0               	movlw	low __pidataCOMRAM
   945   0025B4  6EF6               	movwf	tblptrl,c
   946   0025B6  0E27               	movlw	high __pidataCOMRAM
   947   0025B8  6EF7               	movwf	tblptrh,c
   948   0025BA  0E00               	movlw	low (__pidataCOMRAM shr (0+16))
   949   0025BC  6EF8               	movwf	tblptru,c
   950   0025BE  0009               	tblrd		*+	;fetch initializer
   951   0025C0  006F FFD4  F04E    	movff	tablat,__pdataCOMRAM
   952                           
   953                           ; Clear objects allocated to BANK0 (32 bytes)
   954   0025C6  EE00  F060         	lfsr	0,__pbssBANK0
   955   0025CA  0E20               	movlw	32
   956   0025CC                     clear_0:
   957   0025CC  6AEE               	clrf	postinc0,c
   958   0025CE  06E8               	decf	wreg,f,c
   959   0025D0  E1FD               	bnz	clear_0
   960                           
   961                           ; Clear objects allocated to COMRAM (28 bytes)
   962   0025D2  EE00  F032         	lfsr	0,__pbssCOMRAM
   963   0025D6  0E1C               	movlw	28
   964   0025D8                     clear_1:
   965   0025D8  6AEE               	clrf	postinc0,c
   966   0025DA  06E8               	decf	wreg,f,c
   967   0025DC  E1FD               	bnz	clear_1
   968                           
   969                           ;
   970                           ; Setup IVTBASE
   971                           ;
   972   003FD5                     IVTBASEL        equ	16341
   973   003FD6                     IVTBASEH        equ	16342
   974   003FD7                     IVTBASEU        equ	16343
   975   0025DE  0E08               	movlw	(ivt0x8_base shr 0)& (0+255)
   976   0025E0  6ED5               	movwf	213,c
   977   0025E2  0E00               	movlw	(ivt0x8_base shr (0+8))& (0+255)
   978   0025E4  6ED6               	movwf	214,c
   979   0025E6  0E00               	movlw	(ivt0x8_base shr (0+16))& (0+255)
   980   0025E8  6ED7               	movwf	215,c
   981   0025EA                     end_of_initialization:
   982                           	callstack 0
   983   0025EA                     __end_of__initialization:
   984                           	callstack 0
   985   0025EA  0100               	movlb	0
   986   0025EC  EFE8  F011         	goto	_main	;jump to C main() function
   987                           
   988                           	psect	bssCOMRAM
   989   000032                     __pbssCOMRAM:
   990                           	callstack 0
   991   000032                     _width:
   992                           	callstack 0
   993   000032                     	ds	2
   994   000034                     _prec:
   995                           	callstack 0
   996   000034                     	ds	2
   997   000036                     Step_Detection@prev_y:
   998                           	callstack 0
   999   000036                     	ds	2
  1000   000038                     Step_Detection@prev_x:
  1001                           	callstack 0
  1002   000038                     	ds	2
  1003   00003A                     _step_count:
  1004                           	callstack 0
  1005   00003A                     	ds	2
  1006   00003C                     _flags:
  1007                           	callstack 0
  1008   00003C                     	ds	1
  1009   00003D                     LCD_Print_Status@reset_timer:
  1010                           	callstack 0
  1011   00003D                     	ds	1
  1012   00003E                     _lcd_buffer:
  1013                           	callstack 0
  1014   00003E                     	ds	16
  1015                           
  1016                           	psect	dataCOMRAM
  1017   00004E                     __pdataCOMRAM:
  1018                           	callstack 0
  1019   00004E                     _ready_for_step:
  1020                           	callstack 0
  1021   00004E                     	ds	1
  1022                           
  1023                           	psect	bssBANK0
  1024   000060                     __pbssBANK0:
  1025                           	callstack 0
  1026   000060                     _dbuf:
  1027                           	callstack 0
  1028   000060                     	ds	32
  1029                           
  1030                           	psect	cstackCOMRAM
  1031   000001                     __pcstackCOMRAM:
  1032                           	callstack 0
  1033   000001                     ?_ADC_Read:
  1034                           	callstack 0
  1035   000001                     ?_abs:
  1036                           	callstack 0
  1037   000001                     ?___lwdiv:
  1038                           	callstack 0
  1039   000001                     ?___lwmod:
  1040                           	callstack 0
  1041   000001                     LCD_Command@cmd:
  1042                           	callstack 0
  1043   000001                     LCD_Char@dat:
  1044                           	callstack 0
  1045   000001                     ___lwdiv@dividend:
  1046                           	callstack 0
  1047   000001                     ___lwmod@dividend:
  1048                           	callstack 0
  1049   000001                     abs@a:
  1050                           	callstack 0
  1051   000001                     fputc@c:
  1052                           	callstack 0
  1053   000001                     
  1054                           ; 1 bytes @ 0x0
  1055   000001                     	ds	1
  1056   000002                     LCD_String@msg:
  1057                           	callstack 0
  1058   000002                     ??_LCD_Init:
  1059   000002                     
  1060                           ; 1 bytes @ 0x1
  1061   000002                     	ds	1
  1062   000003                     LCD_String_xy@pos:
  1063                           	callstack 0
  1064   000003                     fputc@fp:
  1065                           	callstack 0
  1066   000003                     ___lwdiv@divisor:
  1067                           	callstack 0
  1068   000003                     ___lwmod@divisor:
  1069                           	callstack 0
  1070   000003                     ??_ADC_Read:
  1071   000003                     ??_abs:
  1072   000003                     
  1073                           ; 1 bytes @ 0x2
  1074   000003                     	ds	1
  1075   000004                     LCD_String_xy@msg:
  1076                           	callstack 0
  1077   000004                     ??_fputc:
  1078                           
  1079                           ; 1 bytes @ 0x3
  1080   000004                     	ds	1
  1081   000005                     ?_Step_Detection:
  1082                           	callstack 0
  1083   000005                     ADC_Read@channel:
  1084                           	callstack 0
  1085   000005                     LCD_String_xy@row:
  1086                           	callstack 0
  1087   000005                     ___lwmod@counter:
  1088                           	callstack 0
  1089   000005                     Step_Detection@x_val:
  1090                           	callstack 0
  1091   000005                     ___lwdiv@quotient:
  1092                           	callstack 0
  1093   000005                     
  1094                           ; 1 bytes @ 0x4
  1095   000005                     	ds	1
  1096   000006                     LCD_String_xy@location:
  1097                           	callstack 0
  1098                           
  1099                           ; 1 bytes @ 0x5
  1100   000006                     	ds	1
  1101   000007                     ___lwdiv@counter:
  1102                           	callstack 0
  1103   000007                     Step_Detection@y_val:
  1104                           	callstack 0
  1105                           
  1106                           ; 2 bytes @ 0x6
  1107   000007                     	ds	2
  1108   000009                     vfpfcnvrt@fp:
  1109                           	callstack 0
  1110   000009                     ??_Step_Detection:
  1111                           
  1112                           ; 1 bytes @ 0x8
  1113   000009                     	ds	1
  1114   00000A                     vfpfcnvrt@fmt:
  1115                           	callstack 0
  1116                           
  1117                           ; 1 bytes @ 0x9
  1118   00000A                     	ds	1
  1119   00000B                     vfpfcnvrt@ap:
  1120                           	callstack 0
  1121   00000B                     Step_Detection@movement:
  1122                           	callstack 0
  1123                           
  1124                           ; 2 bytes @ 0xA
  1125   00000B                     	ds	1
  1126   00000C                     ??_vfpfcnvrt:
  1127                           
  1128                           ; 1 bytes @ 0xB
  1129   00000C                     	ds	1
  1130   00000D                     vfpfcnvrt@convarg:
  1131                           	callstack 0
  1132                           
  1133                           ; 4 bytes @ 0xC
  1134   00000D                     	ds	4
  1135   000011                     vfpfcnvrt@cp:
  1136                           	callstack 0
  1137                           
  1138                           ; 1 bytes @ 0x10
  1139   000011                     	ds	1
  1140   000012                     vfpfcnvrt@c:
  1141                           	callstack 0
  1142                           
  1143                           ; 1 bytes @ 0x11
  1144   000012                     	ds	1
  1145   000013                     ?_vfprintf:
  1146                           	callstack 0
  1147   000013                     vfprintf@fp:
  1148                           	callstack 0
  1149                           
  1150                           ; 1 bytes @ 0x12
  1151   000013                     	ds	1
  1152   000014                     vfprintf@fmt:
  1153                           	callstack 0
  1154                           
  1155                           ; 1 bytes @ 0x13
  1156   000014                     	ds	1
  1157   000015                     vfprintf@ap:
  1158                           	callstack 0
  1159                           
  1160                           ; 1 bytes @ 0x14
  1161   000015                     	ds	1
  1162   000016                     vfprintf@cfmt:
  1163                           	callstack 0
  1164   000016                     
  1165                           ; 1 bytes @ 0x15
  1166   000016                     	ds	1
  1167   000017                     ?_sprintf:
  1168                           	callstack 0
  1169   000017                     sprintf@s:
  1170                           	callstack 0
  1171                           
  1172                           ; 1 bytes @ 0x16
  1173   000017                     	ds	1
  1174   000018                     sprintf@fmt:
  1175                           	callstack 0
  1176                           
  1177                           ; 1 bytes @ 0x17
  1178   000018                     	ds	3
  1179   00001B                     sprintf@ap:
  1180                           	callstack 0
  1181   00001B                     
  1182                           ; 1 bytes @ 0x1A
  1183   00001B                     	ds	1
  1184   00001C                     sprintf@f:
  1185                           	callstack 0
  1186                           
  1187                           ; 11 bytes @ 0x1B
  1188   00001C                     	ds	11
  1189   000027                     LCD_Print_Status@x_val:
  1190                           	callstack 0
  1191                           
  1192                           ; 2 bytes @ 0x26
  1193   000027                     	ds	2
  1194   000029                     LCD_Print_Status@y_val:
  1195                           	callstack 0
  1196                           
  1197                           ; 2 bytes @ 0x28
  1198   000029                     	ds	2
  1199   00002B                     LCD_Print_Status@movement:
  1200                           	callstack 0
  1201   00002B                     
  1202                           ; 1 bytes @ 0x2A
  1203   00002B                     	ds	2
  1204   00002D                     ??_main:
  1205                           
  1206                           ; 1 bytes @ 0x2C
  1207   00002D                     	ds	1
  1208   00002E                     main@x_val:
  1209                           	callstack 0
  1210                           
  1211                           ; 2 bytes @ 0x2D
  1212   00002E                     	ds	2
  1213   000030                     main@y_val:
  1214                           	callstack 0
  1215                           
  1216                           ; 2 bytes @ 0x2F
  1217   000030                     	ds	2
  1218                           
  1219 ;;
  1220 ;;Main: autosize = 0, tempsize = 1, incstack = 0, save=0
  1221 ;;
  1222 ;; *************** function _main *****************
  1223 ;; Defined at:
  1224 ;;		line 127 in file "main.c"
  1225 ;; Parameters:    Size  Location     Type
  1226 ;;		None
  1227 ;; Auto vars:     Size  Location     Type
  1228 ;;  y_val           2   47[COMRAM] unsigned int 
  1229 ;;  x_val           2   45[COMRAM] unsigned int 
  1230 ;; Return value:  Size  Location     Type
  1231 ;;                  1    wreg      void 
  1232 ;; Registers used:
  1233 ;;		wreg, fsr1l, fsr1h, fsr2l, fsr2h, status,2, status,0, tblptrl, tblptrh, tblptru, cstack
  1234 ;; Tracked objects:
  1235 ;;		On entry : 0/0
  1236 ;;		On exit  : 0/0
  1237 ;;		Unchanged: 0/0
  1238 ;; Data sizes:     COMRAM   BANK0   BANK1   BANK2   BANK3   BANK4   BANK5   BANK6   BANK7   BANK8   BANK9  BANK10  BANK1
      +1  BANK12  BANK13  BANK14  BANK15  BANK16  BANK17  BANK18  BANK19  BANK20  BANK21  BANK22  BANK23  BANK24  BANK25  BANK2
      +6  BANK27  BANK28  BANK29  BANK30  BANK31
  1239 ;;      Params:         0       0       0       0       0       0       0       0       0       0       0       0       
      +0       0       0       0       0       0       0       0       0       0       0       0       0       0       0       
      +0       0       0       0       0       0
  1240 ;;      Locals:         4       0       0       0       0       0       0       0       0       0       0       0       
      +0       0       0       0       0       0       0       0       0       0       0       0       0       0       0       
      +0       0       0       0       0       0
  1241 ;;      Temps:          1       0       0       0       0       0       0       0       0       0       0       0       
      +0       0       0       0       0       0       0       0       0       0       0       0       0       0       0       
      +0       0       0       0       0       0
  1242 ;;      Totals:         5       0       0       0       0       0       0       0       0       0       0       0       
      +0       0       0       0       0       0       0       0       0       0       0       0       0       0       0       
      +0       0       0       0       0       0
  1243 ;;Total ram usage:        5 bytes
  1244 ;; Hardware stack levels required when called: 7
  1245 ;; This function calls:
  1246 ;;		_ADC_Init
  1247 ;;		_ADC_Read
  1248 ;;		_Button_Interrupt_Init
  1249 ;;		_LCD_Clear
  1250 ;;		_LCD_Init
  1251 ;;		_LCD_Print_Status
  1252 ;; This function is called by:
  1253 ;;		Startup code after reset
  1254 ;; This function uses a non-reentrant model
  1255 ;;
  1256                           
  1257                           	psect	text0
  1258   0023D0                     __ptext0:
  1259                           	callstack 0
  1260   0023D0                     _main:
  1261                           	callstack 24
  1262   0023D0                     
  1263                           ;main.c: 129:     unsigned int x_val;;main.c: 130:     unsigned int y_val;;main.c: 132: 
      +                              ANSELB = 0x00;
  1264   0023D0  013A               	movlb	58	; () banked
  1265   0023D2  6B50               	clrf	80,b	;volatile
  1266                           
  1267                           ;main.c: 133:     ANSELD = 0x00;
  1268   0023D4  6B70               	clrf	112,b	;volatile
  1269                           
  1270                           ;main.c: 134:     ANSELC = 0x00;
  1271   0023D6  6B60               	clrf	96,b	;volatile
  1272                           
  1273                           ;main.c: 136:     TRISB = 0x00;
  1274   0023D8  6AC3               	clrf	195,c	;volatile
  1275                           
  1276                           ;main.c: 137:     TRISD = 0x00;
  1277   0023DA  6AC5               	clrf	197,c	;volatile
  1278                           
  1279                           ;main.c: 138:     TRISC = 0x00;
  1280   0023DC  6AC4               	clrf	196,c	;volatile
  1281                           
  1282                           ;main.c: 140:     LATB = 0x00;
  1283   0023DE  6ABB               	clrf	187,c	;volatile
  1284                           
  1285                           ;main.c: 141:     LATD = 0x00;
  1286   0023E0  6ABD               	clrf	189,c	;volatile
  1287                           
  1288                           ;main.c: 142:     LATC = 0x00;
  1289   0023E2  6ABC               	clrf	188,c	;volatile
  1290   0023E4                     
  1291                           ; BSR set to: 58
  1292                           ;main.c: 144:     ADC_Init();
  1293   0023E4  ECB0  F013         	call	_ADC_Init	;wreg free
  1294   0023E8                     
  1295                           ;main.c: 145:     Button_Interrupt_Init();
  1296   0023E8  ECC2  F013         	call	_Button_Interrupt_Init	;wreg free
  1297   0023EC                     
  1298                           ;main.c: 147:     _delay((unsigned long)((500)*(1000000UL/4000.0)));
  1299   0023EC  0EA3               	movlw	163
  1300   0023EE  6E2D               	movwf	??_main^0,c
  1301   0023F0  0E55               	movlw	85
  1302   0023F2                     u537:
  1303   0023F2  2EE8               	decfsz	wreg,f,c
  1304   0023F4  D7FE               	bra	u537
  1305   0023F6  2E2D               	decfsz	??_main^0,f,c
  1306   0023F8  D7FC               	bra	u537
  1307   0023FA  0000               	nop	
  1308   0023FC                     
  1309                           ;main.c: 149:     LCD_Init();
  1310   0023FC  EC37  F011         	call	_LCD_Init	;wreg free
  1311   002400                     
  1312                           ;main.c: 150:     LCD_Clear();
  1313   002400  ECCF  F013         	call	_LCD_Clear	;wreg free
  1314   002404                     l1543:
  1315                           
  1316                           ;main.c: 153:     {;main.c: 154:         x_val = ADC_Read(0x01);
  1317   002404  0E01               	movlw	1
  1318   002406  EC5C  F013         	call	_ADC_Read
  1319   00240A  C001  F02E         	movff	?_ADC_Read,main@x_val
  1320   00240E  C002  F02F         	movff	?_ADC_Read+1,main@x_val+1
  1321   002412                     
  1322                           ;main.c: 155:         y_val = ADC_Read(0x02);
  1323   002412  0E02               	movlw	2
  1324   002414  EC5C  F013         	call	_ADC_Read
  1325   002418  C001  F030         	movff	?_ADC_Read,main@y_val
  1326   00241C  C002  F031         	movff	?_ADC_Read+1,main@y_val+1
  1327   002420                     
  1328                           ;main.c: 157:         LCD_Print_Status(x_val, y_val);
  1329   002420  C02E  F027         	movff	main@x_val,LCD_Print_Status@x_val
  1330   002424  C02F  F028         	movff	main@x_val+1,LCD_Print_Status@x_val+1
  1331   002428  C030  F029         	movff	main@y_val,LCD_Print_Status@y_val
  1332   00242C  C031  F02A         	movff	main@y_val+1,LCD_Print_Status@y_val+1
  1333   002430  ECCD  F010         	call	_LCD_Print_Status	;wreg free
  1334   002434                     
  1335                           ;main.c: 159:         _delay((unsigned long)((50)*(1000000UL/4000.0)));
  1336   002434  0E11               	movlw	17
  1337   002436  6E2D               	movwf	??_main^0,c
  1338   002438  0E3A               	movlw	58
  1339   00243A                     u547:
  1340   00243A  2EE8               	decfsz	wreg,f,c
  1341   00243C  D7FE               	bra	u547
  1342   00243E  2E2D               	decfsz	??_main^0,f,c
  1343   002440  D7FC               	bra	u547
  1344   002442  D000               	nop2	
  1345   002444  EF02  F012         	goto	l1543
  1346   002448  EF0D  F000         	goto	start
  1347   00244C                     __end_of_main:
  1348                           	callstack 0
  1349                           
  1350 ;; *************** function _LCD_Print_Status *****************
  1351 ;; Defined at:
  1352 ;;		line 198 in file "main.c"
  1353 ;; Parameters:    Size  Location     Type
  1354 ;;  x_val           2   38[COMRAM] unsigned int 
  1355 ;;  y_val           2   40[COMRAM] unsigned int 
  1356 ;; Auto vars:     Size  Location     Type
  1357 ;;  movement        2   42[COMRAM] unsigned int 
  1358 ;; Return value:  Size  Location     Type
  1359 ;;                  1    wreg      void 
  1360 ;; Registers used:
  1361 ;;		wreg, fsr1l, fsr1h, fsr2l, fsr2h, status,2, status,0, tblptrl, tblptrh, tblptru, cstack
  1362 ;; Tracked objects:
  1363 ;;		On entry : 0/0
  1364 ;;		On exit  : 0/0
  1365 ;;		Unchanged: 0/0
  1366 ;; Data sizes:     COMRAM   BANK0   BANK1   BANK2   BANK3   BANK4   BANK5   BANK6   BANK7   BANK8   BANK9  BANK10  BANK1
      +1  BANK12  BANK13  BANK14  BANK15  BANK16  BANK17  BANK18  BANK19  BANK20  BANK21  BANK22  BANK23  BANK24  BANK25  BANK2
      +6  BANK27  BANK28  BANK29  BANK30  BANK31
  1367 ;;      Params:         4       0       0       0       0       0       0       0       0       0       0       0       
      +0       0       0       0       0       0       0       0       0       0       0       0       0       0       0       
      +0       0       0       0       0       0
  1368 ;;      Locals:         2       0       0       0       0       0       0       0       0       0       0       0       
      +0       0       0       0       0       0       0       0       0       0       0       0       0       0       0       
      +0       0       0       0       0       0
  1369 ;;      Temps:          0       0       0       0       0       0       0       0       0       0       0       0       
      +0       0       0       0       0       0       0       0       0       0       0       0       0       0       0       
      +0       0       0       0       0       0
  1370 ;;      Totals:         6       0       0       0       0       0       0       0       0       0       0       0       
      +0       0       0       0       0       0       0       0       0       0       0       0       0       0       0       
      +0       0       0       0       0       0
  1371 ;;Total ram usage:        6 bytes
  1372 ;; Hardware stack levels used: 1
  1373 ;; Hardware stack levels required when called: 6
  1374 ;; This function calls:
  1375 ;;		_LCD_String_xy
  1376 ;;		_Step_Detection
  1377 ;;		_sprintf
  1378 ;; This function is called by:
  1379 ;;		_main
  1380 ;; This function uses a non-reentrant model
  1381 ;;
  1382                           
  1383                           	psect	text1
  1384   00219A                     __ptext1:
  1385                           	callstack 0
  1386   00219A                     _LCD_Print_Status:
  1387                           	callstack 24
  1388   00219A                     
  1389                           ;main.c: 198: void LCD_Print_Status(unsigned int x_val, unsigned int y_val);main.c: 199:
      +                           {;main.c: 200:     unsigned int movement;;main.c: 201:     static unsigned char reset_t
      +                          imer = 0;;main.c: 203:     movement = Step_Detection(x_val, y_val);
  1390   00219A  C027  F005         	movff	LCD_Print_Status@x_val,Step_Detection@x_val
  1391   00219E  C028  F006         	movff	LCD_Print_Status@x_val+1,Step_Detection@x_val+1
  1392   0021A2  C029  F007         	movff	LCD_Print_Status@y_val,Step_Detection@y_val
  1393   0021A6  C02A  F008         	movff	LCD_Print_Status@y_val+1,Step_Detection@y_val+1
  1394   0021AA  EC91  F012         	call	_Step_Detection	;wreg free
  1395   0021AE  C005  F02B         	movff	?_Step_Detection,LCD_Print_Status@movement
  1396   0021B2  C006  F02C         	movff	?_Step_Detection+1,LCD_Print_Status@movement+1
  1397   0021B6                     
  1398                           ;main.c: 205:     if(ready_for_step == 0)
  1399   0021B6  504E               	movf	_ready_for_step^0,w,c	;volatile
  1400   0021B8  A4D8               	btfss	status,2,c
  1401   0021BA  EFE1  F010         	goto	u481
  1402   0021BE  EFE3  F010         	goto	u480
  1403   0021C2                     u481:
  1404   0021C2  EFEF  F010         	goto	l1507
  1405   0021C6                     u480:
  1406   0021C6                     
  1407                           ;main.c: 206:     {;main.c: 207:         reset_timer++;
  1408   0021C6  2A3D               	incf	LCD_Print_Status@reset_timer^0,f,c
  1409   0021C8                     
  1410                           ;main.c: 209:         if(reset_timer >= 5)
  1411   0021C8  0E04               	movlw	4
  1412   0021CA  643D               	cpfsgt	LCD_Print_Status@reset_timer^0,c
  1413   0021CC  EFEA  F010         	goto	u491
  1414   0021D0  EFEC  F010         	goto	u490
  1415   0021D4                     u491:
  1416   0021D4  EFEF  F010         	goto	l1507
  1417   0021D8                     u490:
  1418   0021D8                     
  1419                           ;main.c: 210:         {;main.c: 211:             ready_for_step = 1;
  1420   0021D8  0E01               	movlw	1
  1421   0021DA  6E4E               	movwf	_ready_for_step^0,c	;volatile
  1422   0021DC                     
  1423                           ;main.c: 212:             reset_timer = 0;
  1424   0021DC  6A3D               	clrf	LCD_Print_Status@reset_timer^0,c
  1425   0021DE                     l1507:
  1426                           
  1427                           ;main.c: 216:     if(movement > 230 && ready_for_step == 1)
  1428   0021DE  502C               	movf	(LCD_Print_Status@movement+1)^0,w,c
  1429   0021E0  E109               	bnz	u500
  1430   0021E2  0EE7               	movlw	231
  1431   0021E4  5C2B               	subwf	LCD_Print_Status@movement^0,w,c
  1432   0021E6  A0D8               	btfss	status,0,c
  1433   0021E8  EFF8  F010         	goto	u501
  1434   0021EC  EFFA  F010         	goto	u500
  1435   0021F0                     u501:
  1436   0021F0  EF06  F011         	goto	l1517
  1437   0021F4                     u500:
  1438   0021F4  044E               	decf	_ready_for_step^0,w,c	;volatile
  1439   0021F6  A4D8               	btfss	status,2,c
  1440   0021F8  EF00  F011         	goto	u511
  1441   0021FC  EF02  F011         	goto	u510
  1442   002200                     u511:
  1443   002200  EF06  F011         	goto	l1517
  1444   002204                     u510:
  1445   002204                     
  1446                           ;main.c: 217:     {;main.c: 218:         step_count++;
  1447   002204  4A3A               	infsnz	_step_count^0,f,c	;volatile
  1448   002206  2A3B               	incf	(_step_count+1)^0,f,c	;volatile
  1449   002208                     
  1450                           ;main.c: 219:         ready_for_step = 0;
  1451   002208  6A4E               	clrf	_ready_for_step^0,c	;volatile
  1452   00220A                     
  1453                           ;main.c: 220:         reset_timer = 0;
  1454   00220A  6A3D               	clrf	LCD_Print_Status@reset_timer^0,c
  1455   00220C                     l1517:
  1456                           
  1457                           ;main.c: 223:     if(movement < 200)
  1458   00220C  502C               	movf	(LCD_Print_Status@movement+1)^0,w,c
  1459   00220E  E107               	bnz	u521
  1460   002210  0EC8               	movlw	200
  1461   002212  5C2B               	subwf	LCD_Print_Status@movement^0,w,c
  1462   002214  B0D8               	btfsc	status,0,c
  1463   002216  EF0F  F011         	goto	u521
  1464   00221A  EF11  F011         	goto	u520
  1465   00221E                     u521:
  1466   00221E  EF14  F011         	goto	l1523
  1467   002222                     u520:
  1468   002222                     
  1469                           ;main.c: 224:     {;main.c: 225:         ready_for_step = 1;
  1470   002222  0E01               	movlw	1
  1471   002224  6E4E               	movwf	_ready_for_step^0,c	;volatile
  1472   002226                     
  1473                           ;main.c: 226:         reset_timer = 0;
  1474   002226  6A3D               	clrf	LCD_Print_Status@reset_timer^0,c
  1475   002228                     l1523:
  1476                           
  1477                           ;main.c: 229:     sprintf(lcd_buffer, "Steps:%u   ", step_count);
  1478   002228  0E3E               	movlw	low _lcd_buffer
  1479   00222A  6E17               	movwf	sprintf@s^0,c
  1480   00222C  0E0D               	movlw	low STR_1
  1481   00222E  6E18               	movwf	sprintf@fmt^0,c
  1482   002230  C03A  F019         	movff	_step_count,?_sprintf+2	;volatile
  1483   002234  C03B  F01A         	movff	_step_count+1,?_sprintf+3	;volatile
  1484   002238  EC44  F013         	call	_sprintf	;wreg free
  1485   00223C                     
  1486                           ;main.c: 230:     LCD_String_xy(1, 0, lcd_buffer);
  1487   00223C  0E00               	movlw	0
  1488   00223E  6E03               	movwf	LCD_String_xy@pos^0,c
  1489   002240  0E3E               	movlw	low _lcd_buffer
  1490   002242  6E04               	movwf	LCD_String_xy@msg^0,c
  1491   002244  0E01               	movlw	1
  1492   002246  EC12  F013         	call	_LCD_String_xy
  1493   00224A                     
  1494                           ;main.c: 232:     sprintf(lcd_buffer, "Move:%u    ", movement);
  1495   00224A  0E3E               	movlw	low _lcd_buffer
  1496   00224C  6E17               	movwf	sprintf@s^0,c
  1497   00224E  0E01               	movlw	low STR_2
  1498   002250  6E18               	movwf	sprintf@fmt^0,c
  1499   002252  C02B  F019         	movff	LCD_Print_Status@movement,?_sprintf+2
  1500   002256  C02C  F01A         	movff	LCD_Print_Status@movement+1,?_sprintf+3
  1501   00225A  EC44  F013         	call	_sprintf	;wreg free
  1502   00225E                     
  1503                           ;main.c: 233:     LCD_String_xy(2, 0, lcd_buffer);
  1504   00225E  0E00               	movlw	0
  1505   002260  6E03               	movwf	LCD_String_xy@pos^0,c
  1506   002262  0E3E               	movlw	low _lcd_buffer
  1507   002264  6E04               	movwf	LCD_String_xy@msg^0,c
  1508   002266  0E02               	movlw	2
  1509   002268  EC12  F013         	call	_LCD_String_xy
  1510   00226C  0012               	return		;funcret
  1511   00226E                     __end_of_LCD_Print_Status:
  1512                           	callstack 0
  1513                           
  1514 ;; *************** function _sprintf *****************
  1515 ;; Defined at:
  1516 ;;		line 9 in file "/Applications/microchip/xc8/v3.10/pic/sources/c99/common/nf_sprintf.c"
  1517 ;; Parameters:    Size  Location     Type
  1518 ;;  s               1   22[COMRAM] PTR unsigned char 
  1519 ;;		 -> lcd_buffer(16), 
  1520 ;;  fmt             1   23[COMRAM] PTR const unsigned char 
  1521 ;;		 -> STR_2(12), STR_1(12), 
  1522 ;; Auto vars:     Size  Location     Type
  1523 ;;  f              11   27[COMRAM] struct _IO_FILE
  1524 ;;  ret             2    0        int 
  1525 ;;  ap              1   26[COMRAM] PTR void [1]
  1526 ;;		 -> ?_sprintf(2), 
  1527 ;; Return value:  Size  Location     Type
  1528 ;;                  2   22[COMRAM] int 
  1529 ;; Registers used:
  1530 ;;		wreg, fsr1l, fsr1h, fsr2l, fsr2h, status,2, status,0, tblptrl, tblptrh, tblptru, cstack
  1531 ;; Tracked objects:
  1532 ;;		On entry : 0/0
  1533 ;;		On exit  : 0/0
  1534 ;;		Unchanged: 0/0
  1535 ;; Data sizes:     COMRAM   BANK0   BANK1   BANK2   BANK3   BANK4   BANK5   BANK6   BANK7   BANK8   BANK9  BANK10  BANK1
      +1  BANK12  BANK13  BANK14  BANK15  BANK16  BANK17  BANK18  BANK19  BANK20  BANK21  BANK22  BANK23  BANK24  BANK25  BANK2
      +6  BANK27  BANK28  BANK29  BANK30  BANK31
  1536 ;;      Params:         4       0       0       0       0       0       0       0       0       0       0       0       
      +0       0       0       0       0       0       0       0       0       0       0       0       0       0       0       
      +0       0       0       0       0       0
  1537 ;;      Locals:        12       0       0       0       0       0       0       0       0       0       0       0       
      +0       0       0       0       0       0       0       0       0       0       0       0       0       0       0       
      +0       0       0       0       0       0
  1538 ;;      Temps:          0       0       0       0       0       0       0       0       0       0       0       0       
      +0       0       0       0       0       0       0       0       0       0       0       0       0       0       0       
      +0       0       0       0       0       0
  1539 ;;      Totals:        16       0       0       0       0       0       0       0       0       0       0       0       
      +0       0       0       0       0       0       0       0       0       0       0       0       0       0       0       
      +0       0       0       0       0       0
  1540 ;;Total ram usage:       16 bytes
  1541 ;; Hardware stack levels used: 1
  1542 ;; Hardware stack levels required when called: 5
  1543 ;; This function calls:
  1544 ;;		_vfprintf
  1545 ;; This function is called by:
  1546 ;;		_LCD_Print_Status
  1547 ;; This function uses a non-reentrant model
  1548 ;;
  1549                           
  1550                           	psect	text2
  1551   002688                     __ptext2:
  1552                           	callstack 0
  1553   002688                     _sprintf:
  1554                           	callstack 24
  1555   002688  0E19               	movlw	low (?_sprintf+2)
  1556   00268A  6E1B               	movwf	sprintf@ap^0,c
  1557   00268C  C017  F01C         	movff	sprintf@s,sprintf@f
  1558   002690  6A1F               	clrf	(sprintf@f+3)^0,c
  1559   002692  0E00               	movlw	0
  1560   002694  6E1E               	movwf	(sprintf@f+2)^0,c
  1561   002696  6A26               	clrf	(sprintf@f+10)^0,c
  1562   002698  0E00               	movlw	0
  1563   00269A  6E25               	movwf	(sprintf@f+9)^0,c
  1564   00269C  0E1C               	movlw	low sprintf@f
  1565   00269E  6E13               	movwf	vfprintf@fp^0,c
  1566   0026A0  C018  F014         	movff	sprintf@fmt,vfprintf@fmt
  1567   0026A4  0E1B               	movlw	low sprintf@ap
  1568   0026A6  6E15               	movwf	vfprintf@ap^0,c
  1569   0026A8  ECB8  F012         	call	_vfprintf	;wreg free
  1570   0026AC  5017               	movf	sprintf@s^0,w,c
  1571   0026AE  241E               	addwf	(sprintf@f+2)^0,w,c
  1572   0026B0  6ED9               	movwf	fsr2l,c
  1573   0026B2  6ADA               	clrf	fsr2h,c
  1574   0026B4  6ADF               	clrf	indf2,c
  1575   0026B6  0012               	return		;funcret
  1576   0026B8                     __end_of_sprintf:
  1577                           	callstack 0
  1578                           
  1579 ;; *************** function _vfprintf *****************
  1580 ;; Defined at:
  1581 ;;		line 1817 in file "/Applications/microchip/xc8/v3.10/pic/sources/c99/common/doprnt.c"
  1582 ;; Parameters:    Size  Location     Type
  1583 ;;  fp              1   18[COMRAM] PTR struct _IO_FILE
  1584 ;;		 -> sprintf@f(11), 
  1585 ;;  fmt             1   19[COMRAM] PTR const unsigned char 
  1586 ;;		 -> STR_2(12), STR_1(12), 
  1587 ;;  ap              1   20[COMRAM] PTR PTR void 
  1588 ;;		 -> sprintf@ap(1), 
  1589 ;; Auto vars:     Size  Location     Type
  1590 ;;  cfmt            1   21[COMRAM] PTR unsigned char 
  1591 ;;		 -> STR_2(12), STR_1(12), 
  1592 ;; Return value:  Size  Location     Type
  1593 ;;                  2   18[COMRAM] int 
  1594 ;; Registers used:
  1595 ;;		wreg, fsr1l, fsr1h, fsr2l, fsr2h, status,2, status,0, tblptrl, tblptrh, tblptru, cstack
  1596 ;; Tracked objects:
  1597 ;;		On entry : 0/0
  1598 ;;		On exit  : 0/0
  1599 ;;		Unchanged: 0/0
  1600 ;; Data sizes:     COMRAM   BANK0   BANK1   BANK2   BANK3   BANK4   BANK5   BANK6   BANK7   BANK8   BANK9  BANK10  BANK1
      +1  BANK12  BANK13  BANK14  BANK15  BANK16  BANK17  BANK18  BANK19  BANK20  BANK21  BANK22  BANK23  BANK24  BANK25  BANK2
      +6  BANK27  BANK28  BANK29  BANK30  BANK31
  1601 ;;      Params:         3       0       0       0       0       0       0       0       0       0       0       0       
      +0       0       0       0       0       0       0       0       0       0       0       0       0       0       0       
      +0       0       0       0       0       0
  1602 ;;      Locals:         1       0       0       0       0       0       0       0       0       0       0       0       
      +0       0       0       0       0       0       0       0       0       0       0       0       0       0       0       
      +0       0       0       0       0       0
  1603 ;;      Temps:          0       0       0       0       0       0       0       0       0       0       0       0       
      +0       0       0       0       0       0       0       0       0       0       0       0       0       0       0       
      +0       0       0       0       0       0
  1604 ;;      Totals:         4       0       0       0       0       0       0       0       0       0       0       0       
      +0       0       0       0       0       0       0       0       0       0       0       0       0       0       0       
      +0       0       0       0       0       0
  1605 ;;Total ram usage:        4 bytes
  1606 ;; Hardware stack levels used: 1
  1607 ;; Hardware stack levels required when called: 4
  1608 ;; This function calls:
  1609 ;;		_vfpfcnvrt
  1610 ;; This function is called by:
  1611 ;;		_sprintf
  1612 ;; This function uses a non-reentrant model
  1613 ;;
  1614                           
  1615                           	psect	text3
  1616   002570                     __ptext3:
  1617                           	callstack 0
  1618   002570                     _vfprintf:
  1619                           	callstack 24
  1620   002570                     
  1621                           ;/Applications/microchip/xc8/v3.10/pic/sources/c99/common/doprnt.c: 1817: int vfprintf(F
      +                          ILE *fp, const char *fmt, va_list ap);/Applications/microchip/xc8/v3.10/pic/sources/c99/
      +                          common/doprnt.c: 1818: {;/Applications/microchip/xc8/v3.10/pic/sources/c99/common/doprnt
      +                          .c: 1820:     char *cfmt;;/Applications/microchip/xc8/v3.10/pic/sources/c99/common/doprn
      +                          t.c: 1822:     cfmt = (char *)fmt;
  1622   002570  C014  F016         	movff	vfprintf@fmt,vfprintf@cfmt
  1623                           
  1624                           ;/Applications/microchip/xc8/v3.10/pic/sources/c99/common/doprnt.c: 1826:     while (*cf
      +                          mt) {
  1625   002574  EFC4  F012         	goto	l1447
  1626   002578                     l1445:
  1627                           
  1628                           ;/Applications/microchip/xc8/v3.10/pic/sources/c99/common/doprnt.c: 1830:    vfpfcnvrt(f
      +                          p, &cfmt, ap);
  1629   002578  C013  F009         	movff	vfprintf@fp,vfpfcnvrt@fp
  1630   00257C  0E16               	movlw	low vfprintf@cfmt
  1631   00257E  6E0A               	movwf	vfpfcnvrt@fmt^0,c
  1632   002580  C015  F00B         	movff	vfprintf@ap,vfpfcnvrt@ap
  1633   002584  EC0D  F010         	call	_vfpfcnvrt	;wreg free
  1634   002588                     l1447:
  1635                           
  1636                           ;/Applications/microchip/xc8/v3.10/pic/sources/c99/common/doprnt.c: 1826:     while (*cf
      +                          mt) {
  1637   002588  0060  F05B  FFF6   	movff	vfprintf@cfmt,tblptrl
  1638   00258E                     	if	1	;There is more than 1 active tblptr byte
  1639   00258E  0E20               	movlw	high __smallconst
  1640   002590  6EF7               	movwf	tblptrh,c
  1641   002592                     	endif
  1642   002592                     	if	0	;tblptru may be non-zero
  1643   002592                     	endif
  1644   002592                     	if	1	;Program memory is > 0xFFFF, there are 3 active tblptr bytes
  1645   002592  0E00               	movlw	low (__smallconst shr (0+16))
  1646   002594  6EF8               	movwf	tblptru,c
  1647   002596                     	endif
  1648   002596  0008               	tblrd		*
  1649   002598  50F5               	movf	tablat,w,c
  1650   00259A  0900               	iorlw	0
  1651   00259C  A4D8               	btfss	status,2,c
  1652   00259E  EFD3  F012         	goto	u451
  1653   0025A2  EFD5  F012         	goto	u450
  1654   0025A6                     u451:
  1655   0025A6  EFBC  F012         	goto	l1445
  1656   0025AA                     u450:
  1657   0025AA                     
  1658                           ;/Applications/microchip/xc8/v3.10/pic/sources/c99/common/doprnt.c: 1835:  return 0;
  1659   0025AA  6A14               	clrf	(?_vfprintf+1)^0,c
  1660   0025AC  0E00               	movlw	0
  1661   0025AE  6E13               	movwf	?_vfprintf^0,c
  1662   0025B0  0012               	return		;funcret
  1663   0025B2                     __end_of_vfprintf:
  1664                           	callstack 0
  1665                           
  1666 ;; *************** function _vfpfcnvrt *****************
  1667 ;; Defined at:
  1668 ;;		line 1177 in file "/Applications/microchip/xc8/v3.10/pic/sources/c99/common/doprnt.c"
  1669 ;; Parameters:    Size  Location     Type
  1670 ;;  fp              1    8[COMRAM] PTR struct _IO_FILE
  1671 ;;		 -> sprintf@f(11), 
  1672 ;;  fmt             1    9[COMRAM] PTR PTR unsigned char 
  1673 ;;		 -> vfprintf@cfmt(1), 
  1674 ;;  ap              1   10[COMRAM] PTR PTR void 
  1675 ;;		 -> sprintf@ap(1), 
  1676 ;; Auto vars:     Size  Location     Type
  1677 ;;  convarg         4   12[COMRAM] struct .
  1678 ;;  c               1   17[COMRAM] unsigned char 
  1679 ;;  cp              1   16[COMRAM] PTR unsigned char 
  1680 ;;		 -> STR_2(12), STR_1(12), 
  1681 ;;  done            1    0        _Bool 
  1682 ;; Return value:  Size  Location     Type
  1683 ;;                  1    wreg      void 
  1684 ;; Registers used:
  1685 ;;		wreg, fsr1l, fsr1h, fsr2l, fsr2h, status,2, status,0, tblptrl, tblptrh, tblptru, cstack
  1686 ;; Tracked objects:
  1687 ;;		On entry : 0/0
  1688 ;;		On exit  : 0/0
  1689 ;;		Unchanged: 0/0
  1690 ;; Data sizes:     COMRAM   BANK0   BANK1   BANK2   BANK3   BANK4   BANK5   BANK6   BANK7   BANK8   BANK9  BANK10  BANK1
      +1  BANK12  BANK13  BANK14  BANK15  BANK16  BANK17  BANK18  BANK19  BANK20  BANK21  BANK22  BANK23  BANK24  BANK25  BANK2
      +6  BANK27  BANK28  BANK29  BANK30  BANK31
  1691 ;;      Params:         3       0       0       0       0       0       0       0       0       0       0       0       
      +0       0       0       0       0       0       0       0       0       0       0       0       0       0       0       
      +0       0       0       0       0       0
  1692 ;;      Locals:         6       0       0       0       0       0       0       0       0       0       0       0       
      +0       0       0       0       0       0       0       0       0       0       0       0       0       0       0       
      +0       0       0       0       0       0
  1693 ;;      Temps:          1       0       0       0       0       0       0       0       0       0       0       0       
      +0       0       0       0       0       0       0       0       0       0       0       0       0       0       0       
      +0       0       0       0       0       0
  1694 ;;      Totals:        10       0       0       0       0       0       0       0       0       0       0       0       
      +0       0       0       0       0       0       0       0       0       0       0       0       0       0       0       
      +0       0       0       0       0       0
  1695 ;;Total ram usage:       10 bytes
  1696 ;; Hardware stack levels used: 1
  1697 ;; Hardware stack levels required when called: 3
  1698 ;; This function calls:
  1699 ;;		___lwdiv
  1700 ;;		___lwmod
  1701 ;;		_fputc
  1702 ;; This function is called by:
  1703 ;;		_vfprintf
  1704 ;; This function uses a non-reentrant model
  1705 ;;
  1706                           
  1707                           	psect	text4
  1708   00201A                     __ptext4:
  1709                           	callstack 0
  1710   00201A                     _vfpfcnvrt:
  1711                           	callstack 24
  1712   00201A                     
  1713                           ;/Applications/microchip/xc8/v3.10/pic/sources/c99/common/doprnt.c: 1177: vfpfcnvrt(FILE
      +                           *fp, char *fmt[], va_list ap);/Applications/microchip/xc8/v3.10/pic/sources/c99/common/
      +                          doprnt.c: 1178: {;/Applications/microchip/xc8/v3.10/pic/sources/c99/common/doprnt.c: 117
      +                          9:     char c, *cp;;/Applications/microchip/xc8/v3.10/pic/sources/c99/common/doprnt.c: 1
      +                          180:     _Bool done;;/Applications/microchip/xc8/v3.10/pic/sources/c99/common/doprnt.c: 
      +                          1188:  } convarg;;/Applications/microchip/xc8/v3.10/pic/sources/c99/common/doprnt.c: 120
      +                          1:     if ((*fmt)[0] == '%') {
  1714   00201A  500A               	movf	vfpfcnvrt@fmt^0,w,c
  1715   00201C  6ED9               	movwf	fsr2l,c
  1716   00201E  6ADA               	clrf	fsr2h,c
  1717   002020  006F FF7F FFF6     	movff	indf2,tblptrl
  1718   002026                     	if	1	;There is more than 1 active tblptr byte
  1719   002026  0E20               	movlw	high __smallconst
  1720   002028  6EF7               	movwf	tblptrh,c
  1721   00202A                     	endif
  1722   00202A                     	if	0	;tblptru may be non-zero
  1723   00202A                     	endif
  1724   00202A                     	if	1	;Program memory is > 0xFFFF, there are 3 active tblptr bytes
  1725   00202A  0E00               	movlw	low (__smallconst shr (0+16))
  1726   00202C  6EF8               	movwf	tblptru,c
  1727   00202E                     	endif
  1728   00202E  0008               	tblrd		*
  1729   002030  50F5               	movf	tablat,w,c
  1730   002032  0A25               	xorlw	37
  1731   002034  A4D8               	btfss	status,2,c
  1732   002036  EF1F  F010         	goto	u381
  1733   00203A  EF21  F010         	goto	u380
  1734   00203E                     u381:
  1735   00203E  EFB8  F010         	goto	l1425
  1736   002042                     u380:
  1737   002042                     
  1738                           ;/Applications/microchip/xc8/v3.10/pic/sources/c99/common/doprnt.c: 1202:         ++*fmt
      +                          ;
  1739   002042  500A               	movf	vfpfcnvrt@fmt^0,w,c
  1740   002044  6ED9               	movwf	fsr2l,c
  1741   002046  6ADA               	clrf	fsr2h,c
  1742   002048  2ADF               	incf	indf2,f,c
  1743   00204A                     
  1744                           ;/Applications/microchip/xc8/v3.10/pic/sources/c99/common/doprnt.c: 1204:         flags 
      +                          = width = 0;
  1745   00204A  6A33               	clrf	(_width+1)^0,c
  1746   00204C  0E00               	movlw	0
  1747   00204E  6E32               	movwf	_width^0,c
  1748   002050  C032  F03C         	movff	_width,_flags
  1749   002054                     
  1750                           ;/Applications/microchip/xc8/v3.10/pic/sources/c99/common/doprnt.c: 1205:         prec =
      +                           -1;
  1751   002054  6834               	setf	_prec^0,c
  1752   002056  6835               	setf	(_prec+1)^0,c
  1753   002058                     
  1754                           ;/Applications/microchip/xc8/v3.10/pic/sources/c99/common/doprnt.c: 1439:   if (0
  1755   002058  500A               	movf	vfpfcnvrt@fmt^0,w,c
  1756   00205A  6ED9               	movwf	fsr2l,c
  1757   00205C  6ADA               	clrf	fsr2h,c
  1758   00205E  50DF               	movf	indf2,w,c
  1759   002060  6E11               	movwf	vfpfcnvrt@cp^0,c
  1760   002062  0060  F047  FFF6   	movff	vfpfcnvrt@cp,tblptrl
  1761   002068                     	if	1	;There is more than 1 active tblptr byte
  1762   002068  0E20               	movlw	high __smallconst
  1763   00206A  6EF7               	movwf	tblptrh,c
  1764   00206C                     	endif
  1765   00206C                     	if	0	;tblptru may be non-zero
  1766   00206C                     	endif
  1767   00206C                     	if	1	;Program memory is > 0xFFFF, there are 3 active tblptr bytes
  1768   00206C  0E00               	movlw	low (__smallconst shr (0+16))
  1769   00206E  6EF8               	movwf	tblptru,c
  1770   002070                     	endif
  1771   002070  0008               	tblrd		*
  1772   002072  50F5               	movf	tablat,w,c
  1773   002074  0A75               	xorlw	117
  1774   002076  A4D8               	btfss	status,2,c
  1775   002078  EF40  F010         	goto	u391
  1776   00207C  EF42  F010         	goto	u390
  1777   002080                     u391:
  1778   002080  EFB2  F010         	goto	l1421
  1779   002084                     u390:
  1780   002084                     
  1781                           ;/Applications/microchip/xc8/v3.10/pic/sources/c99/common/doprnt.c: 1452:     ) {;/Appli
      +                          cations/microchip/xc8/v3.10/pic/sources/c99/common/doprnt.c: 1495:    convarg.uint = (vf
      +                          pf_uint_t)(unsigned int)(*(unsigned int *)__va_arg(*(unsigned int **)ap, (unsigned int)0
      +                          ));
  1782   002084  500B               	movf	vfpfcnvrt@ap^0,w,c
  1783   002086  6ED9               	movwf	fsr2l,c
  1784   002088  6ADA               	clrf	fsr2h,c
  1785   00208A  0E02               	movlw	2
  1786   00208C  26DF               	addwf	indf2,f,c
  1787   00208E  5CDF               	subwf	indf2,w,c
  1788   002090  6ED9               	movwf	fsr2l,c
  1789   002092  6ADA               	clrf	fsr2h,c
  1790   002094  006F FF78  F00D    	movff	postinc2,vfpfcnvrt@convarg
  1791   00209A  006F FF78  F00E    	movff	postinc2,vfpfcnvrt@convarg+1
  1792   0020A0                     
  1793                           ;/Applications/microchip/xc8/v3.10/pic/sources/c99/common/doprnt.c: 1497:    *fmt = cp+1
      +                          ;
  1794   0020A0  500A               	movf	vfpfcnvrt@fmt^0,w,c
  1795   0020A2  6ED9               	movwf	fsr2l,c
  1796   0020A4  6ADA               	clrf	fsr2h,c
  1797   0020A6  2811               	incf	vfpfcnvrt@cp^0,w,c
  1798   0020A8  6EDF               	movwf	indf2,c
  1799                           
  1800                           ;/Applications/microchip/xc8/v3.10/pic/sources/c99/common/doprnt.c: 1498:    switch (*cp
      +                          ) {
  1801   0020AA  EFA3  F010         	goto	l1419
  1802   0020AE                     l1401:
  1803                           
  1804                           ;/Applications/microchip/xc8/v3.10/pic/sources/c99/common/doprnt.c: 1525:      c = sizeo
      +                          f(dbuf);
  1805   0020AE  0E20               	movlw	32
  1806   0020B0  6E12               	movwf	vfpfcnvrt@c^0,c
  1807   0020B2                     l1403:
  1808                           
  1809                           ;/Applications/microchip/xc8/v3.10/pic/sources/c99/common/doprnt.c: 1527:       dbuf[--c
      +                          ] = (convarg.uint % 10) + '0';
  1810   0020B2  0612               	decf	vfpfcnvrt@c^0,f,c
  1811   0020B4  5012               	movf	vfpfcnvrt@c^0,w,c
  1812   0020B6  0F60               	addlw	low _dbuf
  1813   0020B8  6ED9               	movwf	fsr2l,c
  1814   0020BA  6ADA               	clrf	fsr2h,c
  1815   0020BC  C00D  F001         	movff	vfpfcnvrt@convarg,___lwmod@dividend
  1816   0020C0  C00E  F002         	movff	vfpfcnvrt@convarg+1,___lwmod@dividend+1
  1817   0020C4  6A04               	clrf	(___lwmod@divisor+1)^0,c
  1818   0020C6  0E0A               	movlw	10
  1819   0020C8  6E03               	movwf	___lwmod@divisor^0,c
  1820   0020CA  EC5F  F012         	call	___lwmod	;wreg free
  1821   0020CE  5001               	movf	?___lwmod^0,w,c
  1822   0020D0  0F30               	addlw	48
  1823   0020D2  6EDF               	movwf	indf2,c
  1824   0020D4                     
  1825                           ;/Applications/microchip/xc8/v3.10/pic/sources/c99/common/doprnt.c: 1528:       convarg.
      +                          uint /= 10;
  1826   0020D4  C00D  F001         	movff	vfpfcnvrt@convarg,___lwdiv@dividend
  1827   0020D8  C00E  F002         	movff	vfpfcnvrt@convarg+1,___lwdiv@dividend+1
  1828   0020DC  6A04               	clrf	(___lwdiv@divisor+1)^0,c
  1829   0020DE  0E0A               	movlw	10
  1830   0020E0  6E03               	movwf	___lwdiv@divisor^0,c
  1831   0020E2  EC26  F012         	call	___lwdiv	;wreg free
  1832   0020E6  C001  F00D         	movff	?___lwdiv,vfpfcnvrt@convarg
  1833   0020EA  C002  F00E         	movff	?___lwdiv+1,vfpfcnvrt@convarg+1
  1834   0020EE                     
  1835                           ;/Applications/microchip/xc8/v3.10/pic/sources/c99/common/doprnt.c: 1532:      } while (
      +                          convarg.uint != 0 && c != 0);
  1836   0020EE  500D               	movf	vfpfcnvrt@convarg^0,w,c
  1837   0020F0  100E               	iorwf	(vfpfcnvrt@convarg+1)^0,w,c
  1838   0020F2  B4D8               	btfsc	status,2,c
  1839   0020F4  EF7E  F010         	goto	u401
  1840   0020F8  EF80  F010         	goto	u400
  1841   0020FC                     u401:
  1842   0020FC  EF98  F010         	goto	l1415
  1843   002100                     u400:
  1844   002100  5012               	movf	vfpfcnvrt@c^0,w,c
  1845   002102  A4D8               	btfss	status,2,c
  1846   002104  EF86  F010         	goto	u411
  1847   002108  EF88  F010         	goto	u410
  1848   00210C                     u411:
  1849   00210C  EF59  F010         	goto	l1403
  1850   002110                     u410:
  1851   002110  EF98  F010         	goto	l1415
  1852   002114                     l1411:
  1853                           
  1854                           ;/Applications/microchip/xc8/v3.10/pic/sources/c99/common/doprnt.c: 1534:       fputc(db
      +                          uf[c++], fp);
  1855   002114  5012               	movf	vfpfcnvrt@c^0,w,c
  1856   002116  0F60               	addlw	low _dbuf
  1857   002118  6ED9               	movwf	fsr2l,c
  1858   00211A  6ADA               	clrf	fsr2h,c
  1859   00211C  50DF               	movf	indf2,w,c
  1860   00211E  6E0C               	movwf	??_vfpfcnvrt^0,c
  1861   002120  500C               	movf	??_vfpfcnvrt^0,w,c
  1862   002122  6E01               	movwf	fputc@c^0,c
  1863   002124  6A02               	clrf	(fputc@c+1)^0,c
  1864   002126  C009  F003         	movff	vfpfcnvrt@fp,fputc@fp
  1865   00212A  EC92  F011         	call	_fputc	;wreg free
  1866   00212E  2A12               	incf	vfpfcnvrt@c^0,f,c
  1867   002130                     l1415:
  1868                           
  1869                           ;/Applications/microchip/xc8/v3.10/pic/sources/c99/common/doprnt.c: 1533:      while (c 
      +                          != sizeof(dbuf)) {
  1870   002130  0E20               	movlw	32
  1871   002132  1812               	xorwf	vfpfcnvrt@c^0,w,c
  1872   002134  A4D8               	btfss	status,2,c
  1873   002136  EF9F  F010         	goto	u421
  1874   00213A  EFA1  F010         	goto	u420
  1875   00213E                     u421:
  1876   00213E  EF8A  F010         	goto	l1411
  1877   002142                     u420:
  1878   002142  EFCC  F010         	goto	l991
  1879   002146                     l1419:
  1880   002146  0060  F047  FFF6   	movff	vfpfcnvrt@cp,tblptrl
  1881   00214C                     	if	1	;There is more than 1 active tblptr byte
  1882   00214C  0E20               	movlw	high __smallconst
  1883   00214E  6EF7               	movwf	tblptrh,c
  1884   002150                     	endif
  1885   002150                     	if	0	;tblptru may be non-zero
  1886   002150                     	endif
  1887   002150                     	if	1	;Program memory is > 0xFFFF, there are 3 active tblptr bytes
  1888   002150  0E00               	movlw	low (__smallconst shr (0+16))
  1889   002152  6EF8               	movwf	tblptru,c
  1890   002154                     	endif
  1891   002154  0008               	tblrd		*
  1892   002156  50F5               	movf	tablat,w,c
  1893                           
  1894                           ; Switch size 1, requested type "simple"
  1895                           ; Number of cases is 1, Range of values is 117 to 117
  1896                           ; switch strategies available:
  1897                           ; Name         Instructions Cycles
  1898                           ; simple_byte            4     3 (average)
  1899                           ;	Chosen strategy is simple_byte
  1900   002158  0A75               	xorlw	117	; case 117
  1901   00215A  B4D8               	btfsc	status,2,c
  1902   00215C  EF57  F010         	goto	l1401
  1903   002160  EFB2  F010         	goto	l1421
  1904   002164                     l1421:
  1905                           
  1906                           ;/Applications/microchip/xc8/v3.10/pic/sources/c99/common/doprnt.c: 1806:         ++*fmt
      +                          ;
  1907   002164  500A               	movf	vfpfcnvrt@fmt^0,w,c
  1908   002166  6ED9               	movwf	fsr2l,c
  1909   002168  6ADA               	clrf	fsr2h,c
  1910   00216A  2ADF               	incf	indf2,f,c
  1911   00216C  EFCC  F010         	goto	l991
  1912   002170                     l1425:
  1913                           
  1914                           ;/Applications/microchip/xc8/v3.10/pic/sources/c99/common/doprnt.c: 1811:     fputc((int
      +                          )(*fmt)[0], fp);
  1915   002170  500A               	movf	vfpfcnvrt@fmt^0,w,c
  1916   002172  6ED9               	movwf	fsr2l,c
  1917   002174  6ADA               	clrf	fsr2h,c
  1918   002176  006F FF7F FFF6     	movff	indf2,tblptrl
  1919   00217C                     	if	1	;There is more than 1 active tblptr byte
  1920   00217C  0E20               	movlw	high __smallconst
  1921   00217E  6EF7               	movwf	tblptrh,c
  1922   002180                     	endif
  1923   002180                     	if	0	;tblptru may be non-zero
  1924   002180                     	endif
  1925   002180                     	if	1	;Program memory is > 0xFFFF, there are 3 active tblptr bytes
  1926   002180  0E00               	movlw	low (__smallconst shr (0+16))
  1927   002182  6EF8               	movwf	tblptru,c
  1928   002184                     	endif
  1929   002184  0008               	tblrd		*
  1930   002186  50F5               	movf	tablat,w,c
  1931   002188  6E01               	movwf	fputc@c^0,c
  1932   00218A  6A02               	clrf	(fputc@c+1)^0,c
  1933   00218C  C009  F003         	movff	vfpfcnvrt@fp,fputc@fp
  1934   002190  EC92  F011         	call	_fputc	;wreg free
  1935   002194  EFB2  F010         	goto	l1421
  1936   002198                     l991:
  1937   002198  0012               	return		;funcret
  1938   00219A                     __end_of_vfpfcnvrt:
  1939                           	callstack 0
  1940                           
  1941 ;; *************** function _fputc *****************
  1942 ;; Defined at:
  1943 ;;		line 8 in file "/Applications/microchip/xc8/v3.10/pic/sources/c99/common/nf_fputc.c"
  1944 ;; Parameters:    Size  Location     Type
  1945 ;;  c               2    0[COMRAM] int 
  1946 ;;  fp              1    2[COMRAM] PTR struct _IO_FILE
  1947 ;;		 -> sprintf@f(11), 
  1948 ;; Auto vars:     Size  Location     Type
  1949 ;;		None
  1950 ;; Return value:  Size  Location     Type
  1951 ;;                  2    0[COMRAM] int 
  1952 ;; Registers used:
  1953 ;;		wreg, fsr1l, fsr1h, fsr2l, fsr2h, status,2, status,0, cstack
  1954 ;; Tracked objects:
  1955 ;;		On entry : 0/0
  1956 ;;		On exit  : 0/0
  1957 ;;		Unchanged: 0/0
  1958 ;; Data sizes:     COMRAM   BANK0   BANK1   BANK2   BANK3   BANK4   BANK5   BANK6   BANK7   BANK8   BANK9  BANK10  BANK1
      +1  BANK12  BANK13  BANK14  BANK15  BANK16  BANK17  BANK18  BANK19  BANK20  BANK21  BANK22  BANK23  BANK24  BANK25  BANK2
      +6  BANK27  BANK28  BANK29  BANK30  BANK31
  1959 ;;      Params:         3       0       0       0       0       0       0       0       0       0       0       0       
      +0       0       0       0       0       0       0       0       0       0       0       0       0       0       0       
      +0       0       0       0       0       0
  1960 ;;      Locals:         0       0       0       0       0       0       0       0       0       0       0       0       
      +0       0       0       0       0       0       0       0       0       0       0       0       0       0       0       
      +0       0       0       0       0       0
  1961 ;;      Temps:          5       0       0       0       0       0       0       0       0       0       0       0       
      +0       0       0       0       0       0       0       0       0       0       0       0       0       0       0       
      +0       0       0       0       0       0
  1962 ;;      Totals:         8       0       0       0       0       0       0       0       0       0       0       0       
      +0       0       0       0       0       0       0       0       0       0       0       0       0       0       0       
      +0       0       0       0       0       0
  1963 ;;Total ram usage:        8 bytes
  1964 ;; Hardware stack levels used: 1
  1965 ;; Hardware stack levels required when called: 2
  1966 ;; This function calls:
  1967 ;;		_putch
  1968 ;; This function is called by:
  1969 ;;		_vfpfcnvrt
  1970 ;; This function uses a non-reentrant model
  1971 ;;
  1972                           
  1973                           	psect	text5
  1974   002324                     __ptext5:
  1975                           	callstack 0
  1976   002324                     _fputc:
  1977                           	callstack 24
  1978   002324  5003               	movf	fputc@fp^0,w,c
  1979   002326  B4D8               	btfsc	status,2,c
  1980   002328  EF98  F011         	goto	u341
  1981   00232C  EF9A  F011         	goto	u340
  1982   002330                     u341:
  1983   002330  EFA2  F011         	goto	l1375
  1984   002334                     u340:
  1985   002334  5003               	movf	fputc@fp^0,w,c
  1986   002336  A4D8               	btfss	status,2,c
  1987   002338  EFA0  F011         	goto	u351
  1988   00233C  EFA2  F011         	goto	u350
  1989   002340                     u351:
  1990   002340  EFA7  F011         	goto	l1377
  1991   002344                     u350:
  1992   002344                     l1375:
  1993   002344  5001               	movf	fputc@c^0,w,c
  1994   002346  ECD7  F013         	call	_putch
  1995   00234A  EFE7  F011         	goto	l1010
  1996   00234E                     l1377:
  1997   00234E  5003               	movf	fputc@fp^0,w,c
  1998   002350  6ED9               	movwf	fsr2l,c
  1999   002352  6ADA               	clrf	fsr2h,c
  2000   002354  0E09               	movlw	9
  2001   002356  26D9               	addwf	fsr2l,f,c
  2002   002358  50DE               	movf	postinc2,w,c
  2003   00235A  10DE               	iorwf	postinc2,w,c
  2004   00235C  B4D8               	btfsc	status,2,c
  2005   00235E  EFB3  F011         	goto	u361
  2006   002362  EFB5  F011         	goto	u360
  2007   002366                     u361:
  2008   002366  EFCE  F011         	goto	l1381
  2009   00236A                     u360:
  2010   00236A  5003               	movf	fputc@fp^0,w,c
  2011   00236C  6ED9               	movwf	fsr2l,c
  2012   00236E  6ADA               	clrf	fsr2h,c
  2013   002370  0E09               	movlw	9
  2014   002372  26D9               	addwf	fsr2l,f,c
  2015   002374  5003               	movf	fputc@fp^0,w,c
  2016   002376  6EE1               	movwf	fsr1l,c
  2017   002378  6AE2               	clrf	fsr1h,c
  2018   00237A  0E02               	movlw	2
  2019   00237C  26E1               	addwf	fsr1l,f,c
  2020   00237E  50DE               	movf	postinc2,w,c
  2021   002380  5CE6               	subwf	postinc1,w,c
  2022   002382  50E6               	movf	postinc1,w,c
  2023   002384  0A80               	xorlw	128
  2024   002386  6E08               	movwf	(??_fputc+4)^0,c
  2025   002388  50DE               	movf	postinc2,w,c
  2026   00238A  0A80               	xorlw	128
  2027   00238C  5808               	subwfb	(??_fputc+4)^0,w,c
  2028   00238E  B0D8               	btfsc	status,0,c
  2029   002390  EFCC  F011         	goto	u371
  2030   002394  EFCE  F011         	goto	u370
  2031   002398                     u371:
  2032   002398  EFE7  F011         	goto	l1010
  2033   00239C                     u370:
  2034   00239C                     l1381:
  2035   00239C  5003               	movf	fputc@fp^0,w,c
  2036   00239E  6ED9               	movwf	fsr2l,c
  2037   0023A0  6ADA               	clrf	fsr2h,c
  2038   0023A2  0E02               	movlw	2
  2039   0023A4  26D9               	addwf	fsr2l,f,c
  2040   0023A6  50DF               	movf	indf2,w,c
  2041   0023A8  6E04               	movwf	??_fputc^0,c
  2042   0023AA  5003               	movf	fputc@fp^0,w,c
  2043   0023AC  6ED9               	movwf	fsr2l,c
  2044   0023AE  6ADA               	clrf	fsr2h,c
  2045   0023B0  50DF               	movf	indf2,w,c
  2046   0023B2  2404               	addwf	??_fputc^0,w,c
  2047   0023B4  6ED9               	movwf	fsr2l,c
  2048   0023B6  6ADA               	clrf	fsr2h,c
  2049   0023B8  0060  F007  FFDF   	movff	fputc@c,indf2
  2050   0023BE  5003               	movf	fputc@fp^0,w,c
  2051   0023C0  6ED9               	movwf	fsr2l,c
  2052   0023C2  6ADA               	clrf	fsr2h,c
  2053   0023C4  0E02               	movlw	2
  2054   0023C6  26D9               	addwf	fsr2l,f,c
  2055   0023C8  2ADE               	incf	postinc2,f,c
  2056   0023CA  0E00               	movlw	0
  2057   0023CC  22DD               	addwfc	postdec2,f,c
  2058   0023CE                     l1010:
  2059   0023CE  0012               	return		;funcret
  2060   0023D0                     __end_of_fputc:
  2061                           	callstack 0
  2062                           
  2063 ;; *************** function _putch *****************
  2064 ;; Defined at:
  2065 ;;		line 7 in file "/Applications/microchip/xc8/v3.10/pic/sources/c99/common/putch.c"
  2066 ;; Parameters:    Size  Location     Type
  2067 ;;  c               1    wreg     unsigned char 
  2068 ;; Auto vars:     Size  Location     Type
  2069 ;;  c               1    0[COMRAM] unsigned char 
  2070 ;; Return value:  Size  Location     Type
  2071 ;;                  1    wreg      void 
  2072 ;; Registers used:
  2073 ;;		wreg
  2074 ;; Tracked objects:
  2075 ;;		On entry : 0/0
  2076 ;;		On exit  : 0/0
  2077 ;;		Unchanged: 0/0
  2078 ;; Data sizes:     COMRAM   BANK0   BANK1   BANK2   BANK3   BANK4   BANK5   BANK6   BANK7   BANK8   BANK9  BANK10  BANK1
      +1  BANK12  BANK13  BANK14  BANK15  BANK16  BANK17  BANK18  BANK19  BANK20  BANK21  BANK22  BANK23  BANK24  BANK25  BANK2
      +6  BANK27  BANK28  BANK29  BANK30  BANK31
  2079 ;;      Params:         0       0       0       0       0       0       0       0       0       0       0       0       
      +0       0       0       0       0       0       0       0       0       0       0       0       0       0       0       
      +0       0       0       0       0       0
  2080 ;;      Locals:         0       0       0       0       0       0       0       0       0       0       0       0       
      +0       0       0       0       0       0       0       0       0       0       0       0       0       0       0       
      +0       0       0       0       0       0
  2081 ;;      Temps:          0       0       0       0       0       0       0       0       0       0       0       0       
      +0       0       0       0       0       0       0       0       0       0       0       0       0       0       0       
      +0       0       0       0       0       0
  2082 ;;      Totals:         0       0       0       0       0       0       0       0       0       0       0       0       
      +0       0       0       0       0       0       0       0       0       0       0       0       0       0       0       
      +0       0       0       0       0       0
  2083 ;;Total ram usage:        0 bytes
  2084 ;; Hardware stack levels used: 1
  2085 ;; Hardware stack levels required when called: 1
  2086 ;; This function calls:
  2087 ;;		Nothing
  2088 ;; This function is called by:
  2089 ;;		_fputc
  2090 ;; This function uses a non-reentrant model
  2091 ;;
  2092                           
  2093                           	psect	text6
  2094   0027AE                     __ptext6:
  2095                           	callstack 0
  2096   0027AE                     _putch:
  2097                           	callstack 24
  2098   0027AE  0012               	return		;funcret
  2099   0027B0                     __end_of_putch:
  2100                           	callstack 0
  2101                           
  2102 ;; *************** function ___lwmod *****************
  2103 ;; Defined at:
  2104 ;;		line 7 in file "/Applications/microchip/xc8/v3.10/pic/sources/c99/common/lwmod.c"
  2105 ;; Parameters:    Size  Location     Type
  2106 ;;  dividend        2    0[COMRAM] unsigned int 
  2107 ;;  divisor         2    2[COMRAM] unsigned int 
  2108 ;; Auto vars:     Size  Location     Type
  2109 ;;  counter         1    4[COMRAM] unsigned char 
  2110 ;; Return value:  Size  Location     Type
  2111 ;;                  2    0[COMRAM] unsigned int 
  2112 ;; Registers used:
  2113 ;;		wreg, status,2, status,0
  2114 ;; Tracked objects:
  2115 ;;		On entry : 0/0
  2116 ;;		On exit  : 0/0
  2117 ;;		Unchanged: 0/0
  2118 ;; Data sizes:     COMRAM   BANK0   BANK1   BANK2   BANK3   BANK4   BANK5   BANK6   BANK7   BANK8   BANK9  BANK10  BANK1
      +1  BANK12  BANK13  BANK14  BANK15  BANK16  BANK17  BANK18  BANK19  BANK20  BANK21  BANK22  BANK23  BANK24  BANK25  BANK2
      +6  BANK27  BANK28  BANK29  BANK30  BANK31
  2119 ;;      Params:         4       0       0       0       0       0       0       0       0       0       0       0       
      +0       0       0       0       0       0       0       0       0       0       0       0       0       0       0       
      +0       0       0       0       0       0
  2120 ;;      Locals:         1       0       0       0       0       0       0       0       0       0       0       0       
      +0       0       0       0       0       0       0       0       0       0       0       0       0       0       0       
      +0       0       0       0       0       0
  2121 ;;      Temps:          0       0       0       0       0       0       0       0       0       0       0       0       
      +0       0       0       0       0       0       0       0       0       0       0       0       0       0       0       
      +0       0       0       0       0       0
  2122 ;;      Totals:         5       0       0       0       0       0       0       0       0       0       0       0       
      +0       0       0       0       0       0       0       0       0       0       0       0       0       0       0       
      +0       0       0       0       0       0
  2123 ;;Total ram usage:        5 bytes
  2124 ;; Hardware stack levels used: 1
  2125 ;; Hardware stack levels required when called: 1
  2126 ;; This function calls:
  2127 ;;		Nothing
  2128 ;; This function is called by:
  2129 ;;		_vfpfcnvrt
  2130 ;; This function uses a non-reentrant model
  2131 ;;
  2132                           
  2133                           	psect	text7
  2134   0024BE                     __ptext7:
  2135                           	callstack 0
  2136   0024BE                     ___lwmod:
  2137                           	callstack 25
  2138   0024BE  5003               	movf	___lwmod@divisor^0,w,c
  2139   0024C0  1004               	iorwf	(___lwmod@divisor+1)^0,w,c
  2140   0024C2  B4D8               	btfsc	status,2,c
  2141   0024C4  EF66  F012         	goto	u311
  2142   0024C8  EF68  F012         	goto	u310
  2143   0024CC                     u311:
  2144   0024CC  EF8C  F012         	goto	l770
  2145   0024D0                     u310:
  2146   0024D0  0E01               	movlw	1
  2147   0024D2  6E05               	movwf	___lwmod@counter^0,c
  2148   0024D4  EF70  F012         	goto	l1361
  2149   0024D8                     l1359:
  2150   0024D8  90D8               	bcf	status,0,c
  2151   0024DA  3603               	rlcf	___lwmod@divisor^0,f,c
  2152   0024DC  3604               	rlcf	(___lwmod@divisor+1)^0,f,c
  2153   0024DE  2A05               	incf	___lwmod@counter^0,f,c
  2154   0024E0                     l1361:
  2155   0024E0  AE04               	btfss	(___lwmod@divisor+1)^0,7,c
  2156   0024E2  EF75  F012         	goto	u321
  2157   0024E6  EF77  F012         	goto	u320
  2158   0024EA                     u321:
  2159   0024EA  EF6C  F012         	goto	l1359
  2160   0024EE                     u320:
  2161   0024EE                     l1363:
  2162   0024EE  5003               	movf	___lwmod@divisor^0,w,c
  2163   0024F0  5C01               	subwf	___lwmod@dividend^0,w,c
  2164   0024F2  5004               	movf	(___lwmod@divisor+1)^0,w,c
  2165   0024F4  5802               	subwfb	(___lwmod@dividend+1)^0,w,c
  2166   0024F6  A0D8               	btfss	status,0,c
  2167   0024F8  EF80  F012         	goto	u331
  2168   0024FC  EF82  F012         	goto	u330
  2169   002500                     u331:
  2170   002500  EF86  F012         	goto	l1367
  2171   002504                     u330:
  2172   002504  5003               	movf	___lwmod@divisor^0,w,c
  2173   002506  5E01               	subwf	___lwmod@dividend^0,f,c
  2174   002508  5004               	movf	(___lwmod@divisor+1)^0,w,c
  2175   00250A  5A02               	subwfb	(___lwmod@dividend+1)^0,f,c
  2176   00250C                     l1367:
  2177   00250C  90D8               	bcf	status,0,c
  2178   00250E  3204               	rrcf	(___lwmod@divisor+1)^0,f,c
  2179   002510  3203               	rrcf	___lwmod@divisor^0,f,c
  2180   002512  2E05               	decfsz	___lwmod@counter^0,f,c
  2181   002514  EF77  F012         	goto	l1363
  2182   002518                     l770:
  2183   002518  C001  F001         	movff	___lwmod@dividend,?___lwmod
  2184   00251C  C002  F002         	movff	___lwmod@dividend+1,?___lwmod+1
  2185   002520  0012               	return		;funcret
  2186   002522                     __end_of___lwmod:
  2187                           	callstack 0
  2188                           
  2189 ;; *************** function ___lwdiv *****************
  2190 ;; Defined at:
  2191 ;;		line 7 in file "/Applications/microchip/xc8/v3.10/pic/sources/c99/common/lwdiv.c"
  2192 ;; Parameters:    Size  Location     Type
  2193 ;;  dividend        2    0[COMRAM] unsigned int 
  2194 ;;  divisor         2    2[COMRAM] unsigned int 
  2195 ;; Auto vars:     Size  Location     Type
  2196 ;;  quotient        2    4[COMRAM] unsigned int 
  2197 ;;  counter         1    6[COMRAM] unsigned char 
  2198 ;; Return value:  Size  Location     Type
  2199 ;;                  2    0[COMRAM] unsigned int 
  2200 ;; Registers used:
  2201 ;;		wreg, status,2, status,0
  2202 ;; Tracked objects:
  2203 ;;		On entry : 0/0
  2204 ;;		On exit  : 0/0
  2205 ;;		Unchanged: 0/0
  2206 ;; Data sizes:     COMRAM   BANK0   BANK1   BANK2   BANK3   BANK4   BANK5   BANK6   BANK7   BANK8   BANK9  BANK10  BANK1
      +1  BANK12  BANK13  BANK14  BANK15  BANK16  BANK17  BANK18  BANK19  BANK20  BANK21  BANK22  BANK23  BANK24  BANK25  BANK2
      +6  BANK27  BANK28  BANK29  BANK30  BANK31
  2207 ;;      Params:         4       0       0       0       0       0       0       0       0       0       0       0       
      +0       0       0       0       0       0       0       0       0       0       0       0       0       0       0       
      +0       0       0       0       0       0
  2208 ;;      Locals:         3       0       0       0       0       0       0       0       0       0       0       0       
      +0       0       0       0       0       0       0       0       0       0       0       0       0       0       0       
      +0       0       0       0       0       0
  2209 ;;      Temps:          0       0       0       0       0       0       0       0       0       0       0       0       
      +0       0       0       0       0       0       0       0       0       0       0       0       0       0       0       
      +0       0       0       0       0       0
  2210 ;;      Totals:         7       0       0       0       0       0       0       0       0       0       0       0       
      +0       0       0       0       0       0       0       0       0       0       0       0       0       0       0       
      +0       0       0       0       0       0
  2211 ;;Total ram usage:        7 bytes
  2212 ;; Hardware stack levels used: 1
  2213 ;; Hardware stack levels required when called: 1
  2214 ;; This function calls:
  2215 ;;		Nothing
  2216 ;; This function is called by:
  2217 ;;		_vfpfcnvrt
  2218 ;; This function uses a non-reentrant model
  2219 ;;
  2220                           
  2221                           	psect	text8
  2222   00244C                     __ptext8:
  2223                           	callstack 0
  2224   00244C                     ___lwdiv:
  2225                           	callstack 25
  2226   00244C  6A06               	clrf	(___lwdiv@quotient+1)^0,c
  2227   00244E  0E00               	movlw	0
  2228   002450  6E05               	movwf	___lwdiv@quotient^0,c
  2229   002452  5003               	movf	___lwdiv@divisor^0,w,c
  2230   002454  1004               	iorwf	(___lwdiv@divisor+1)^0,w,c
  2231   002456  B4D8               	btfsc	status,2,c
  2232   002458  EF30  F012         	goto	u281
  2233   00245C  EF32  F012         	goto	u280
  2234   002460                     u281:
  2235   002460  EF5A  F012         	goto	l760
  2236   002464                     u280:
  2237   002464  0E01               	movlw	1
  2238   002466  6E07               	movwf	___lwdiv@counter^0,c
  2239   002468  EF3A  F012         	goto	l1341
  2240   00246C                     l1339:
  2241   00246C  90D8               	bcf	status,0,c
  2242   00246E  3603               	rlcf	___lwdiv@divisor^0,f,c
  2243   002470  3604               	rlcf	(___lwdiv@divisor+1)^0,f,c
  2244   002472  2A07               	incf	___lwdiv@counter^0,f,c
  2245   002474                     l1341:
  2246   002474  AE04               	btfss	(___lwdiv@divisor+1)^0,7,c
  2247   002476  EF3F  F012         	goto	u291
  2248   00247A  EF41  F012         	goto	u290
  2249   00247E                     u291:
  2250   00247E  EF36  F012         	goto	l1339
  2251   002482                     u290:
  2252   002482                     l1343:
  2253   002482  90D8               	bcf	status,0,c
  2254   002484  3605               	rlcf	___lwdiv@quotient^0,f,c
  2255   002486  3606               	rlcf	(___lwdiv@quotient+1)^0,f,c
  2256   002488  5003               	movf	___lwdiv@divisor^0,w,c
  2257   00248A  5C01               	subwf	___lwdiv@dividend^0,w,c
  2258   00248C  5004               	movf	(___lwdiv@divisor+1)^0,w,c
  2259   00248E  5802               	subwfb	(___lwdiv@dividend+1)^0,w,c
  2260   002490  A0D8               	btfss	status,0,c
  2261   002492  EF4D  F012         	goto	u301
  2262   002496  EF4F  F012         	goto	u300
  2263   00249A                     u301:
  2264   00249A  EF54  F012         	goto	l1351
  2265   00249E                     u300:
  2266   00249E  5003               	movf	___lwdiv@divisor^0,w,c
  2267   0024A0  5E01               	subwf	___lwdiv@dividend^0,f,c
  2268   0024A2  5004               	movf	(___lwdiv@divisor+1)^0,w,c
  2269   0024A4  5A02               	subwfb	(___lwdiv@dividend+1)^0,f,c
  2270   0024A6  8005               	bsf	___lwdiv@quotient^0,0,c
  2271   0024A8                     l1351:
  2272   0024A8  90D8               	bcf	status,0,c
  2273   0024AA  3204               	rrcf	(___lwdiv@divisor+1)^0,f,c
  2274   0024AC  3203               	rrcf	___lwdiv@divisor^0,f,c
  2275   0024AE  2E07               	decfsz	___lwdiv@counter^0,f,c
  2276   0024B0  EF41  F012         	goto	l1343
  2277   0024B4                     l760:
  2278   0024B4  C005  F001         	movff	___lwdiv@quotient,?___lwdiv
  2279   0024B8  C006  F002         	movff	___lwdiv@quotient+1,?___lwdiv+1
  2280   0024BC  0012               	return		;funcret
  2281   0024BE                     __end_of___lwdiv:
  2282                           	callstack 0
  2283                           
  2284 ;; *************** function _Step_Detection *****************
  2285 ;; Defined at:
  2286 ;;		line 236 in file "main.c"
  2287 ;; Parameters:    Size  Location     Type
  2288 ;;  x_val           2    4[COMRAM] unsigned int 
  2289 ;;  y_val           2    6[COMRAM] unsigned int 
  2290 ;; Auto vars:     Size  Location     Type
  2291 ;;  movement        2   10[COMRAM] unsigned int 
  2292 ;; Return value:  Size  Location     Type
  2293 ;;                  2    4[COMRAM] unsigned int 
  2294 ;; Registers used:
  2295 ;;		wreg, status,2, status,0, cstack
  2296 ;; Tracked objects:
  2297 ;;		On entry : 0/0
  2298 ;;		On exit  : 0/0
  2299 ;;		Unchanged: 0/0
  2300 ;; Data sizes:     COMRAM   BANK0   BANK1   BANK2   BANK3   BANK4   BANK5   BANK6   BANK7   BANK8   BANK9  BANK10  BANK1
      +1  BANK12  BANK13  BANK14  BANK15  BANK16  BANK17  BANK18  BANK19  BANK20  BANK21  BANK22  BANK23  BANK24  BANK25  BANK2
      +6  BANK27  BANK28  BANK29  BANK30  BANK31
  2301 ;;      Params:         4       0       0       0       0       0       0       0       0       0       0       0       
      +0       0       0       0       0       0       0       0       0       0       0       0       0       0       0       
      +0       0       0       0       0       0
  2302 ;;      Locals:         2       0       0       0       0       0       0       0       0       0       0       0       
      +0       0       0       0       0       0       0       0       0       0       0       0       0       0       0       
      +0       0       0       0       0       0
  2303 ;;      Temps:          2       0       0       0       0       0       0       0       0       0       0       0       
      +0       0       0       0       0       0       0       0       0       0       0       0       0       0       0       
      +0       0       0       0       0       0
  2304 ;;      Totals:         8       0       0       0       0       0       0       0       0       0       0       0       
      +0       0       0       0       0       0       0       0       0       0       0       0       0       0       0       
      +0       0       0       0       0       0
  2305 ;;Total ram usage:        8 bytes
  2306 ;; Hardware stack levels used: 1
  2307 ;; Hardware stack levels required when called: 2
  2308 ;; This function calls:
  2309 ;;		_abs
  2310 ;; This function is called by:
  2311 ;;		_LCD_Print_Status
  2312 ;; This function uses a non-reentrant model
  2313 ;;
  2314                           
  2315                           	psect	text9
  2316   002522                     __ptext9:
  2317                           	callstack 0
  2318   002522                     _Step_Detection:
  2319                           	callstack 27
  2320   002522                     
  2321                           ;main.c: 236: unsigned int Step_Detection(unsigned int x_val, unsigned int y_val);main.c
      +                          : 237: {;main.c: 238:     static unsigned int prev_x = 0;;main.c: 239:     static unsign
      +                          ed int prev_y = 0;;main.c: 241:     unsigned int movement;;main.c: 243:     movement = a
      +                          bs((int)x_val - (int)prev_x)
  2322   002522  5038               	movf	Step_Detection@prev_x^0,w,c
  2323   002524  5C05               	subwf	Step_Detection@x_val^0,w,c
  2324   002526  6E01               	movwf	abs@a^0,c
  2325   002528  5039               	movf	(Step_Detection@prev_x+1)^0,w,c
  2326   00252A  5806               	subwfb	(Step_Detection@x_val+1)^0,w,c
  2327   00252C  6E02               	movwf	(abs@a+1)^0,c
  2328   00252E  ECF8  F012         	call	_abs	;wreg free
  2329   002532  C001  F009         	movff	?_abs,??_Step_Detection
  2330   002536  C002  F00A         	movff	?_abs+1,??_Step_Detection+1
  2331   00253A  5036               	movf	Step_Detection@prev_y^0,w,c
  2332   00253C  5C07               	subwf	Step_Detection@y_val^0,w,c
  2333   00253E  6E01               	movwf	abs@a^0,c
  2334   002540  5037               	movf	(Step_Detection@prev_y+1)^0,w,c
  2335   002542  5808               	subwfb	(Step_Detection@y_val+1)^0,w,c
  2336   002544  6E02               	movwf	(abs@a+1)^0,c
  2337   002546  ECF8  F012         	call	_abs	;wreg free
  2338   00254A  5001               	movf	?_abs^0,w,c
  2339   00254C  2409               	addwf	??_Step_Detection^0,w,c
  2340   00254E  6E0B               	movwf	Step_Detection@movement^0,c
  2341   002550  5002               	movf	(?_abs+1)^0,w,c
  2342   002552  200A               	addwfc	(??_Step_Detection+1)^0,w,c
  2343   002554  6E0C               	movwf	(Step_Detection@movement+1)^0,c
  2344   002556                     
  2345                           ;main.c: 246:     prev_x = x_val;
  2346   002556  C005  F038         	movff	Step_Detection@x_val,Step_Detection@prev_x
  2347   00255A  C006  F039         	movff	Step_Detection@x_val+1,Step_Detection@prev_x+1
  2348   00255E                     
  2349                           ;main.c: 247:     prev_y = y_val;
  2350   00255E  C007  F036         	movff	Step_Detection@y_val,Step_Detection@prev_y
  2351   002562  C008  F037         	movff	Step_Detection@y_val+1,Step_Detection@prev_y+1
  2352   002566                     
  2353                           ;main.c: 249:     return movement;
  2354   002566  C00B  F005         	movff	Step_Detection@movement,?_Step_Detection
  2355   00256A  C00C  F006         	movff	Step_Detection@movement+1,?_Step_Detection+1
  2356   00256E  0012               	return		;funcret
  2357   002570                     __end_of_Step_Detection:
  2358                           	callstack 0
  2359                           
  2360 ;; *************** function _abs *****************
  2361 ;; Defined at:
  2362 ;;		line 1 in file "/Applications/microchip/xc8/v3.10/pic/sources/c99/common/abs.c"
  2363 ;; Parameters:    Size  Location     Type
  2364 ;;  a               2    0[COMRAM] int 
  2365 ;; Auto vars:     Size  Location     Type
  2366 ;;		None
  2367 ;; Return value:  Size  Location     Type
  2368 ;;                  2    0[COMRAM] int 
  2369 ;; Registers used:
  2370 ;;		wreg, status,2, status,0
  2371 ;; Tracked objects:
  2372 ;;		On entry : 0/0
  2373 ;;		On exit  : 0/0
  2374 ;;		Unchanged: 0/0
  2375 ;; Data sizes:     COMRAM   BANK0   BANK1   BANK2   BANK3   BANK4   BANK5   BANK6   BANK7   BANK8   BANK9  BANK10  BANK1
      +1  BANK12  BANK13  BANK14  BANK15  BANK16  BANK17  BANK18  BANK19  BANK20  BANK21  BANK22  BANK23  BANK24  BANK25  BANK2
      +6  BANK27  BANK28  BANK29  BANK30  BANK31
  2376 ;;      Params:         2       0       0       0       0       0       0       0       0       0       0       0       
      +0       0       0       0       0       0       0       0       0       0       0       0       0       0       0       
      +0       0       0       0       0       0
  2377 ;;      Locals:         0       0       0       0       0       0       0       0       0       0       0       0       
      +0       0       0       0       0       0       0       0       0       0       0       0       0       0       0       
      +0       0       0       0       0       0
  2378 ;;      Temps:          2       0       0       0       0       0       0       0       0       0       0       0       
      +0       0       0       0       0       0       0       0       0       0       0       0       0       0       0       
      +0       0       0       0       0       0
  2379 ;;      Totals:         4       0       0       0       0       0       0       0       0       0       0       0       
      +0       0       0       0       0       0       0       0       0       0       0       0       0       0       0       
      +0       0       0       0       0       0
  2380 ;;Total ram usage:        4 bytes
  2381 ;; Hardware stack levels used: 1
  2382 ;; Hardware stack levels required when called: 1
  2383 ;; This function calls:
  2384 ;;		Nothing
  2385 ;; This function is called by:
  2386 ;;		_Step_Detection
  2387 ;; This function uses a non-reentrant model
  2388 ;;
  2389                           
  2390                           	psect	text10
  2391   0025F0                     __ptext10:
  2392                           	callstack 0
  2393   0025F0                     _abs:
  2394                           	callstack 27
  2395   0025F0  BE02               	btfsc	(abs@a+1)^0,7,c
  2396   0025F2  EFFD  F012         	goto	u431
  2397   0025F6  EFFF  F012         	goto	u430
  2398   0025FA                     u431:
  2399   0025FA  EF05  F013         	goto	l944
  2400   0025FE                     u430:
  2401   0025FE  C001  F001         	movff	abs@a,?_abs
  2402   002602  C002  F002         	movff	abs@a+1,?_abs+1
  2403   002606  EF11  F013         	goto	l947
  2404   00260A                     l944:
  2405   00260A  C001  F003         	movff	abs@a,??_abs
  2406   00260E  C002  F004         	movff	abs@a+1,??_abs+1
  2407   002612  1E03               	comf	??_abs^0,f,c
  2408   002614  1E04               	comf	(??_abs+1)^0,f,c
  2409   002616  4A03               	infsnz	??_abs^0,f,c
  2410   002618  2A04               	incf	(??_abs+1)^0,f,c
  2411   00261A  C003  F001         	movff	??_abs,?_abs
  2412   00261E  C004  F002         	movff	??_abs+1,?_abs+1
  2413   002622                     l947:
  2414   002622  0012               	return		;funcret
  2415   002624                     __end_of_abs:
  2416                           	callstack 0
  2417                           
  2418 ;; *************** function _LCD_String_xy *****************
  2419 ;; Defined at:
  2420 ;;		line 365 in file "main.c"
  2421 ;; Parameters:    Size  Location     Type
  2422 ;;  row             1    wreg     unsigned char 
  2423 ;;  pos             1    2[COMRAM] unsigned char 
  2424 ;;  msg             1    3[COMRAM] PTR const unsigned char 
  2425 ;;		 -> lcd_buffer(16), 
  2426 ;; Auto vars:     Size  Location     Type
  2427 ;;  row             1    4[COMRAM] unsigned char 
  2428 ;;  location        1    5[COMRAM] unsigned char 
  2429 ;; Return value:  Size  Location     Type
  2430 ;;                  1    wreg      void 
  2431 ;; Registers used:
  2432 ;;		wreg, fsr2l, fsr2h, status,2, status,0, cstack
  2433 ;; Tracked objects:
  2434 ;;		On entry : 0/0
  2435 ;;		On exit  : 0/0
  2436 ;;		Unchanged: 0/0
  2437 ;; Data sizes:     COMRAM   BANK0   BANK1   BANK2   BANK3   BANK4   BANK5   BANK6   BANK7   BANK8   BANK9  BANK10  BANK1
      +1  BANK12  BANK13  BANK14  BANK15  BANK16  BANK17  BANK18  BANK19  BANK20  BANK21  BANK22  BANK23  BANK24  BANK25  BANK2
      +6  BANK27  BANK28  BANK29  BANK30  BANK31
  2438 ;;      Params:         2       0       0       0       0       0       0       0       0       0       0       0       
      +0       0       0       0       0       0       0       0       0       0       0       0       0       0       0       
      +0       0       0       0       0       0
  2439 ;;      Locals:         2       0       0       0       0       0       0       0       0       0       0       0       
      +0       0       0       0       0       0       0       0       0       0       0       0       0       0       0       
      +0       0       0       0       0       0
  2440 ;;      Temps:          0       0       0       0       0       0       0       0       0       0       0       0       
      +0       0       0       0       0       0       0       0       0       0       0       0       0       0       0       
      +0       0       0       0       0       0
  2441 ;;      Totals:         4       0       0       0       0       0       0       0       0       0       0       0       
      +0       0       0       0       0       0       0       0       0       0       0       0       0       0       0       
      +0       0       0       0       0       0
  2442 ;;Total ram usage:        4 bytes
  2443 ;; Hardware stack levels used: 1
  2444 ;; Hardware stack levels required when called: 3
  2445 ;; This function calls:
  2446 ;;		_LCD_Command
  2447 ;;		_LCD_String
  2448 ;; This function is called by:
  2449 ;;		_LCD_Print_Status
  2450 ;; This function uses a non-reentrant model
  2451 ;;
  2452                           
  2453                           	psect	text11
  2454   002624                     __ptext11:
  2455                           	callstack 0
  2456   002624                     _LCD_String_xy:
  2457                           	callstack 26
  2458                           
  2459                           ;incstack = 0
  2460                           ;LCD_String_xy@row stored from wreg
  2461   002624  6E05               	movwf	LCD_String_xy@row^0,c
  2462   002626                     
  2463                           ;main.c: 365: void LCD_String_xy(unsigned char row, unsigned char pos, const char *msg);
      +                          main.c: 366: {;main.c: 367:     unsigned char location;;main.c: 369:     if(row == 1)
  2464   002626  0405               	decf	LCD_String_xy@row^0,w,c
  2465   002628  A4D8               	btfss	status,2,c
  2466   00262A  EF19  F013         	goto	u461
  2467   00262E  EF1B  F013         	goto	u460
  2468   002632                     u461:
  2469   002632  EF20  F013         	goto	l1479
  2470   002636                     u460:
  2471   002636                     
  2472                           ;main.c: 370:     {;main.c: 371:         location = 0x80 + pos;
  2473   002636  5003               	movf	LCD_String_xy@pos^0,w,c
  2474   002638  0F80               	addlw	128
  2475   00263A  6E06               	movwf	LCD_String_xy@location^0,c
  2476                           
  2477                           ;main.c: 372:     }
  2478   00263C  EF23  F013         	goto	l1481
  2479   002640                     l1479:
  2480                           
  2481                           ;main.c: 374:     {;main.c: 375:         location = 0xC0 + pos;
  2482   002640  5003               	movf	LCD_String_xy@pos^0,w,c
  2483   002642  0FC0               	addlw	192
  2484   002644  6E06               	movwf	LCD_String_xy@location^0,c
  2485   002646                     l1481:
  2486                           
  2487                           ;main.c: 378:     LCD_Command(location);
  2488   002646  5006               	movf	LCD_String_xy@location^0,w,c
  2489   002648  EC9D  F013         	call	_LCD_Command
  2490   00264C                     
  2491                           ;main.c: 379:     LCD_String(msg);
  2492   00264C  C004  F002         	movff	LCD_String_xy@msg,LCD_String@msg
  2493   002650  EC74  F013         	call	_LCD_String	;wreg free
  2494   002654  0012               	return		;funcret
  2495   002656                     __end_of_LCD_String_xy:
  2496                           	callstack 0
  2497                           
  2498 ;; *************** function _LCD_String *****************
  2499 ;; Defined at:
  2500 ;;		line 356 in file "main.c"
  2501 ;; Parameters:    Size  Location     Type
  2502 ;;  msg             1    1[COMRAM] PTR const unsigned char 
  2503 ;;		 -> lcd_buffer(16), 
  2504 ;; Auto vars:     Size  Location     Type
  2505 ;;		None
  2506 ;; Return value:  Size  Location     Type
  2507 ;;                  1    wreg      void 
  2508 ;; Registers used:
  2509 ;;		wreg, fsr2l, fsr2h, status,2, status,0, cstack
  2510 ;; Tracked objects:
  2511 ;;		On entry : 0/0
  2512 ;;		On exit  : 0/0
  2513 ;;		Unchanged: 0/0
  2514 ;; Data sizes:     COMRAM   BANK0   BANK1   BANK2   BANK3   BANK4   BANK5   BANK6   BANK7   BANK8   BANK9  BANK10  BANK1
      +1  BANK12  BANK13  BANK14  BANK15  BANK16  BANK17  BANK18  BANK19  BANK20  BANK21  BANK22  BANK23  BANK24  BANK25  BANK2
      +6  BANK27  BANK28  BANK29  BANK30  BANK31
  2515 ;;      Params:         1       0       0       0       0       0       0       0       0       0       0       0       
      +0       0       0       0       0       0       0       0       0       0       0       0       0       0       0       
      +0       0       0       0       0       0
  2516 ;;      Locals:         0       0       0       0       0       0       0       0       0       0       0       0       
      +0       0       0       0       0       0       0       0       0       0       0       0       0       0       0       
      +0       0       0       0       0       0
  2517 ;;      Temps:          0       0       0       0       0       0       0       0       0       0       0       0       
      +0       0       0       0       0       0       0       0       0       0       0       0       0       0       0       
      +0       0       0       0       0       0
  2518 ;;      Totals:         1       0       0       0       0       0       0       0       0       0       0       0       
      +0       0       0       0       0       0       0       0       0       0       0       0       0       0       0       
      +0       0       0       0       0       0
  2519 ;;Total ram usage:        1 bytes
  2520 ;; Hardware stack levels used: 1
  2521 ;; Hardware stack levels required when called: 2
  2522 ;; This function calls:
  2523 ;;		_LCD_Char
  2524 ;; This function is called by:
  2525 ;;		_LCD_String_xy
  2526 ;; This function uses a non-reentrant model
  2527 ;;
  2528                           
  2529                           	psect	text12
  2530   0026E8                     __ptext12:
  2531                           	callstack 0
  2532   0026E8                     _LCD_String:
  2533                           	callstack 26
  2534   0026E8                     
  2535                           ;main.c: 356: void LCD_String(const char *msg);main.c: 357: {;main.c: 358:     while(*ms
      +                          g != '\0')
  2536   0026E8  EF7D  F013         	goto	l1441
  2537   0026EC                     l1437:
  2538                           
  2539                           ;main.c: 359:     {;main.c: 360:         LCD_Char(*msg);
  2540   0026EC  5002               	movf	LCD_String@msg^0,w,c
  2541   0026EE  6ED9               	movwf	fsr2l,c
  2542   0026F0  6ADA               	clrf	fsr2h,c
  2543   0026F2  50DF               	movf	indf2,w,c
  2544   0026F4  EC89  F013         	call	_LCD_Char
  2545   0026F8                     
  2546                           ;main.c: 361:         msg++;
  2547   0026F8  2A02               	incf	LCD_String@msg^0,f,c
  2548   0026FA                     l1441:
  2549                           
  2550                           ;main.c: 358:     while(*msg != '\0')
  2551   0026FA  5002               	movf	LCD_String@msg^0,w,c
  2552   0026FC  6ED9               	movwf	fsr2l,c
  2553   0026FE  6ADA               	clrf	fsr2h,c
  2554   002700  50DF               	movf	indf2,w,c
  2555   002702  A4D8               	btfss	status,2,c
  2556   002704  EF86  F013         	goto	u441
  2557   002708  EF88  F013         	goto	u440
  2558   00270C                     u441:
  2559   00270C  EF76  F013         	goto	l1437
  2560   002710                     u440:
  2561   002710  0012               	return		;funcret
  2562   002712                     __end_of_LCD_String:
  2563                           	callstack 0
  2564                           
  2565 ;; *************** function _LCD_Char *****************
  2566 ;; Defined at:
  2567 ;;		line 342 in file "main.c"
  2568 ;; Parameters:    Size  Location     Type
  2569 ;;  dat             1    wreg     unsigned char 
  2570 ;; Auto vars:     Size  Location     Type
  2571 ;;  dat             1    0[COMRAM] unsigned char 
  2572 ;; Return value:  Size  Location     Type
  2573 ;;                  1    wreg      void 
  2574 ;; Registers used:
  2575 ;;		wreg, status,2, cstack
  2576 ;; Tracked objects:
  2577 ;;		On entry : 0/0
  2578 ;;		On exit  : 0/0
  2579 ;;		Unchanged: 0/0
  2580 ;; Data sizes:     COMRAM   BANK0   BANK1   BANK2   BANK3   BANK4   BANK5   BANK6   BANK7   BANK8   BANK9  BANK10  BANK1
      +1  BANK12  BANK13  BANK14  BANK15  BANK16  BANK17  BANK18  BANK19  BANK20  BANK21  BANK22  BANK23  BANK24  BANK25  BANK2
      +6  BANK27  BANK28  BANK29  BANK30  BANK31
  2581 ;;      Params:         0       0       0       0       0       0       0       0       0       0       0       0       
      +0       0       0       0       0       0       0       0       0       0       0       0       0       0       0       
      +0       0       0       0       0       0
  2582 ;;      Locals:         1       0       0       0       0       0       0       0       0       0       0       0       
      +0       0       0       0       0       0       0       0       0       0       0       0       0       0       0       
      +0       0       0       0       0       0
  2583 ;;      Temps:          0       0       0       0       0       0       0       0       0       0       0       0       
      +0       0       0       0       0       0       0       0       0       0       0       0       0       0       0       
      +0       0       0       0       0       0
  2584 ;;      Totals:         1       0       0       0       0       0       0       0       0       0       0       0       
      +0       0       0       0       0       0       0       0       0       0       0       0       0       0       0       
      +0       0       0       0       0       0
  2585 ;;Total ram usage:        1 bytes
  2586 ;; Hardware stack levels used: 1
  2587 ;; Hardware stack levels required when called: 1
  2588 ;; This function calls:
  2589 ;;		Nothing
  2590 ;; This function is called by:
  2591 ;;		_LCD_String
  2592 ;; This function uses a non-reentrant model
  2593 ;;
  2594                           
  2595                           	psect	text13
  2596   002712                     __ptext13:
  2597                           	callstack 0
  2598   002712                     _LCD_Char:
  2599                           	callstack 26
  2600                           
  2601                           ;incstack = 0
  2602                           ;LCD_Char@dat stored from wreg
  2603   002712  6E01               	movwf	LCD_Char@dat^0,c
  2604   002714                     
  2605                           ;main.c: 342: void LCD_Char(unsigned char dat);main.c: 343: {;main.c: 344:     LATB = da
      +                          t;
  2606   002714  0060  F007  FFBB   	movff	LCD_Char@dat,16315	;volatile
  2607   00271A                     
  2608                           ;main.c: 346:     LATDbits.LATD0 = 1;
  2609   00271A  80BD               	bsf	189,0,c	;volatile
  2610   00271C                     
  2611                           ;main.c: 347:     _delay((unsigned long)((1)*(1000000UL/4000.0)));
  2612   00271C  0E53               	movlw	83
  2613   00271E                     u557:
  2614   00271E  2EE8               	decfsz	wreg,f,c
  2615   002720  D7FE               	bra	u557
  2616   002722  0000               	nop	
  2617   002724                     
  2618                           ;main.c: 349:     LATDbits.LATD1 = 1;
  2619   002724  82BD               	bsf	189,1,c	;volatile
  2620   002726                     
  2621                           ;main.c: 350:     _delay((unsigned long)((1)*(1000000UL/4000.0)));
  2622   002726  0E53               	movlw	83
  2623   002728                     u567:
  2624   002728  2EE8               	decfsz	wreg,f,c
  2625   00272A  D7FE               	bra	u567
  2626   00272C  0000               	nop	
  2627   00272E                     
  2628                           ;main.c: 351:     LATDbits.LATD1 = 0;
  2629   00272E  92BD               	bcf	189,1,c	;volatile
  2630   002730                     
  2631                           ;main.c: 353:     _delay((unsigned long)((2)*(1000000UL/4000.0)));
  2632   002730  0EA6               	movlw	166
  2633   002732                     u577:
  2634   002732  2EE8               	decfsz	wreg,f,c
  2635   002734  D7FE               	bra	u577
  2636   002736  D000               	nop2	
  2637   002738  0012               	return		;funcret
  2638   00273A                     __end_of_LCD_Char:
  2639                           	callstack 0
  2640                           
  2641 ;; *************** function _LCD_Init *****************
  2642 ;; Defined at:
  2643 ;;		line 287 in file "main.c"
  2644 ;; Parameters:    Size  Location     Type
  2645 ;;		None
  2646 ;; Auto vars:     Size  Location     Type
  2647 ;;		None
  2648 ;; Return value:  Size  Location     Type
  2649 ;;                  1    wreg      void 
  2650 ;; Registers used:
  2651 ;;		wreg, status,2, cstack
  2652 ;; Tracked objects:
  2653 ;;		On entry : 0/0
  2654 ;;		On exit  : 0/0
  2655 ;;		Unchanged: 0/0
  2656 ;; Data sizes:     COMRAM   BANK0   BANK1   BANK2   BANK3   BANK4   BANK5   BANK6   BANK7   BANK8   BANK9  BANK10  BANK1
      +1  BANK12  BANK13  BANK14  BANK15  BANK16  BANK17  BANK18  BANK19  BANK20  BANK21  BANK22  BANK23  BANK24  BANK25  BANK2
      +6  BANK27  BANK28  BANK29  BANK30  BANK31
  2657 ;;      Params:         0       0       0       0       0       0       0       0       0       0       0       0       
      +0       0       0       0       0       0       0       0       0       0       0       0       0       0       0       
      +0       0       0       0       0       0
  2658 ;;      Locals:         0       0       0       0       0       0       0       0       0       0       0       0       
      +0       0       0       0       0       0       0       0       0       0       0       0       0       0       0       
      +0       0       0       0       0       0
  2659 ;;      Temps:          1       0       0       0       0       0       0       0       0       0       0       0       
      +0       0       0       0       0       0       0       0       0       0       0       0       0       0       0       
      +0       0       0       0       0       0
  2660 ;;      Totals:         1       0       0       0       0       0       0       0       0       0       0       0       
      +0       0       0       0       0       0       0       0       0       0       0       0       0       0       0       
      +0       0       0       0       0       0
  2661 ;;Total ram usage:        1 bytes
  2662 ;; Hardware stack levels used: 1
  2663 ;; Hardware stack levels required when called: 2
  2664 ;; This function calls:
  2665 ;;		_LCD_Command
  2666 ;; This function is called by:
  2667 ;;		_main
  2668 ;; This function uses a non-reentrant model
  2669 ;;
  2670                           
  2671                           	psect	text14
  2672   00226E                     __ptext14:
  2673                           	callstack 0
  2674   00226E                     _LCD_Init:
  2675                           	callstack 28
  2676   00226E                     
  2677                           ;main.c: 289:     _delay((unsigned long)((500)*(1000000UL/4000.0)));
  2678   00226E  0EA3               	movlw	163
  2679   002270  6E02               	movwf	??_LCD_Init^0,c
  2680   002272  0E55               	movlw	85
  2681   002274                     u587:
  2682   002274  2EE8               	decfsz	wreg,f,c
  2683   002276  D7FE               	bra	u587
  2684   002278  2E02               	decfsz	??_LCD_Init^0,f,c
  2685   00227A  D7FC               	bra	u587
  2686   00227C  0000               	nop	
  2687   00227E                     
  2688                           ;main.c: 291:     LATDbits.LATD0 = 0;
  2689   00227E  90BD               	bcf	189,0,c	;volatile
  2690   002280                     
  2691                           ;main.c: 292:     LATDbits.LATD1 = 0;
  2692   002280  92BD               	bcf	189,1,c	;volatile
  2693   002282                     
  2694                           ;main.c: 293:     LATB = 0x00;
  2695   002282  6ABB               	clrf	187,c	;volatile
  2696                           
  2697                           ;main.c: 295:     _delay((unsigned long)((50)*(1000000UL/4000.0)));
  2698   002284  0E11               	movlw	17
  2699   002286  6E02               	movwf	??_LCD_Init^0,c
  2700   002288  0E3A               	movlw	58
  2701   00228A                     u597:
  2702   00228A  2EE8               	decfsz	wreg,f,c
  2703   00228C  D7FE               	bra	u597
  2704   00228E  2E02               	decfsz	??_LCD_Init^0,f,c
  2705   002290  D7FC               	bra	u597
  2706   002292  D000               	nop2	
  2707   002294                     
  2708                           ;main.c: 297:     LCD_Command(0x30);
  2709   002294  0E30               	movlw	48
  2710   002296  EC9D  F013         	call	_LCD_Command
  2711   00229A                     
  2712                           ;main.c: 298:     _delay((unsigned long)((10)*(1000000UL/4000.0)));
  2713   00229A  0E04               	movlw	4
  2714   00229C  6E02               	movwf	??_LCD_Init^0,c
  2715   00229E  0E3E               	movlw	62
  2716   0022A0                     u607:
  2717   0022A0  2EE8               	decfsz	wreg,f,c
  2718   0022A2  D7FE               	bra	u607
  2719   0022A4  2E02               	decfsz	??_LCD_Init^0,f,c
  2720   0022A6  D7FC               	bra	u607
  2721                           
  2722                           ;main.c: 300:     LCD_Command(0x30);
  2723   0022A8  0E30               	movlw	48
  2724   0022AA  EC9D  F013         	call	_LCD_Command
  2725   0022AE                     
  2726                           ;main.c: 301:     _delay((unsigned long)((10)*(1000000UL/4000.0)));
  2727   0022AE  0E04               	movlw	4
  2728   0022B0  6E02               	movwf	??_LCD_Init^0,c
  2729   0022B2  0E3E               	movlw	62
  2730   0022B4                     u617:
  2731   0022B4  2EE8               	decfsz	wreg,f,c
  2732   0022B6  D7FE               	bra	u617
  2733   0022B8  2E02               	decfsz	??_LCD_Init^0,f,c
  2734   0022BA  D7FC               	bra	u617
  2735   0022BC                     
  2736                           ;main.c: 303:     LCD_Command(0x30);
  2737   0022BC  0E30               	movlw	48
  2738   0022BE  EC9D  F013         	call	_LCD_Command
  2739                           
  2740                           ;main.c: 304:     _delay((unsigned long)((10)*(1000000UL/4000.0)));
  2741   0022C2  0E04               	movlw	4
  2742   0022C4  6E02               	movwf	??_LCD_Init^0,c
  2743   0022C6  0E3E               	movlw	62
  2744   0022C8                     u627:
  2745   0022C8  2EE8               	decfsz	wreg,f,c
  2746   0022CA  D7FE               	bra	u627
  2747   0022CC  2E02               	decfsz	??_LCD_Init^0,f,c
  2748   0022CE  D7FC               	bra	u627
  2749   0022D0                     
  2750                           ;main.c: 306:     LCD_Command(0x38);
  2751   0022D0  0E38               	movlw	56
  2752   0022D2  EC9D  F013         	call	_LCD_Command
  2753   0022D6                     
  2754                           ;main.c: 307:     _delay((unsigned long)((10)*(1000000UL/4000.0)));
  2755   0022D6  0E04               	movlw	4
  2756   0022D8  6E02               	movwf	??_LCD_Init^0,c
  2757   0022DA  0E3E               	movlw	62
  2758   0022DC                     u637:
  2759   0022DC  2EE8               	decfsz	wreg,f,c
  2760   0022DE  D7FE               	bra	u637
  2761   0022E0  2E02               	decfsz	??_LCD_Init^0,f,c
  2762   0022E2  D7FC               	bra	u637
  2763                           
  2764                           ;main.c: 309:     LCD_Command(0x08);
  2765   0022E4  0E08               	movlw	8
  2766   0022E6  EC9D  F013         	call	_LCD_Command
  2767   0022EA                     
  2768                           ;main.c: 310:     _delay((unsigned long)((5)*(1000000UL/4000.0)));
  2769   0022EA  0EFA               	movlw	250
  2770   0022EC                     u647:
  2771   0022EC  D000               	nop2	
  2772   0022EE  2EE8               	decfsz	wreg,f,c
  2773   0022F0  D7FD               	bra	u647
  2774   0022F2                     
  2775                           ;main.c: 312:     LCD_Command(0x01);
  2776   0022F2  0E01               	movlw	1
  2777   0022F4  EC9D  F013         	call	_LCD_Command
  2778                           
  2779                           ;main.c: 313:     _delay((unsigned long)((10)*(1000000UL/4000.0)));
  2780   0022F8  0E04               	movlw	4
  2781   0022FA  6E02               	movwf	??_LCD_Init^0,c
  2782   0022FC  0E3E               	movlw	62
  2783   0022FE                     u657:
  2784   0022FE  2EE8               	decfsz	wreg,f,c
  2785   002300  D7FE               	bra	u657
  2786   002302  2E02               	decfsz	??_LCD_Init^0,f,c
  2787   002304  D7FC               	bra	u657
  2788   002306                     
  2789                           ;main.c: 315:     LCD_Command(0x06);
  2790   002306  0E06               	movlw	6
  2791   002308  EC9D  F013         	call	_LCD_Command
  2792   00230C                     
  2793                           ;main.c: 316:     _delay((unsigned long)((5)*(1000000UL/4000.0)));
  2794   00230C  0EFA               	movlw	250
  2795   00230E                     u667:
  2796   00230E  D000               	nop2	
  2797   002310  2EE8               	decfsz	wreg,f,c
  2798   002312  D7FD               	bra	u667
  2799                           
  2800                           ;main.c: 318:     LCD_Command(0x0C);
  2801   002314  0E0C               	movlw	12
  2802   002316  EC9D  F013         	call	_LCD_Command
  2803   00231A                     
  2804                           ;main.c: 319:     _delay((unsigned long)((5)*(1000000UL/4000.0)));
  2805   00231A  0EFA               	movlw	250
  2806   00231C                     u677:
  2807   00231C  D000               	nop2	
  2808   00231E  2EE8               	decfsz	wreg,f,c
  2809   002320  D7FD               	bra	u677
  2810   002322  0012               	return		;funcret
  2811   002324                     __end_of_LCD_Init:
  2812                           	callstack 0
  2813                           
  2814 ;; *************** function _LCD_Clear *****************
  2815 ;; Defined at:
  2816 ;;		line 322 in file "main.c"
  2817 ;; Parameters:    Size  Location     Type
  2818 ;;		None
  2819 ;; Auto vars:     Size  Location     Type
  2820 ;;		None
  2821 ;; Return value:  Size  Location     Type
  2822 ;;                  1    wreg      void 
  2823 ;; Registers used:
  2824 ;;		wreg, status,2, cstack
  2825 ;; Tracked objects:
  2826 ;;		On entry : 0/0
  2827 ;;		On exit  : 0/0
  2828 ;;		Unchanged: 0/0
  2829 ;; Data sizes:     COMRAM   BANK0   BANK1   BANK2   BANK3   BANK4   BANK5   BANK6   BANK7   BANK8   BANK9  BANK10  BANK1
      +1  BANK12  BANK13  BANK14  BANK15  BANK16  BANK17  BANK18  BANK19  BANK20  BANK21  BANK22  BANK23  BANK24  BANK25  BANK2
      +6  BANK27  BANK28  BANK29  BANK30  BANK31
  2830 ;;      Params:         0       0       0       0       0       0       0       0       0       0       0       0       
      +0       0       0       0       0       0       0       0       0       0       0       0       0       0       0       
      +0       0       0       0       0       0
  2831 ;;      Locals:         0       0       0       0       0       0       0       0       0       0       0       0       
      +0       0       0       0       0       0       0       0       0       0       0       0       0       0       0       
      +0       0       0       0       0       0
  2832 ;;      Temps:          0       0       0       0       0       0       0       0       0       0       0       0       
      +0       0       0       0       0       0       0       0       0       0       0       0       0       0       0       
      +0       0       0       0       0       0
  2833 ;;      Totals:         0       0       0       0       0       0       0       0       0       0       0       0       
      +0       0       0       0       0       0       0       0       0       0       0       0       0       0       0       
      +0       0       0       0       0       0
  2834 ;;Total ram usage:        0 bytes
  2835 ;; Hardware stack levels used: 1
  2836 ;; Hardware stack levels required when called: 2
  2837 ;; This function calls:
  2838 ;;		_LCD_Command
  2839 ;; This function is called by:
  2840 ;;		_main
  2841 ;; This function uses a non-reentrant model
  2842 ;;
  2843                           
  2844                           	psect	text15
  2845   00279E                     __ptext15:
  2846                           	callstack 0
  2847   00279E                     _LCD_Clear:
  2848                           	callstack 28
  2849   00279E                     
  2850                           ;main.c: 324:     LCD_Command(0x01);
  2851   00279E  0E01               	movlw	1
  2852   0027A0  EC9D  F013         	call	_LCD_Command
  2853   0027A4                     
  2854                           ;main.c: 325:     _delay((unsigned long)((5)*(1000000UL/4000.0)));
  2855   0027A4  0EFA               	movlw	250
  2856   0027A6                     u687:
  2857   0027A6  D000               	nop2	
  2858   0027A8  2EE8               	decfsz	wreg,f,c
  2859   0027AA  D7FD               	bra	u687
  2860   0027AC  0012               	return		;funcret
  2861   0027AE                     __end_of_LCD_Clear:
  2862                           	callstack 0
  2863                           
  2864 ;; *************** function _LCD_Command *****************
  2865 ;; Defined at:
  2866 ;;		line 328 in file "main.c"
  2867 ;; Parameters:    Size  Location     Type
  2868 ;;  cmd             1    wreg     unsigned char 
  2869 ;; Auto vars:     Size  Location     Type
  2870 ;;  cmd             1    0[COMRAM] unsigned char 
  2871 ;; Return value:  Size  Location     Type
  2872 ;;                  1    wreg      void 
  2873 ;; Registers used:
  2874 ;;		wreg, status,2, cstack
  2875 ;; Tracked objects:
  2876 ;;		On entry : 0/0
  2877 ;;		On exit  : 0/0
  2878 ;;		Unchanged: 0/0
  2879 ;; Data sizes:     COMRAM   BANK0   BANK1   BANK2   BANK3   BANK4   BANK5   BANK6   BANK7   BANK8   BANK9  BANK10  BANK1
      +1  BANK12  BANK13  BANK14  BANK15  BANK16  BANK17  BANK18  BANK19  BANK20  BANK21  BANK22  BANK23  BANK24  BANK25  BANK2
      +6  BANK27  BANK28  BANK29  BANK30  BANK31
  2880 ;;      Params:         0       0       0       0       0       0       0       0       0       0       0       0       
      +0       0       0       0       0       0       0       0       0       0       0       0       0       0       0       
      +0       0       0       0       0       0
  2881 ;;      Locals:         1       0       0       0       0       0       0       0       0       0       0       0       
      +0       0       0       0       0       0       0       0       0       0       0       0       0       0       0       
      +0       0       0       0       0       0
  2882 ;;      Temps:          0       0       0       0       0       0       0       0       0       0       0       0       
      +0       0       0       0       0       0       0       0       0       0       0       0       0       0       0       
      +0       0       0       0       0       0
  2883 ;;      Totals:         1       0       0       0       0       0       0       0       0       0       0       0       
      +0       0       0       0       0       0       0       0       0       0       0       0       0       0       0       
      +0       0       0       0       0       0
  2884 ;;Total ram usage:        1 bytes
  2885 ;; Hardware stack levels used: 1
  2886 ;; Hardware stack levels required when called: 1
  2887 ;; This function calls:
  2888 ;;		Nothing
  2889 ;; This function is called by:
  2890 ;;		_LCD_Init
  2891 ;;		_LCD_Clear
  2892 ;;		_LCD_String_xy
  2893 ;; This function uses a non-reentrant model
  2894 ;;
  2895                           
  2896                           	psect	text16
  2897   00273A                     __ptext16:
  2898                           	callstack 0
  2899   00273A                     _LCD_Command:
  2900                           	callstack 27
  2901                           
  2902                           ;incstack = 0
  2903                           ;LCD_Command@cmd stored from wreg
  2904   00273A  6E01               	movwf	LCD_Command@cmd^0,c
  2905   00273C                     
  2906                           ;main.c: 328: void LCD_Command(unsigned char cmd);main.c: 329: {;main.c: 330:     LATB =
      +                           cmd;
  2907   00273C  0060  F007  FFBB   	movff	LCD_Command@cmd,16315	;volatile
  2908   002742                     
  2909                           ;main.c: 332:     LATDbits.LATD0 = 0;
  2910   002742  90BD               	bcf	189,0,c	;volatile
  2911   002744                     
  2912                           ;main.c: 333:     _delay((unsigned long)((1)*(1000000UL/4000.0)));
  2913   002744  0E53               	movlw	83
  2914   002746                     u697:
  2915   002746  2EE8               	decfsz	wreg,f,c
  2916   002748  D7FE               	bra	u697
  2917   00274A  0000               	nop	
  2918   00274C                     
  2919                           ;main.c: 335:     LATDbits.LATD1 = 1;
  2920   00274C  82BD               	bsf	189,1,c	;volatile
  2921   00274E                     
  2922                           ;main.c: 336:     _delay((unsigned long)((1)*(1000000UL/4000.0)));
  2923   00274E  0E53               	movlw	83
  2924   002750                     u707:
  2925   002750  2EE8               	decfsz	wreg,f,c
  2926   002752  D7FE               	bra	u707
  2927   002754  0000               	nop	
  2928   002756                     
  2929                           ;main.c: 337:     LATDbits.LATD1 = 0;
  2930   002756  92BD               	bcf	189,1,c	;volatile
  2931   002758                     
  2932                           ;main.c: 339:     _delay((unsigned long)((3)*(1000000UL/4000.0)));
  2933   002758  0EFA               	movlw	250
  2934   00275A                     u717:
  2935   00275A  2EE8               	decfsz	wreg,f,c
  2936   00275C  D7FE               	bra	u717
  2937   00275E  0012               	return		;funcret
  2938   002760                     __end_of_LCD_Command:
  2939                           	callstack 0
  2940                           
  2941 ;; *************** function _Button_Interrupt_Init *****************
  2942 ;; Defined at:
  2943 ;;		line 179 in file "main.c"
  2944 ;; Parameters:    Size  Location     Type
  2945 ;;		None
  2946 ;; Auto vars:     Size  Location     Type
  2947 ;;		None
  2948 ;; Return value:  Size  Location     Type
  2949 ;;                  1    wreg      void 
  2950 ;; Registers used:
  2951 ;;		None
  2952 ;; Tracked objects:
  2953 ;;		On entry : 0/0
  2954 ;;		On exit  : 0/0
  2955 ;;		Unchanged: 0/0
  2956 ;; Data sizes:     COMRAM   BANK0   BANK1   BANK2   BANK3   BANK4   BANK5   BANK6   BANK7   BANK8   BANK9  BANK10  BANK1
      +1  BANK12  BANK13  BANK14  BANK15  BANK16  BANK17  BANK18  BANK19  BANK20  BANK21  BANK22  BANK23  BANK24  BANK25  BANK2
      +6  BANK27  BANK28  BANK29  BANK30  BANK31
  2957 ;;      Params:         0       0       0       0       0       0       0       0       0       0       0       0       
      +0       0       0       0       0       0       0       0       0       0       0       0       0       0       0       
      +0       0       0       0       0       0
  2958 ;;      Locals:         0       0       0       0       0       0       0       0       0       0       0       0       
      +0       0       0       0       0       0       0       0       0       0       0       0       0       0       0       
      +0       0       0       0       0       0
  2959 ;;      Temps:          0       0       0       0       0       0       0       0       0       0       0       0       
      +0       0       0       0       0       0       0       0       0       0       0       0       0       0       0       
      +0       0       0       0       0       0
  2960 ;;      Totals:         0       0       0       0       0       0       0       0       0       0       0       0       
      +0       0       0       0       0       0       0       0       0       0       0       0       0       0       0       
      +0       0       0       0       0       0
  2961 ;;Total ram usage:        0 bytes
  2962 ;; Hardware stack levels used: 1
  2963 ;; Hardware stack levels required when called: 1
  2964 ;; This function calls:
  2965 ;;		Nothing
  2966 ;; This function is called by:
  2967 ;;		_main
  2968 ;; This function uses a non-reentrant model
  2969 ;;
  2970                           
  2971                           	psect	text17
  2972   002784                     __ptext17:
  2973                           	callstack 0
  2974   002784                     _Button_Interrupt_Init:
  2975                           	callstack 29
  2976   002784                     
  2977                           ;main.c: 181:     TRISCbits.TRISC3 = 1;
  2978   002784  86C4               	bsf	196,3,c	;volatile
  2979                           
  2980                           ;main.c: 182:     ANSELCbits.ANSELC3 = 0;
  2981   002786  013A               	movlb	58	; () banked
  2982   002788  9760               	bcf	96,3,b	;volatile
  2983                           
  2984                           ;main.c: 184:     WPUCbits.WPUC3 = 1;
  2985   00278A  8761               	bsf	97,3,b	;volatile
  2986                           
  2987                           ;main.c: 186:     IOCCPbits.IOCCP3 = 0;
  2988   00278C  9765               	bcf	101,3,b	;volatile
  2989                           
  2990                           ;main.c: 187:     IOCCNbits.IOCCN3 = 1;
  2991   00278E  8766               	bsf	102,3,b	;volatile
  2992                           
  2993                           ;main.c: 189:     IOCCFbits.IOCCF3 = 0;
  2994   002790  9767               	bcf	103,3,b	;volatile
  2995                           
  2996                           ;main.c: 190:     PIR0bits.IOCIF = 0;
  2997   002792  0139               	movlb	57	; () banked
  2998   002794  9FA0               	bcf	160,7,b	;volatile
  2999                           
  3000                           ;main.c: 192:     PIE0bits.IOCIE = 1;
  3001   002796  8F90               	bsf	144,7,b	;volatile
  3002                           
  3003                           ;main.c: 194:     INTCON0bits.IPEN = 0;
  3004   002798  9AD2               	bcf	210,5,c	;volatile
  3005                           
  3006                           ;main.c: 195:     INTCON0bits.GIE = 1;
  3007   00279A  8ED2               	bsf	210,7,c	;volatile
  3008   00279C                     
  3009                           ; BSR set to: 57
  3010   00279C  0012               	return		;funcret
  3011   00279E                     __end_of_Button_Interrupt_Init:
  3012                           	callstack 0
  3013                           
  3014 ;; *************** function _ADC_Read *****************
  3015 ;; Defined at:
  3016 ;;		line 252 in file "main.c"
  3017 ;; Parameters:    Size  Location     Type
  3018 ;;  channel         1    wreg     unsigned char 
  3019 ;; Auto vars:     Size  Location     Type
  3020 ;;  channel         1    4[COMRAM] unsigned char 
  3021 ;; Return value:  Size  Location     Type
  3022 ;;                  2    0[COMRAM] unsigned int 
  3023 ;; Registers used:
  3024 ;;		wreg, status,2
  3025 ;; Tracked objects:
  3026 ;;		On entry : 0/0
  3027 ;;		On exit  : 0/0
  3028 ;;		Unchanged: 0/0
  3029 ;; Data sizes:     COMRAM   BANK0   BANK1   BANK2   BANK3   BANK4   BANK5   BANK6   BANK7   BANK8   BANK9  BANK10  BANK1
      +1  BANK12  BANK13  BANK14  BANK15  BANK16  BANK17  BANK18  BANK19  BANK20  BANK21  BANK22  BANK23  BANK24  BANK25  BANK2
      +6  BANK27  BANK28  BANK29  BANK30  BANK31
  3030 ;;      Params:         2       0       0       0       0       0       0       0       0       0       0       0       
      +0       0       0       0       0       0       0       0       0       0       0       0       0       0       0       
      +0       0       0       0       0       0
  3031 ;;      Locals:         1       0       0       0       0       0       0       0       0       0       0       0       
      +0       0       0       0       0       0       0       0       0       0       0       0       0       0       0       
      +0       0       0       0       0       0
  3032 ;;      Temps:          2       0       0       0       0       0       0       0       0       0       0       0       
      +0       0       0       0       0       0       0       0       0       0       0       0       0       0       0       
      +0       0       0       0       0       0
  3033 ;;      Totals:         5       0       0       0       0       0       0       0       0       0       0       0       
      +0       0       0       0       0       0       0       0       0       0       0       0       0       0       0       
      +0       0       0       0       0       0
  3034 ;;Total ram usage:        5 bytes
  3035 ;; Hardware stack levels used: 1
  3036 ;; Hardware stack levels required when called: 1
  3037 ;; This function calls:
  3038 ;;		Nothing
  3039 ;; This function is called by:
  3040 ;;		_main
  3041 ;; This function uses a non-reentrant model
  3042 ;;
  3043                           
  3044                           	psect	text18
  3045   0026B8                     __ptext18:
  3046                           	callstack 0
  3047   0026B8                     _ADC_Read:
  3048                           	callstack 29
  3049                           
  3050                           ; BSR set to: 57
  3051                           ;incstack = 0
  3052                           ;ADC_Read@channel stored from wreg
  3053   0026B8  6E05               	movwf	ADC_Read@channel^0,c
  3054   0026BA                     
  3055                           ;main.c: 252: unsigned int ADC_Read(unsigned char channel);main.c: 253: {;main.c: 254:  
      +                             ADPCH = channel;
  3056   0026BA  0060  F017  FEF1   	movff	ADC_Read@channel,16113	;volatile
  3057   0026C0                     
  3058                           ;main.c: 256:     _delay((unsigned long)((2)*(1000000UL/4000.0)));
  3059   0026C0  0EA6               	movlw	166
  3060   0026C2                     u727:
  3061   0026C2  2EE8               	decfsz	wreg,f,c
  3062   0026C4  D7FE               	bra	u727
  3063   0026C6  D000               	nop2	
  3064   0026C8                     
  3065                           ;main.c: 258:     ADCON0bits.GO = 1;
  3066   0026C8  013E               	movlb	62	; () banked
  3067   0026CA  81F8               	bsf	248,0,b	;volatile
  3068   0026CC                     l127:
  3069                           
  3070                           ; BSR set to: 62
  3071   0026CC  B1F8               	btfsc	248,0,b	;volatile
  3072   0026CE  EF6B  F013         	goto	u471
  3073   0026D2  EF6D  F013         	goto	u470
  3074   0026D6                     u471:
  3075   0026D6  EF66  F013         	goto	l127
  3076   0026DA                     u470:
  3077   0026DA                     
  3078                           ; BSR set to: 62
  3079                           ;main.c: 262:     return ((unsigned int)ADRESH << 8) | ADRESL;
  3080   0026DA  51F0               	movf	240,w,b	;volatile
  3081   0026DC  6E03               	movwf	??_ADC_Read^0,c
  3082   0026DE  51EF               	movf	239,w,b	;volatile
  3083   0026E0  6E01               	movwf	?_ADC_Read^0,c
  3084   0026E2  C003  F002         	movff	??_ADC_Read,?_ADC_Read+1
  3085   0026E6                     
  3086                           ; BSR set to: 62
  3087   0026E6  0012               	return		;funcret
  3088   0026E8                     __end_of_ADC_Read:
  3089                           	callstack 0
  3090                           
  3091 ;; *************** function _ADC_Init *****************
  3092 ;; Defined at:
  3093 ;;		line 265 in file "main.c"
  3094 ;; Parameters:    Size  Location     Type
  3095 ;;		None
  3096 ;; Auto vars:     Size  Location     Type
  3097 ;;		None
  3098 ;; Return value:  Size  Location     Type
  3099 ;;                  1    wreg      void 
  3100 ;; Registers used:
  3101 ;;		wreg, status,2
  3102 ;; Tracked objects:
  3103 ;;		On entry : 0/0
  3104 ;;		On exit  : 0/0
  3105 ;;		Unchanged: 0/0
  3106 ;; Data sizes:     COMRAM   BANK0   BANK1   BANK2   BANK3   BANK4   BANK5   BANK6   BANK7   BANK8   BANK9  BANK10  BANK1
      +1  BANK12  BANK13  BANK14  BANK15  BANK16  BANK17  BANK18  BANK19  BANK20  BANK21  BANK22  BANK23  BANK24  BANK25  BANK2
      +6  BANK27  BANK28  BANK29  BANK30  BANK31
  3107 ;;      Params:         0       0       0       0       0       0       0       0       0       0       0       0       
      +0       0       0       0       0       0       0       0       0       0       0       0       0       0       0       
      +0       0       0       0       0       0
  3108 ;;      Locals:         0       0       0       0       0       0       0       0       0       0       0       0       
      +0       0       0       0       0       0       0       0       0       0       0       0       0       0       0       
      +0       0       0       0       0       0
  3109 ;;      Temps:          0       0       0       0       0       0       0       0       0       0       0       0       
      +0       0       0       0       0       0       0       0       0       0       0       0       0       0       0       
      +0       0       0       0       0       0
  3110 ;;      Totals:         0       0       0       0       0       0       0       0       0       0       0       0       
      +0       0       0       0       0       0       0       0       0       0       0       0       0       0       0       
      +0       0       0       0       0       0
  3111 ;;Total ram usage:        0 bytes
  3112 ;; Hardware stack levels used: 1
  3113 ;; Hardware stack levels required when called: 1
  3114 ;; This function calls:
  3115 ;;		Nothing
  3116 ;; This function is called by:
  3117 ;;		_main
  3118 ;; This function uses a non-reentrant model
  3119 ;;
  3120                           
  3121                           	psect	text19
  3122   002760                     __ptext19:
  3123                           	callstack 0
  3124   002760                     _ADC_Init:
  3125                           	callstack 29
  3126   002760                     
  3127                           ;main.c: 267:     TRISAbits.TRISA1 = 1;
  3128   002760  82C2               	bsf	194,1,c	;volatile
  3129                           
  3130                           ;main.c: 268:     TRISAbits.TRISA2 = 1;
  3131   002762  84C2               	bsf	194,2,c	;volatile
  3132                           
  3133                           ;main.c: 270:     ANSELAbits.ANSELA1 = 1;
  3134   002764  013A               	movlb	58	; () banked
  3135   002766  8340               	bsf	64,1,b	;volatile
  3136                           
  3137                           ;main.c: 271:     ANSELAbits.ANSELA2 = 1;
  3138   002768  8540               	bsf	64,2,b	;volatile
  3139   00276A                     
  3140                           ; BSR set to: 58
  3141                           ;main.c: 273:     ADCON0bits.FM = 1;
  3142   00276A  013E               	movlb	62	; () banked
  3143   00276C  51F8               	movf	248,w,b	;volatile
  3144   00276E  0BF3               	andlw	-13
  3145   002770  0904               	iorlw	4
  3146   002772  6FF8               	movwf	248,b	;volatile
  3147   002774                     
  3148                           ; BSR set to: 62
  3149                           ;main.c: 274:     ADCON0bits.CS = 1;
  3150   002774  89F8               	bsf	248,4,b	;volatile
  3151   002776                     
  3152                           ; BSR set to: 62
  3153                           ;main.c: 276:     ADCLK = 0x00;
  3154   002776  6BFF               	clrf	255,b	;volatile
  3155   002778                     
  3156                           ; BSR set to: 62
  3157                           ;main.c: 278:     ADPREL = 0x00;
  3158   002778  6BF6               	clrf	246,b	;volatile
  3159   00277A                     
  3160                           ; BSR set to: 62
  3161                           ;main.c: 279:     ADPREH = 0x00;
  3162   00277A  6BF7               	clrf	247,b	;volatile
  3163   00277C                     
  3164                           ; BSR set to: 62
  3165                           ;main.c: 281:     ADACQL = 0x00;
  3166   00277C  6BF3               	clrf	243,b	;volatile
  3167   00277E                     
  3168                           ; BSR set to: 62
  3169                           ;main.c: 282:     ADACQH = 0x00;
  3170   00277E  6BF4               	clrf	244,b	;volatile
  3171   002780                     
  3172                           ; BSR set to: 62
  3173                           ;main.c: 284:     ADCON0bits.ON = 1;
  3174   002780  8FF8               	bsf	248,7,b	;volatile
  3175   002782                     
  3176                           ; BSR set to: 62
  3177   002782  0012               	return		;funcret
  3178   002784                     __end_of_ADC_Init:
  3179                           	callstack 0
  3180                           
  3181 ;; *************** function _ISR *****************
  3182 ;; Defined at:
  3183 ;;		line 163 in file "main.c"
  3184 ;; Parameters:    Size  Location     Type
  3185 ;;		None
  3186 ;; Auto vars:     Size  Location     Type
  3187 ;;		None
  3188 ;; Return value:  Size  Location     Type
  3189 ;;                  1    wreg      void 
  3190 ;; Registers used:
  3191 ;;		wreg, status,2
  3192 ;; Tracked objects:
  3193 ;;		On entry : 0/0
  3194 ;;		On exit  : 0/0
  3195 ;;		Unchanged: 0/0
  3196 ;; Data sizes:     COMRAM   BANK0   BANK1   BANK2   BANK3   BANK4   BANK5   BANK6   BANK7   BANK8   BANK9  BANK10  BANK1
      +1  BANK12  BANK13  BANK14  BANK15  BANK16  BANK17  BANK18  BANK19  BANK20  BANK21  BANK22  BANK23  BANK24  BANK25  BANK2
      +6  BANK27  BANK28  BANK29  BANK30  BANK31
  3197 ;;      Params:         0       0       0       0       0       0       0       0       0       0       0       0       
      +0       0       0       0       0       0       0       0       0       0       0       0       0       0       0       
      +0       0       0       0       0       0
  3198 ;;      Locals:         0       0       0       0       0       0       0       0       0       0       0       0       
      +0       0       0       0       0       0       0       0       0       0       0       0       0       0       0       
      +0       0       0       0       0       0
  3199 ;;      Temps:          0       0       0       0       0       0       0       0       0       0       0       0       
      +0       0       0       0       0       0       0       0       0       0       0       0       0       0       0       
      +0       0       0       0       0       0
  3200 ;;      Totals:         0       0       0       0       0       0       0       0       0       0       0       0       
      +0       0       0       0       0       0       0       0       0       0       0       0       0       0       0       
      +0       0       0       0       0       0
  3201 ;;Total ram usage:        0 bytes
  3202 ;; Hardware stack levels used: 1
  3203 ;; This function calls:
  3204 ;;		Nothing
  3205 ;; This function is called by:
  3206 ;;		Interrupt level 2
  3207 ;; This function uses a non-reentrant model
  3208 ;;
  3209                           
  3210                           	psect	text20
  3211   002656                     __ptext20:
  3212                           	callstack 0
  3213   002656                     _ISR:
  3214                           	callstack 24
  3215   002656                     
  3216                           ;main.c: 165:     if(PIR0bits.IOCIF)
  3217   002656  0139               	movlb	57	; () banked
  3218   002658  AFA0               	btfss	160,7,b	;volatile
  3219   00265A  EF31  F013         	goto	i2u26_41
  3220   00265E  EF33  F013         	goto	i2u26_40
  3221   002662                     i2u26_41:
  3222   002662  EF43  F013         	goto	i2l105
  3223   002666                     i2u26_40:
  3224   002666                     
  3225                           ; BSR set to: 57
  3226                           ;main.c: 166:     {;main.c: 167:         if(IOCCFbits.IOCCF3)
  3227   002666  013A               	movlb	58	; () banked
  3228   002668  A767               	btfss	103,3,b	;volatile
  3229   00266A  EF39  F013         	goto	i2u27_41
  3230   00266E  EF3B  F013         	goto	i2u27_40
  3231   002672                     i2u27_41:
  3232   002672  EF41  F013         	goto	i2l1331
  3233   002676                     i2u27_40:
  3234   002676                     
  3235                           ; BSR set to: 58
  3236                           ;main.c: 168:         {;main.c: 169:             step_count = 0;
  3237   002676  6A3B               	clrf	(_step_count+1)^0,c	;volatile
  3238   002678  0E00               	movlw	0
  3239   00267A  6E3A               	movwf	_step_count^0,c	;volatile
  3240                           
  3241                           ;main.c: 170:             ready_for_step = 1;
  3242   00267C  0E01               	movlw	1
  3243   00267E  6E4E               	movwf	_ready_for_step^0,c	;volatile
  3244   002680                     
  3245                           ; BSR set to: 58
  3246                           ;main.c: 172:             IOCCFbits.IOCCF3 = 0;
  3247   002680  9767               	bcf	103,3,b	;volatile
  3248   002682                     i2l1331:
  3249                           
  3250                           ; BSR set to: 58
  3251                           ;main.c: 175:         PIR0bits.IOCIF = 0;
  3252   002682  0139               	movlb	57	; () banked
  3253   002684  9FA0               	bcf	160,7,b	;volatile
  3254   002686                     i2l105:
  3255                           
  3256                           ; BSR set to: 57
  3257   002686  0011               	retfie		f
  3258   002688                     __end_of_ISR:
  3259                           	callstack 0
  3260                           
  3261                           ;
  3262                           ; H/W Interrupt Vector Table @ 0x8
  3263                           ;
  3264                           
  3265                           	psect	ivt0x8
  3266   000008                     __pivt0x8:
  3267                           	callstack 0
  3268   000008                     ivt0x8_base:
  3269                           	callstack 0
  3270                           
  3271                           ; high-priority vector
  3272   000008  EF2B  F013         	goto	_ISR
  3273   000018                     	org	16
  3274                           
  3275                           ; low-priority vector
  3276   000018  00FF               	reset	
  3277                           
  3278                           	psect	rparam
  3279   000001                     ___rparam_used  equ	1
  3280   000000                     ___param_bank   equ	0
  3281   000000                     __Lparam        equ	__Lrparam
  3282   000000                     __Hparam        equ	__Hrparam
  3283                           
  3284                           	psect	config
  3285                           
  3286                           ;Config register CONFIG1L @ 0x300000
  3287                           ;	External Oscillator Selection
  3288                           ;	FEXTOSC = OFF, Oscillator not enabled
  3289                           ;	Reset Oscillator Selection
  3290                           ;	RSTOSC = HFINTOSC_1MHZ, HFINTOSC with HFFRQ = 4 MHz and CDIV = 4:1
  3291   300000                     	org	3145728
  3292   300000  EC                 	db	236
  3293                           
  3294                           ;Config register CONFIG1H @ 0x300001
  3295                           ;	Clock out Enable bit
  3296                           ;	CLKOUTEN = OFF, CLKOUT function is disabled
  3297                           ;	PRLOCKED One-Way Set Enable bit
  3298                           ;	PR1WAY = ON, PRLOCK bit can be cleared and set only once
  3299                           ;	Clock Switch Enable bit
  3300                           ;	CSWEN = ON, Writing to NOSC and NDIV is allowed
  3301                           ;	Fail-Safe Clock Monitor Enable bit
  3302                           ;	FCMEN = OFF, Fail-Safe Clock Monitor disabled
  3303   300001                     	org	3145729
  3304   300001  DF                 	db	223
  3305                           
  3306                           ;Config register CONFIG2L @ 0x300002
  3307                           ;	MCLR Enable bit
  3308                           ;	MCLRE = EXTMCLR, If LVP = 0, MCLR pin is MCLR; If LVP = 1, RE3 pin function is MCLR
  3309                           ;	Power-up timer selection bits
  3310                           ;	PWRTS = PWRT_OFF, PWRT is disabled
  3311                           ;	Multi-vector enable bit
  3312                           ;	MVECEN = OFF, Interrupt contoller does not use vector table to prioritze interrupts
  3313                           ;	IVTLOCK bit One-way set enable bit
  3314                           ;	IVT1WAY = ON, IVTLOCK bit can be cleared and set only once
  3315                           ;	Low Power BOR Enable bit
  3316                           ;	LPBOREN = OFF, ULPBOR disabled
  3317                           ;	Brown-out Reset Enable bits
  3318                           ;	BOREN = SBORDIS, Brown-out Reset enabled , SBOREN bit is ignored
  3319   300002                     	org	3145730
  3320   300002  F7                 	db	247
  3321                           
  3322                           ;Config register CONFIG2H @ 0x300003
  3323                           ;	Brown-out Reset Voltage Selection bits
  3324                           ;	BORV = VBOR_2P45, Brown-out Reset Voltage (VBOR) set to 2.45V
  3325                           ;	ZCD Disable bit
  3326                           ;	ZCD = OFF, ZCD disabled. ZCD can be enabled by setting the ZCDSEN bit of ZCDCON
  3327                           ;	PPSLOCK bit One-Way Set Enable bit
  3328                           ;	PPS1WAY = ON, PPSLOCK bit can be cleared and set only once; PPS registers remain locke
      +                          d after one clear/set cycle
  3329                           ;	Stack Full/Underflow Reset Enable bit
  3330                           ;	STVREN = ON, Stack full/underflow will cause Reset
  3331                           ;	Debugger Enable bit
  3332                           ;	DEBUG = OFF, Background debugger disabled
  3333                           ;	Extended Instruction Set Enable bit
  3334                           ;	XINST = OFF, Extended Instruction Set and Indexed Addressing Mode disabled
  3335   300003                     	org	3145731
  3336   300003  FF                 	db	255
  3337                           
  3338                           ;Config register CONFIG3L @ 0x300004
  3339                           ;	WDT Period selection bits
  3340                           ;	WDTCPS = WDTCPS_31, Divider ratio 1:65536; software control of WDTPS
  3341                           ;	WDT operating mode
  3342                           ;	WDTE = OFF, WDT Disabled; SWDTEN is ignored
  3343   300004                     	org	3145732
  3344   300004  9F                 	db	159
  3345                           
  3346                           ;Config register CONFIG3H @ 0x300005
  3347                           ;	WDT Window Select bits
  3348                           ;	WDTCWS = WDTCWS_7, window always open (100%); software control; keyed access not requi
      +                          red
  3349                           ;	WDT input clock selector
  3350                           ;	WDTCCS = SC, Software Control
  3351   300005                     	org	3145733
  3352   300005  FF                 	db	255
  3353                           
  3354                           ;Config register CONFIG4L @ 0x300006
  3355                           ;	Boot Block Size selection bits
  3356                           ;	BBSIZE = BBSIZE_512, Boot Block size is 512 words
  3357                           ;	Boot Block enable bit
  3358                           ;	BBEN = OFF, Boot block disabled
  3359                           ;	Storage Area Flash enable bit
  3360                           ;	SAFEN = OFF, SAF disabled
  3361                           ;	Application Block write protection bit
  3362                           ;	WRTAPP = OFF, Application Block not write protected
  3363   300006                     	org	3145734
  3364   300006  FF                 	db	255
  3365                           
  3366                           ;Config register CONFIG4H @ 0x300007
  3367                           ;	Boot Block Write Protection bit
  3368                           ;	WRTB = OFF, Boot Block not write-protected
  3369                           ;	Configuration Register Write Protection bit
  3370                           ;	WRTC = OFF, Configuration registers not write-protected
  3371                           ;	Data EEPROM Write Protection bit
  3372                           ;	WRTD = OFF, Data EEPROM not write-protected
  3373                           ;	SAF Write protection bit
  3374                           ;	WRTSAF = OFF, SAF not Write Protected
  3375                           ;	Low Voltage Programming Enable bit
  3376                           ;	LVP = ON, Low voltage programming enabled. MCLR/VPP pin function is MCLR. MCLRE config
      +                          uration bit is ignored
  3377   300007                     	org	3145735
  3378   300007  FF                 	db	255
  3379                           
  3380                           ;Config register CONFIG5L @ 0x300008
  3381                           ;	PFM and Data EEPROM Code Protection bit
  3382                           ;	CP = OFF, PFM and Data EEPROM code protection disabled
  3383   300008                     	org	3145736
  3384   300008  FF                 	db	255
  3385                           
  3386                           ;Config register CONFIG5H @ 0x300009
  3387                           ;	unspecified, using default values
  3388   300009                     	org	3145737
  3389   300009  FF                 	db	255
  3390                           tosu	equ	0x3FFF
  3391                           tosh	equ	0x3FFE
  3392                           tosl	equ	0x3FFD
  3393                           stkptr	equ	0x3FFC
  3394                           pclatu	equ	0x3FFB
  3395                           pclath	equ	0x3FFA
  3396                           pcl	equ	0x3FF9
  3397                           tblptru	equ	0x3FF8
  3398                           tblptrh	equ	0x3FF7
  3399                           tblptrl	equ	0x3FF6
  3400                           tablat	equ	0x3FF5
  3401                           prodh	equ	0x3FF4
  3402                           prodl	equ	0x3FF3
  3403                           indf0	equ	0x3FEF
  3404                           postinc0	equ	0x3FEE
  3405                           postdec0	equ	0x3FED
  3406                           preinc0	equ	0x3FEC
  3407                           plusw0	equ	0x3FEB
  3408                           fsr0h	equ	0x3FEA
  3409                           fsr0l	equ	0x3FE9
  3410                           wreg	equ	0x3FE8
  3411                           indf1	equ	0x3FE7
  3412                           postinc1	equ	0x3FE6
  3413                           postdec1	equ	0x3FE5
  3414                           preinc1	equ	0x3FE4
  3415                           plusw1	equ	0x3FE3
  3416                           fsr1h	equ	0x3FE2
  3417                           fsr1l	equ	0x3FE1
  3418                           bsr	equ	0x3FE0
  3419                           indf2	equ	0x3FDF
  3420                           postinc2	equ	0x3FDE
  3421                           postdec2	equ	0x3FDD
  3422                           preinc2	equ	0x3FDC
  3423                           plusw2	equ	0x3FDB
  3424                           fsr2h	equ	0x3FDA
  3425                           fsr2l	equ	0x3FD9
  3426                           status	equ	0x3FD8

Data Sizes:
    Strings     24
    Constant    0
    Data        1
    BSS         60
    Persistent  0
    Stack       0

Auto Spaces:
    Space          Size  Autos    Used
    COMRAM           95     49      78
    BANK0           160      0      32
    BANK1           256      0       0
    BANK2           256      0       0
    BANK3           256      0       0
    BANK4           256      0       0
    BANK5           256      0       0
    BANK6           256      0       0
    BANK7           256      0       0
    BANK8           256      0       0
    BANK9           256      0       0
    BANK10          256      0       0
    BANK11          256      0       0
    BANK12          256      0       0
    BANK13          256      0       0
    BANK14          256      0       0
    BANK15          256      0       0
    BANK16          256      0       0
    BANK17          256      0       0
    BANK18          256      0       0
    BANK19          256      0       0
    BANK20          256      0       0
    BANK21          256      0       0
    BANK22          256      0       0
    BANK23          256      0       0
    BANK24          256      0       0
    BANK25          256      0       0
    BANK26          256      0       0
    BANK27          256      0       0
    BANK28          256      0       0
    BANK29          256      0       0
    BANK30          256      0       0
    BANK31          256      0       0

Pointer List with Targets:

    f$.$buffer	PTR unsigned char  size(1) Largest target is 16
		 -> lcd_buffer(COMRAM[16]), 

    f$.$source	PTR const unsigned char  size(2) Largest target is 0

    fputc@fp	PTR struct _IO_FILE size(1) Largest target is 12
		 -> sprintf@f(COMRAM[11]), 

    fputc@fp$.$buffer	PTR unsigned char  size(1) Largest target is 16
		 -> lcd_buffer(COMRAM[16]), 

    fputc@fp$.$source	PTR const unsigned char  size(2) Largest target is 0

    LCD_String@msg	PTR const unsigned char  size(1) Largest target is 16
		 -> lcd_buffer(COMRAM[16]), 

    LCD_String_xy@msg	PTR const unsigned char  size(1) Largest target is 16
		 -> lcd_buffer(COMRAM[16]), 

    S1176$buffer	PTR unsigned char  size(1) Largest target is 16
		 -> lcd_buffer(COMRAM[16]), 

    S1176$source	PTR const unsigned char  size(2) Largest target is 0

    sprintf@ap	PTR void [1] size(1) Largest target is 2
		 -> ?_sprintf(COMRAM[2]), 

    sprintf@fmt	PTR const unsigned char  size(1) Largest target is 12
		 -> STR_1(CODE[12]), STR_2(CODE[12]), 

    sprintf@s	PTR unsigned char  size(1) Largest target is 16
		 -> lcd_buffer(COMRAM[16]), 

    vfpfcnvrt@ap	PTR PTR void  size(1) Largest target is 1
		 -> sprintf@ap(COMRAM[1]), 

    vfpfcnvrt@cp	PTR unsigned char  size(1) Largest target is 12
		 -> STR_1(CODE[12]), STR_2(CODE[12]), 

    vfpfcnvrt@fmt	PTR PTR unsigned char  size(1) Largest target is 1
		 -> vfprintf@cfmt(COMRAM[1]), 

    vfpfcnvrt@fp	PTR struct _IO_FILE size(1) Largest target is 12
		 -> sprintf@f(COMRAM[11]), 

    vfprintf@ap	PTR PTR void  size(1) Largest target is 1
		 -> sprintf@ap(COMRAM[1]), 

    vfprintf@cfmt	PTR unsigned char  size(1) Largest target is 12
		 -> STR_1(CODE[12]), STR_2(CODE[12]), 

    vfprintf@fmt	PTR const unsigned char  size(1) Largest target is 12
		 -> STR_1(CODE[12]), STR_2(CODE[12]), 

    vfprintf@fp	PTR struct _IO_FILE size(1) Largest target is 12
		 -> sprintf@f(COMRAM[11]), 


Critical Paths under _main in COMRAM

    _main->_LCD_Print_Status
    _LCD_Print_Status->_sprintf
    _sprintf->_vfprintf
    _vfprintf->_vfpfcnvrt
    _vfpfcnvrt->_fputc
    _Step_Detection->_abs
    _LCD_String_xy->_LCD_String
    _LCD_String->_LCD_Char
    _LCD_Init->_LCD_Command
    _LCD_Clear->_LCD_Command

Critical Paths under _ISR in COMRAM

    None.

Critical Paths under _main in BANK0

    None.

Critical Paths under _ISR in BANK0

    None.

Critical Paths under _main in BANK1

    None.

Critical Paths under _ISR in BANK1

    None.

Critical Paths under _main in BANK2

    None.

Critical Paths under _ISR in BANK2

    None.

Critical Paths under _main in BANK3

    None.

Critical Paths under _ISR in BANK3

    None.

Critical Paths under _main in BANK4

    None.

Critical Paths under _ISR in BANK4

    None.

Critical Paths under _main in BANK5

    None.

Critical Paths under _ISR in BANK5

    None.

Critical Paths under _main in BANK6

    None.

Critical Paths under _ISR in BANK6

    None.

Critical Paths under _main in BANK7

    None.

Critical Paths under _ISR in BANK7

    None.

Critical Paths under _main in BANK8

    None.

Critical Paths under _ISR in BANK8

    None.

Critical Paths under _main in BANK9

    None.

Critical Paths under _ISR in BANK9

    None.

Critical Paths under _main in BANK10

    None.

Critical Paths under _ISR in BANK10

    None.

Critical Paths under _main in BANK11

    None.

Critical Paths under _ISR in BANK11

    None.

Critical Paths under _main in BANK12

    None.

Critical Paths under _ISR in BANK12

    None.

Critical Paths under _main in BANK13

    None.

Critical Paths under _ISR in BANK13

    None.

Critical Paths under _main in BANK14

    None.

Critical Paths under _ISR in BANK14

    None.

Critical Paths under _main in BANK15

    None.

Critical Paths under _ISR in BANK15

    None.

Critical Paths under _main in BANK16

    None.

Critical Paths under _ISR in BANK16

    None.

Critical Paths under _main in BANK17

    None.

Critical Paths under _ISR in BANK17

    None.

Critical Paths under _main in BANK18

    None.

Critical Paths under _ISR in BANK18

    None.

Critical Paths under _main in BANK19

    None.

Critical Paths under _ISR in BANK19

    None.

Critical Paths under _main in BANK20

    None.

Critical Paths under _ISR in BANK20

    None.

Critical Paths under _main in BANK21

    None.

Critical Paths under _ISR in BANK21

    None.

Critical Paths under _main in BANK22

    None.

Critical Paths under _ISR in BANK22

    None.

Critical Paths under _main in BANK23

    None.

Critical Paths under _ISR in BANK23

    None.

Critical Paths under _main in BANK24

    None.

Critical Paths under _ISR in BANK24

    None.

Critical Paths under _main in BANK25

    None.

Critical Paths under _ISR in BANK25

    None.

Critical Paths under _main in BANK26

    None.

Critical Paths under _ISR in BANK26

    None.

Critical Paths under _main in BANK27

    None.

Critical Paths under _ISR in BANK27

    None.

Critical Paths under _main in BANK28

    None.

Critical Paths under _ISR in BANK28

    None.

Critical Paths under _main in BANK29

    None.

Critical Paths under _ISR in BANK29

    None.

Critical Paths under _main in BANK30

    None.

Critical Paths under _ISR in BANK30

    None.

Critical Paths under _main in BANK31

    None.

Critical Paths under _ISR in BANK31

    None.

Call Graph Tables:

 ---------------------------------------------------------------------------------
 (Depth) Function   	        Calls       Base Space   Used Autos Params    Refs
 ---------------------------------------------------------------------------------
 (0) _main                                                 5     5      0    1929
                                             44 COMRAM     5     5      0
                           _ADC_Init
                           _ADC_Read
              _Button_Interrupt_Init
                          _LCD_Clear
                           _LCD_Init
                   _LCD_Print_Status
 ---------------------------------------------------------------------------------
 (1) _LCD_Print_Status                                     6     2      4    1824
                                             38 COMRAM     6     2      4
                      _LCD_String_xy
                     _Step_Detection
                            _sprintf
 ---------------------------------------------------------------------------------
 (2) _sprintf                                             18    14      4    1331
                                             22 COMRAM    16    12      4
                           _vfprintf
 ---------------------------------------------------------------------------------
 (3) _vfprintf                                             4     1      3    1128
                                             18 COMRAM     4     1      3
                          _vfpfcnvrt
 ---------------------------------------------------------------------------------
 (4) _vfpfcnvrt                                           11     8      3    1003
                                              8 COMRAM    10     7      3
                            ___lwdiv
                            ___lwmod
                              _fputc
 ---------------------------------------------------------------------------------
 (5) _fputc                                                8     5      3     230
                                              0 COMRAM     8     5      3
                              _putch
 ---------------------------------------------------------------------------------
 (6) _putch                                                1     1      0       0
 ---------------------------------------------------------------------------------
 (5) ___lwmod                                              5     1      4     161
                                              0 COMRAM     5     1      4
 ---------------------------------------------------------------------------------
 (5) ___lwdiv                                              7     3      4     164
                                              0 COMRAM     7     3      4
 ---------------------------------------------------------------------------------
 (2) _Step_Detection                                       8     4      4     181
                                              4 COMRAM     8     4      4
                                _abs
 ---------------------------------------------------------------------------------
 (3) _abs                                                  4     2      2      68
                                              0 COMRAM     4     2      2
 ---------------------------------------------------------------------------------
 (2) _LCD_String_xy                                        4     2      2     199
                                              2 COMRAM     4     2      2
                        _LCD_Command
                         _LCD_String
 ---------------------------------------------------------------------------------
 (3) _LCD_String                                           1     0      1      61
                                              1 COMRAM     1     0      1
                           _LCD_Char
 ---------------------------------------------------------------------------------
 (4) _LCD_Char                                             1     1      0      15
                                              0 COMRAM     1     1      0
 ---------------------------------------------------------------------------------
 (1) _LCD_Init                                             1     1      0      15
                                              1 COMRAM     1     1      0
                        _LCD_Command
 ---------------------------------------------------------------------------------
 (1) _LCD_Clear                                            0     0      0      15
                        _LCD_Command
 ---------------------------------------------------------------------------------
 (3) _LCD_Command                                          1     1      0      15
                                              0 COMRAM     1     1      0
 ---------------------------------------------------------------------------------
 (1) _Button_Interrupt_Init                                0     0      0       0
 ---------------------------------------------------------------------------------
 (1) _ADC_Read                                             5     3      2      29
                                              0 COMRAM     5     3      2
 ---------------------------------------------------------------------------------
 (1) _ADC_Init                                             0     0      0       0
 ---------------------------------------------------------------------------------
 Estimated maximum stack depth 6
 ---------------------------------------------------------------------------------
 (Depth) Function   	        Calls       Base Space   Used Autos Params    Refs
 ---------------------------------------------------------------------------------
 (7) _ISR                                                  0     0      0       0
 ---------------------------------------------------------------------------------
 Estimated maximum stack depth 7
 ---------------------------------------------------------------------------------

 Call Graph Graphs:

 _main (ROOT)
   _ADC_Init
   _ADC_Read
   _Button_Interrupt_Init
   _LCD_Clear
     _LCD_Command
   _LCD_Init
     _LCD_Command
   _LCD_Print_Status
     _LCD_String_xy
       _LCD_Command
       _LCD_String
         _LCD_Char
     _Step_Detection
       _abs
     _sprintf
       _vfprintf
         _vfpfcnvrt
           ___lwdiv
           ___lwmod
           _fputc
             _putch

 _ISR (ROOT)

Address spaces:
Name               Size   Autos  Total    Usage
BIGRAM            8191      0       0      0.0%
BITBIGSFRlh       1169      0       0      0.0%
BITBIGSFRlll       400      0       0      0.0%
BITBIGSFRh         263      0       0      0.0%
BITBANK31          256      0       0      0.0%
BANK31             256      0       0      0.0%
BITBANK30          256      0       0      0.0%
BANK30             256      0       0      0.0%
BITBANK29          256      0       0      0.0%
BANK29             256      0       0      0.0%
BITBANK28          256      0       0      0.0%
BANK28             256      0       0      0.0%
BITBANK27          256      0       0      0.0%
BANK27             256      0       0      0.0%
BITBANK26          256      0       0      0.0%
BANK26             256      0       0      0.0%
BITBANK25          256      0       0      0.0%
BANK25             256      0       0      0.0%
BITBANK24          256      0       0      0.0%
BANK24             256      0       0      0.0%
BITBANK23          256      0       0      0.0%
BANK23             256      0       0      0.0%
BITBANK22          256      0       0      0.0%
BANK22             256      0       0      0.0%
BITBANK21          256      0       0      0.0%
BANK21             256      0       0      0.0%
BITBANK20          256      0       0      0.0%
BANK20             256      0       0      0.0%
BITBANK19          256      0       0      0.0%
BANK19             256      0       0      0.0%
BITBANK18          256      0       0      0.0%
BANK18             256      0       0      0.0%
BITBANK17          256      0       0      0.0%
BANK17             256      0       0      0.0%
BITBANK16          256      0       0      0.0%
BANK16             256      0       0      0.0%
BITBANK15          256      0       0      0.0%
BANK15             256      0       0      0.0%
BITBANK14          256      0       0      0.0%
BANK14             256      0       0      0.0%
BITBANK13          256      0       0      0.0%
BANK13             256      0       0      0.0%
BITBANK12          256      0       0      0.0%
BANK12             256      0       0      0.0%
BITBANK11          256      0       0      0.0%
BANK11             256      0       0      0.0%
BITBANK10          256      0       0      0.0%
BANK10             256      0       0      0.0%
BITBANK9           256      0       0      0.0%
BANK9              256      0       0      0.0%
BITBANK8           256      0       0      0.0%
BANK8              256      0       0      0.0%
BITBANK7           256      0       0      0.0%
BANK7              256      0       0      0.0%
BITBANK6           256      0       0      0.0%
BANK6              256      0       0      0.0%
BITBANK5           256      0       0      0.0%
BANK5              256      0       0      0.0%
BITBANK4           256      0       0      0.0%
BANK4              256      0       0      0.0%
BITBANK3           256      0       0      0.0%
BANK3              256      0       0      0.0%
BITBANK2           256      0       0      0.0%
BANK2              256      0       0      0.0%
BITBANK1           256      0       0      0.0%
BANK1              256      0       0      0.0%
BITBIGSFRllh       213      0       0      0.0%
BITBANK0           160      0       0      0.0%
BANK0              160      0      32     20.0%
BITCOMRAM           95      0       0      0.0%
COMRAM              95     49      78     82.1%
STACK                0      0       0      0.0%
DATA                 0      0     110      0.0%


Microchip Technology PIC18 Macro Assembler V3.10 build 20250813170317 
Symbol Table                                                                                   Mon May 18 18:49:37 2026

                 ?_LCD_Command 0001                    ?_LCD_String 0002                            l130 26E6  
                          l108 279C                            l124 256E                            l133 2782  
                          l117 226C                            l142 275E                            l127 26CC  
                          l151 2710                            l136 2322                            l145 2738  
                          l139 27AC                            l156 2654                            l760 24B4  
                          l770 2518                            l767 24BC                            l944 260A  
                          l777 2520                            l954 26B6                            l947 2622  
                          l991 2198                            l998 25B0                            u300 249E  
                          u301 249A                            u310 24D0                            u311 24CC  
                          u320 24EE                            u400 2100                            u321 24EA  
                          u401 20FC                            u330 2504                            u410 2110  
                          u331 2500                            u411 210C                            u340 2334  
                          u420 2142                            u500 21F4                            u341 2330  
                          u421 213E                            u501 21F0                            u430 25FE  
                          u350 2344                            u510 2204                            u431 25FA  
                          u351 2340                            u511 2200                            u440 2710  
                          u280 2464                            u360 236A                            u520 2222  
                          u441 270C                            u281 2460                            u361 2366  
                          u521 221E                            u290 2482                            u370 239C  
                          u450 25AA                            u291 247E                            u371 2398  
                          u451 25A6                            u460 2636                            u380 2042  
                          _ISR 2656                            u461 2632                            u381 203E  
                          u470 26DA                            u390 2084                            u471 26D6  
                          u607 22A0                            u391 2080                            u480 21C6  
                          u617 22B4                            u481 21C2                            u537 23F2  
                          u490 21D8                            u707 2750                            u627 22C8  
                          u491 21D4                            u547 243A                            u717 275A  
                          u637 22DC                            u557 271E                            u727 26C2  
                          u647 22EC                            u567 2728                            u657 22FE  
                          u577 2732                            u667 230E                            u587 2274  
                          u677 231C                            u597 228A                            u687 27A6  
                          u697 2746                            _abs 25F0                            wreg 3FE8  
                         ?_ISR 0001                    LCD_Char@dat 0001                           l1010 23CE  
                         l1021 27AE                           l1211 2778                           l1203 2760  
                         ?_abs 0001                           l1213 277A                           l1205 276A  
                         l1221 2784                           l1141 2742                           l1215 277C  
                         l1207 2774                           l1151 2758                           l1143 2744  
                         l1231 2294                           l1223 226E                           l1217 277E  
                         l1209 2776                           l1145 274C                           l1241 22D6  
                         l1233 229A                           l1225 227E                           l1081 2724  
                         l1401 20AE                           l1219 2780                           l1147 274E  
                         l1139 273C                           l1251 231A                           l1243 22EA  
                         l1235 22AE                           l1227 2280                           l1083 2726  
                         l1075 2714                           l1411 2114                           l1403 20B2  
                         l1149 2756                           l1253 279E                           l1245 22F2  
                         l1237 22BC                           l1229 2282                           l1085 272E  
                         l1077 271A                           l1341 2474                           l1333 244C  
                         l1413 212E                           l1405 20D4                           l1421 2164  
                         l1501 21C8                           l1255 27A4                           l1247 2306  
                         l1239 22D0                           l1087 2730                           l1079 271C  
                         l1431 25F0                           l1351 24A8                           l1343 2482  
                         l1335 2452                           l1415 2130                           l1407 20EE  
                         l1511 2204                           l1503 21D8                           l1249 230C  
                         l1441 26FA                           l1433 25FE                           l1353 24AE  
                         l1345 2488                           l1337 2464                           l1361 24E0  
                         l1409 2100                           l1425 2170                           l1521 2226  
                         l1513 2208                           l1505 21DC                           l1435 26E8  
                         l1347 249E                           l1339 246C                           l1363 24EE  
                         l1355 24BE                           l1371 2324                           l1419 2146  
                         l1443 2570                           l1523 2228                           l1515 220A  
                         l1507 21DE                           l1531 23D0                           l1437 26EC  
                         l1453 2522                           l1349 24A6                           l1365 2504  
                         l1357 24D0                           l1381 239C                           l1373 2334  
                         l1445 2578                           l1525 223C                           l1509 21F4  
                         l1517 220C                           l1541 2400                           l1533 23E4  
                         l1439 26F8                           l1455 2556                           l1367 250C  
                         l1359 24D8                           l1375 2344                           l1391 2054  
                         l1447 2588                           l1471 26AC                           l1463 2688  
                         l1527 224A                           l1519 2222                           l1543 2404  
                         l1535 23E8                           l1481 2646                           l1457 255E  
                         l1369 2512                           l1377 234E                           l1393 2058  
                         l1385 201A                           l1449 25AA                           l1465 2690  
                         l1529 225E                           l1545 2412                           l1537 23EC  
                         l1491 26DA                           l1483 264C                           l1475 2626  
                         l1459 2566                           l1379 236A                           l1395 2062  
                         l1387 2042                           l1467 2696                           l1547 2420  
                         l1539 23FC                           l1485 26BA                           l1477 2636  
                         l1397 2084                           l1389 204A                           l1469 269C  
                         l1549 2434                           l1487 26C0                           l1479 2640  
                         l1399 20A0                           l1495 219A                           l1489 26C8  
                         l1497 21B6                           l1499 21C6                           STR_1 200D  
                         STR_2 2001                           _LATB 3FBB                           _LATC 3FBC  
                         _LATD 3FBD                           abs@a 0001                           _dbuf 0060  
                         _main 23D0                           _prec 0034                           fsr1h 3FE2  
                         fsr2h 3FDA               ??_Step_Detection 0009                           indf2 3FDF  
                         fsr1l 3FE1                           fsr2l 3FD9               __end_of_ADC_Init 2784  
             __end_of_ADC_Read 26E8                           start 001A                  _LCD_String_xy 2624  
                 ___param_bank 0000                          ??_ISR 0001                          ??_abs 0003  
             __end_of_LCD_Char 273A               __end_of_LCD_Init 2324    LCD_Print_Status@reset_timer 003D  
                        ?_main 0001                          _ADCLK 3EFF                          _ADPCH 3EF1  
              __end_of___lwdiv 24BE                          i2l105 2686                __end_of___lwmod 2522  
                 vfpfcnvrt@fmt 000A                          _TRISB 3FC3                          _TRISC 3FC4  
                        _TRISD 3FC5                          _flags 003C         ?_Button_Interrupt_Init 0001  
                        _fputc 2324                          _width 0032                          _putch 27AE  
                        tablat 3FF5                          status 3FD8                __end_of_sprintf 26B8  
               ?_LCD_String_xy 0003                __initialization 25B2                   __end_of_main 244C  
                       ??_main 002D              __end_of_LCD_Clear 27AE                  __activetblptr 0003  
                       _ADACQH 3EF4                         _ADACQL 3EF3           Step_Detection@prev_x 0038  
         Step_Detection@prev_y 0036                         ?_fputc 0001                         _ADRESH 3EF0  
                       _ADRESL 3EEF                         _ADPREH 3EF7                         _ADPREL 3EF6  
                       ?_putch 0001                         _ANSELB 3A50                         _ANSELC 3A60  
                       _ANSELD 3A70               LCD_String_xy@msg 0004               LCD_String_xy@pos 0003  
             LCD_String_xy@row 0005                         i2l1331 2682                         i2l1323 2656  
                       i2l1325 2666                         i2l1327 2676                         i2l1329 2680  
                 vfprintf@cfmt 0016                      ??___lwdiv 0005                      ??___lwmod 0005  
              ADC_Read@channel 0005                         clear_0 25CC                         clear_1 25D8  
                       isa$std 0001                         fputc@c 0001                   __pdataCOMRAM 004E  
                    ?_ADC_Init 0001                      ?_ADC_Read 0001                   __mediumconst 2000  
                       tblptrh 3FF7                         tblptrl 3FF6                         tblptru 3FF8  
                       putch@c 0001               __end_of_vfprintf 25B2                      ??_sprintf 001B  
                    ?_LCD_Char 0001                     __accesstop 0060        __end_of__initialization 25EA  
                    ?_LCD_Init 0001                ??_LCD_String_xy 0005                  ___rparam_used 0001  
               __pcstackCOMRAM 0001                  __end_of_fputc 23D0                  __end_of_putch 27B0  
                 ??_LCD_String 0003                     ??_ADC_Init 0001                     ??_ADC_Read 0003  
                      ??_fputc 0004                        ??_putch 0001                     __pbssBANK0 0060  
             _LCD_Print_Status 219A                     ??_LCD_Char 0001                     ??_LCD_Init 0002  
           __end_of_LCD_String 2712                        IVTBASEH 3FD6                        IVTBASEL 3FD5  
                      IVTBASEU 3FD7          LCD_Print_Status@x_val 0027          LCD_Print_Status@y_val 0029  
      ??_Button_Interrupt_Init 0001                     _lcd_buffer 003E                        i2u26_40 2666  
                      i2u26_41 2662                        i2u27_40 2676                        i2u27_41 2672  
                LCD_String@msg 0002                        __Hparam 0000                        __Lparam 0000  
                      ___lwdiv 244C                        ___lwmod 24BE                      ?_vfprintf 0013  
                 __psmallconst 2000                        __pcinit 25B2                        __ramtop 2000  
                      __ptext0 23D0                        __ptext1 219A                        __ptext2 2688  
                      __ptext3 2570                        __ptext4 201A                        __ptext5 2324  
                      __ptext6 27AE                        __ptext7 24BE                        __ptext8 244C  
                      __ptext9 2522                      _IOCCFbits 3A67                      _IOCCNbits 3A66  
                    _IOCCPbits 3A65                      _LCD_Clear 279E                        _sprintf 2688  
         end_of_initialization 25EA                        fputc@fp 0003                 LCD_Command@cmd 0001  
            __end_of_vfpfcnvrt 219A                        postdec2 3FDD                        postinc0 3FEE  
                      postinc1 3FE6                        postinc2 3FDE               vfpfcnvrt@convarg 000D  
                   ??_vfprintf 0016                      _TRISAbits 3FC2                      _TRISCbits 3FC4  
                   ?_LCD_Clear 0001                     _step_count 003A                  ??_LCD_Command 0001  
                  vfpfcnvrt@ap 000B                    vfpfcnvrt@cp 0011                    vfpfcnvrt@fp 0009  
                __pidataCOMRAM 27B0       __end_of_LCD_Print_Status 226E            start_initialization 25B2  
                  __end_of_ISR 2688                    __end_of_abs 2624                     ivt0x8_base 0008  
          Step_Detection@x_val 0005            Step_Detection@y_val 0007          __end_of_LCD_String_xy 2656  
                  vfprintf@fmt 0014            __end_of_LCD_Command 2760                    __pbssCOMRAM 0032  
                  ??_LCD_Clear 0002  __end_of_Button_Interrupt_Init 279E               ___lwdiv@dividend 0001  
                     ?___lwdiv 0001                 _Step_Detection 2522                       ?___lwmod 0001  
       Step_Detection@movement 000B                    __smallconst 2000                       _ADC_Init 2760  
                     _ADC_Read 26B8               ___lwdiv@quotient 0005          LCD_String_xy@location 0006  
                     ?_sprintf 0017       LCD_Print_Status@movement 002B                       _LCD_Char 2712  
                     _LCD_Init 226E                       _LATDbits 3FBD                       _PIE0bits 3990  
                     _PIR0bits 39A0         __end_of_Step_Detection 2570                    _LCD_Command 273A  
                    _vfpfcnvrt 201A                     _ADCON0bits 3EF8                       _WPUCbits 3A61  
                    main@x_val 002E                      main@y_val 0030                     vfpfcnvrt@c 0012  
                  _INTCON0bits 3FD2                       __Hrparam 0000                     vfprintf@ap 0015  
                     __Lrparam 0000                     vfprintf@fp 0013                ?_Step_Detection 0005  
                   ?_vfpfcnvrt 0009              ?_LCD_Print_Status 0027                     _ANSELAbits 3A40  
                   _ANSELCbits 3A60                     sprintf@fmt 0018             ??_LCD_Print_Status 002B  
                     __pivt0x8 0008                ___lwdiv@divisor 0003                ___lwdiv@counter 0007  
                     __ptext10 25F0                       __ptext11 2624                       __ptext20 2656  
                     __ptext12 26E8                       __ptext13 2712                       __ptext14 226E  
                     __ptext15 279E                       __ptext16 273A                       __ptext17 2784  
                     __ptext18 26B8                       __ptext19 2760                 _ready_for_step 004E  
                     isa$xinst 0000                       _vfprintf 2570                     _LCD_String 26E8  
                     intlevel2 0000                      sprintf@ap 001B               ___lwmod@dividend 0001  
                  ??_vfpfcnvrt 000C                       sprintf@f 001C                       sprintf@s 0017  
              ___lwmod@divisor 0003                ___lwmod@counter 0005          _Button_Interrupt_Init 2784  
