

Microchip MPLAB XC8 Assembler V3.10 build 20250813170317 
                                                                                               Thu May 14 20:15:14 2026

Microchip MPLAB XC8 C Compiler v3.10 (Free license) build 20250813170317 Og1 
     1                           	processor	18F47K42
     2                           	fnconf	rparam,??,?,0
     3                           	pagewidth 120
     4                           	opt	flic
     5                           	psect	smallconst,global,reloc=2,class=SMALLCONST,space=0,delta=1,noexec
     6                           	psect	cinit,global,reloc=2,class=CODE,space=0,delta=1
     7                           	psect	bssCOMRAM,global,class=COMRAM,space=1,delta=1,lowdata,noexec
     8                           	psect	bssBANK0,global,class=BANK0,space=1,delta=1,lowdata,noexec
     9                           	psect	cstackCOMRAM,global,class=COMRAM,space=1,delta=1,lowdata,noexec
    10                           	psect	text0,global,reloc=2,class=CODE,space=0,delta=1
    11                           	psect	text1,global,reloc=2,class=CODE,space=0,delta=1,group=3
    12                           	psect	text2,global,reloc=2,class=CODE,space=0,delta=1,group=2
    13                           	psect	text3,global,reloc=2,class=CODE,space=0,delta=1,group=3
    14                           	psect	text4,global,reloc=2,class=CODE,space=0,delta=1,group=1
    15                           	psect	text5,global,reloc=2,class=CODE,space=0,delta=1,group=1
    16                           	psect	text6,global,reloc=2,class=CODE,space=0,delta=1,group=3
    17                           	psect	text7,global,reloc=2,class=CODE,space=0,delta=1
    18                           	psect	text8,global,reloc=2,class=CODE,space=0,delta=1
    19                           	psect	text9,global,reloc=2,class=CODE,space=0,delta=1
    20                           	psect	text10,global,reloc=2,class=CODE,space=0,delta=1,group=3
    21                           	psect	text11,global,reloc=2,class=CODE,space=0,delta=1,group=2
    22                           	psect	text12,global,reloc=2,class=CODE,space=0,delta=1,group=2
    23                           	psect	text13,global,reloc=2,class=CODE,space=0,delta=1
    24                           	psect	text14,global,reloc=2,class=CODE,space=0,delta=1
    25                           	psect	text15,global,reloc=2,class=CODE,space=0,delta=1
    26                           	psect	text16,global,reloc=2,class=CODE,space=0,delta=1
    27                           	psect	text17,global,reloc=2,class=CODE,space=0,delta=1
    28                           	psect	text18,global,reloc=2,class=CODE,space=0,delta=1
    29                           	psect	text19,global,reloc=2,class=CODE,space=0,delta=1
    30                           	psect	text20,global,reloc=2,class=CODE,space=0,delta=1
    31                           	psect	text21,global,reloc=2,class=CODE,space=0,delta=1
    32                           	psect	text22,global,reloc=2,class=CODE,space=0,delta=1
    33                           	psect	text23,global,reloc=2,class=CODE,space=0,delta=1
    34                           	psect	intsave_regs,global,class=BIGRAM,space=1,delta=1,noexec
    35                           	psect	rparam,global,class=COMRAM,space=1,delta=1,noexec
    36                           	psect	config,global,abs,ovrld,class=CONFIG,space=4,delta=1,noexec
    37   000000                     
    38                           ; Generated 13/12/2024 GMT
    39                           ; 
    40                           ; Copyright © 2024, Microchip Technology Inc. and its subsidiaries ("Microchip")
    41                           ; All rights reserved.
    42                           ; 
    43                           ; This software is developed by Microchip Technology Inc. and its subsidiaries ("Microch
      +                          ip").
    44                           ; 
    45                           ; Redistribution and use in source and binary forms, with or without modification, are
    46                           ; permitted provided that the following conditions are met:
    47                           ; 
    48                           ;     1. Redistributions of source code must retain the above copyright notice, this lis
      +                          t of
    49                           ;        conditions and the following disclaimer.
    50                           ; 
    51                           ;     2. Redistributions in binary form must reproduce the above copyright notice, this 
      +                          list
    52                           ;        of conditions and the following disclaimer in the documentation and/or other
    53                           ;        materials provided with the distribution. Publication is not required when
    54                           ;        this file is used in an embedded application.
    55                           ; 
    56                           ;     3. Microchip's name may not be used to endorse or promote products derived from th
      +                          is
    57                           ;        software without specific prior written permission.
    58                           ; 
    59                           ; THIS SOFTWARE IS PROVIDED BY MICROCHIP "AS IS" AND ANY EXPRESS OR IMPLIED WARRANTIES,
    60                           ; INCLUDING, BUT NOT LIMITED TO, THE IMPLIED WARRANTIES OF MERCHANTABILITY AND FITNESS F
      +                          OR
    61                           ; PURPOSE ARE DISCLAIMED.  IN NO EVENT SHALL MICROCHIP BE LIABLE FOR ANY DIRECT, INDIREC
      +                          T,
    62                           ; INCIDENTAL, SPECIAL, EXEMPLARY, OR CONSEQUENTIAL DAMAGES (INCLUDING BUT NOT LIMITED TO
    63                           ; PROCUREMENT OF SUBSTITUTE GOODS OR SERVICES; LOSS OF USE, DATA OR PROFITS; OR BUSINESS
    64                           ; INTERRUPTION) HOWSOEVER CAUSED AND ON ANY THEORY OF LIABILITY, WHETHER IN CONTRACT, ST
      +                          RICT
    65                           ; LIABILITY, OR TORT (INCLUDING NEGLIGENCE OR OTHERWISE) ARISING IN ANY WAY OUT OF THE U
      +                          SE OF
    66                           ; THIS SOFTWARE, EVEN IF ADVISED OF THE POSSIBILITY OF SUCH DAMAGE.
    67                           ; 
    68                           ; 
    69                           ; Code-generator required, PIC18F47K42 Definitions
    70                           ; 
    71                           ; SFR Addresses
    72   003FE0                     bsr             equ	16352
    73   003FE9                     fsr0            equ	16361
    74   003FEA                     fsr0h           equ	16362
    75   003FE9                     fsr0l           equ	16361
    76   003FE1                     fsr1            equ	16353
    77   003FE2                     fsr1h           equ	16354
    78   003FE1                     fsr1l           equ	16353
    79   003FD9                     fsr2            equ	16345
    80   003FDA                     fsr2h           equ	16346
    81   003FD9                     fsr2l           equ	16345
    82   003FEF                     indf0           equ	16367
    83   003FE7                     indf1           equ	16359
    84   003FDF                     indf2           equ	16351
    85   003FD2                     intcon          equ	16338
    86   0039E5                     nvmcon          equ	14821
    87   003FF9                     pcl             equ	16377
    88   003FFA                     pclath          equ	16378
    89   003FFB                     pclatu          equ	16379
    90   003FEB                     plusw0          equ	16363
    91   003FE3                     plusw1          equ	16355
    92   003FDB                     plusw2          equ	16347
    93   003FED                     postdec0        equ	16365
    94   003FE5                     postdec1        equ	16357
    95   003FDD                     postdec2        equ	16349
    96   003FEE                     postinc0        equ	16366
    97   003FE6                     postinc1        equ	16358
    98   003FDE                     postinc2        equ	16350
    99   003FEC                     preinc0         equ	16364
   100   003FE4                     preinc1         equ	16356
   101   003FDC                     preinc2         equ	16348
   102   003FF3                     prod            equ	16371
   103   003FF4                     prodh           equ	16372
   104   003FF3                     prodl           equ	16371
   105   003FD8                     status          equ	16344
   106   003FF5                     tablat          equ	16373
   107   003FF6                     tblptr          equ	16374
   108   003FF7                     tblptrh         equ	16375
   109   003FF6                     tblptrl         equ	16374
   110   003FF8                     tblptru         equ	16376
   111   003FFD                     tosl            equ	16381
   112   003FE8                     wreg            equ	16360
   113   003880                     STATUS_CSHAD    equ	14464	;# 
   114   003881                     WREG_CSHAD      equ	14465	;# 
   115   003882                     BSR_CSHAD       equ	14466	;# 
   116   003883                     SHADCON         equ	14467	;# 
   117   003884                     STATUS_SHAD     equ	14468	;# 
   118   003885                     WREG_SHAD       equ	14469	;# 
   119   003886                     BSR_SHAD        equ	14470	;# 
   120   003887                     PCLATH_SHAD     equ	14471	;# 
   121   003888                     PCLATU_SHAD     equ	14472	;# 
   122   003889                     FSR0SH          equ	14473	;# 
   123   003889                     FSR0L_SHAD      equ	14473	;# 
   124   00388A                     FSR0H_SHAD      equ	14474	;# 
   125   00388B                     FSR1SH          equ	14475	;# 
   126   00388B                     FSR1L_SHAD      equ	14475	;# 
   127   00388C                     FSR1H_SHAD      equ	14476	;# 
   128   00388D                     FSR2SH          equ	14477	;# 
   129   00388D                     FSR2L_SHAD      equ	14477	;# 
   130   00388E                     FSR2H_SHAD      equ	14478	;# 
   131   00388F                     PRODSH          equ	14479	;# 
   132   00388F                     PRODL_SHAD      equ	14479	;# 
   133   003890                     PRODH_SHAD      equ	14480	;# 
   134   00389D                     IVTADL          equ	14493	;# 
   135   00389E                     IVTADH          equ	14494	;# 
   136   00389F                     IVTADU          equ	14495	;# 
   137   00395B                     WDTCON0         equ	14683	;# 
   138   00395C                     WDTCON1         equ	14684	;# 
   139   00395D                     WDTPSL          equ	14685	;# 
   140   00395E                     WDTPSH          equ	14686	;# 
   141   00395F                     WDTTMR          equ	14687	;# 
   142   003960                     CRCDATA         equ	14688	;# 
   143   003960                     CRCDATL         equ	14688	;# 
   144   003961                     CRCDATH         equ	14689	;# 
   145   003962                     CRCACC          equ	14690	;# 
   146   003962                     CRCACCL         equ	14690	;# 
   147   003963                     CRCACCH         equ	14691	;# 
   148   003964                     CRCSHFT         equ	14692	;# 
   149   003964                     CRCSHIFTL       equ	14692	;# 
   150   003965                     CRCSHIFTH       equ	14693	;# 
   151   003966                     CRCXOR          equ	14694	;# 
   152   003966                     CRCXORL         equ	14694	;# 
   153   003967                     CRCXORH         equ	14695	;# 
   154   003968                     CRCCON0         equ	14696	;# 
   155   003969                     CRCCON1         equ	14697	;# 
   156   003976                     SCANLADR        equ	14710	;# 
   157   003976                     SCANLADRL       equ	14710	;# 
   158   003977                     SCANLADRH       equ	14711	;# 
   159   003978                     SCANLADRU       equ	14712	;# 
   160   003979                     SCANHADR        equ	14713	;# 
   161   003979                     SCANHADRL       equ	14713	;# 
   162   00397A                     SCANHADRH       equ	14714	;# 
   163   00397B                     SCANHADRU       equ	14715	;# 
   164   00397C                     SCANCON0        equ	14716	;# 
   165   00397D                     SCANTRIG        equ	14717	;# 
   166   003980                     IPR0            equ	14720	;# 
   167   003981                     IPR1            equ	14721	;# 
   168   003982                     IPR2            equ	14722	;# 
   169   003983                     IPR3            equ	14723	;# 
   170   003984                     IPR4            equ	14724	;# 
   171   003985                     IPR5            equ	14725	;# 
   172   003986                     IPR6            equ	14726	;# 
   173   003987                     IPR7            equ	14727	;# 
   174   003988                     IPR8            equ	14728	;# 
   175   003989                     IPR9            equ	14729	;# 
   176   00398A                     IPR10           equ	14730	;# 
   177   003990                     PIE0            equ	14736	;# 
   178   003991                     PIE1            equ	14737	;# 
   179   003992                     PIE2            equ	14738	;# 
   180   003993                     PIE3            equ	14739	;# 
   181   003994                     PIE4            equ	14740	;# 
   182   003995                     PIE5            equ	14741	;# 
   183   003996                     PIE6            equ	14742	;# 
   184   003997                     PIE7            equ	14743	;# 
   185   003998                     PIE8            equ	14744	;# 
   186   003999                     PIE9            equ	14745	;# 
   187   00399A                     PIE10           equ	14746	;# 
   188   0039A0                     PIR0            equ	14752	;# 
   189   0039A1                     PIR1            equ	14753	;# 
   190   0039A2                     PIR2            equ	14754	;# 
   191   0039A3                     PIR3            equ	14755	;# 
   192   0039A4                     PIR4            equ	14756	;# 
   193   0039A5                     PIR5            equ	14757	;# 
   194   0039A6                     PIR6            equ	14758	;# 
   195   0039A7                     PIR7            equ	14759	;# 
   196   0039A8                     PIR8            equ	14760	;# 
   197   0039A9                     PIR9            equ	14761	;# 
   198   0039AA                     PIR10           equ	14762	;# 
   199   0039C0                     PMD0            equ	14784	;# 
   200   0039C1                     PMD1            equ	14785	;# 
   201   0039C2                     PMD2            equ	14786	;# 
   202   0039C3                     PMD3            equ	14787	;# 
   203   0039C4                     PMD4            equ	14788	;# 
   204   0039C5                     PMD5            equ	14789	;# 
   205   0039C6                     PMD6            equ	14790	;# 
   206   0039C7                     PMD7            equ	14791	;# 
   207   0039D0                     BORCON          equ	14800	;# 
   208   0039D1                     VREGCON         equ	14801	;# 
   209   0039D8                     CPUDOZE         equ	14808	;# 
   210   0039D9                     OSCCON1         equ	14809	;# 
   211   0039DA                     OSCCON2         equ	14810	;# 
   212   0039DB                     OSCCON3         equ	14811	;# 
   213   0039DC                     OSCSTAT         equ	14812	;# 
   214   0039DC                     OSCSTAT1        equ	14812	;# 
   215   0039DD                     OSCEN           equ	14813	;# 
   216   0039DE                     OSCTUNE         equ	14814	;# 
   217   0039DF                     OSCFRQ          equ	14815	;# 
   218   0039E0                     NVMADRL         equ	14816	;# 
   219   0039E1                     NVMADRH         equ	14817	;# 
   220   0039E3                     NVMDAT          equ	14819	;# 
   221   0039E5                     NVMCON1         equ	14821	;# 
   222   0039E6                     NVMCON2         equ	14822	;# 
   223   0039EF                     PRLOCK          equ	14831	;# 
   224   0039F1                     ISRPR           equ	14833	;# 
   225   0039F2                     MAINPR          equ	14834	;# 
   226   0039F3                     DMA1PR          equ	14835	;# 
   227   0039F4                     DMA2PR          equ	14836	;# 
   228   0039F7                     SCANPR          equ	14839	;# 
   229   003A00                     RA0PPS          equ	14848	;# 
   230   003A01                     RA1PPS          equ	14849	;# 
   231   003A02                     RA2PPS          equ	14850	;# 
   232   003A03                     RA3PPS          equ	14851	;# 
   233   003A04                     RA4PPS          equ	14852	;# 
   234   003A05                     RA5PPS          equ	14853	;# 
   235   003A06                     RA6PPS          equ	14854	;# 
   236   003A07                     RA7PPS          equ	14855	;# 
   237   003A08                     RB0PPS          equ	14856	;# 
   238   003A09                     RB1PPS          equ	14857	;# 
   239   003A0A                     RB2PPS          equ	14858	;# 
   240   003A0B                     RB3PPS          equ	14859	;# 
   241   003A0C                     RB4PPS          equ	14860	;# 
   242   003A0D                     RB5PPS          equ	14861	;# 
   243   003A0E                     RB6PPS          equ	14862	;# 
   244   003A0F                     RB7PPS          equ	14863	;# 
   245   003A10                     RC0PPS          equ	14864	;# 
   246   003A11                     RC1PPS          equ	14865	;# 
   247   003A12                     RC2PPS          equ	14866	;# 
   248   003A13                     RC3PPS          equ	14867	;# 
   249   003A14                     RC4PPS          equ	14868	;# 
   250   003A15                     RC5PPS          equ	14869	;# 
   251   003A16                     RC6PPS          equ	14870	;# 
   252   003A17                     RC7PPS          equ	14871	;# 
   253   003A18                     RD0PPS          equ	14872	;# 
   254   003A19                     RD1PPS          equ	14873	;# 
   255   003A1A                     RD2PPS          equ	14874	;# 
   256   003A1B                     RD3PPS          equ	14875	;# 
   257   003A1C                     RD4PPS          equ	14876	;# 
   258   003A1D                     RD5PPS          equ	14877	;# 
   259   003A1E                     RD6PPS          equ	14878	;# 
   260   003A1F                     RD7PPS          equ	14879	;# 
   261   003A20                     RE0PPS          equ	14880	;# 
   262   003A21                     RE1PPS          equ	14881	;# 
   263   003A22                     RE2PPS          equ	14882	;# 
   264   003A40                     ANSELA          equ	14912	;# 
   265   003A41                     WPUA            equ	14913	;# 
   266   003A42                     ODCONA          equ	14914	;# 
   267   003A43                     SLRCONA         equ	14915	;# 
   268   003A44                     INLVLA          equ	14916	;# 
   269   003A45                     IOCAP           equ	14917	;# 
   270   003A46                     IOCAN           equ	14918	;# 
   271   003A47                     IOCAF           equ	14919	;# 
   272   003A50                     ANSELB          equ	14928	;# 
   273   003A51                     WPUB            equ	14929	;# 
   274   003A52                     ODCONB          equ	14930	;# 
   275   003A53                     SLRCONB         equ	14931	;# 
   276   003A54                     INLVLB          equ	14932	;# 
   277   003A55                     IOCBP           equ	14933	;# 
   278   003A56                     IOCBN           equ	14934	;# 
   279   003A57                     IOCBF           equ	14935	;# 
   280   003A5A                     RB1I2C          equ	14938	;# 
   281   003A5B                     RB2I2C          equ	14939	;# 
   282   003A60                     ANSELC          equ	14944	;# 
   283   003A61                     WPUC            equ	14945	;# 
   284   003A62                     ODCONC          equ	14946	;# 
   285   003A63                     SLRCONC         equ	14947	;# 
   286   003A64                     INLVLC          equ	14948	;# 
   287   003A65                     IOCCP           equ	14949	;# 
   288   003A66                     IOCCN           equ	14950	;# 
   289   003A67                     IOCCF           equ	14951	;# 
   290   003A6A                     RC3I2C          equ	14954	;# 
   291   003A6B                     RC4I2C          equ	14955	;# 
   292   003A70                     ANSELD          equ	14960	;# 
   293   003A71                     WPUD            equ	14961	;# 
   294   003A72                     ODCOND          equ	14962	;# 
   295   003A73                     SLRCOND         equ	14963	;# 
   296   003A74                     INLVLD          equ	14964	;# 
   297   003A7A                     RD0I2C          equ	14970	;# 
   298   003A7B                     RD1I2C          equ	14971	;# 
   299   003A80                     ANSELE          equ	14976	;# 
   300   003A81                     WPUE            equ	14977	;# 
   301   003A82                     ODCONE          equ	14978	;# 
   302   003A83                     SLRCONE         equ	14979	;# 
   303   003A84                     INLVLE          equ	14980	;# 
   304   003A85                     IOCEP           equ	14981	;# 
   305   003A86                     IOCEN           equ	14982	;# 
   306   003A87                     IOCEF           equ	14983	;# 
   307   003ABF                     PPSLOCK         equ	15039	;# 
   308   003AC0                     INT0PPS         equ	15040	;# 
   309   003AC1                     INT1PPS         equ	15041	;# 
   310   003AC2                     INT2PPS         equ	15042	;# 
   311   003AC3                     T0CKIPPS        equ	15043	;# 
   312   003AC4                     T1CKIPPS        equ	15044	;# 
   313   003AC5                     T1GPPS          equ	15045	;# 
   314   003AC6                     T3CKIPPS        equ	15046	;# 
   315   003AC7                     T3GPPS          equ	15047	;# 
   316   003AC8                     T5CKIPPS        equ	15048	;# 
   317   003AC9                     T5GPPS          equ	15049	;# 
   318   003ACA                     T2INPPS         equ	15050	;# 
   319   003ACB                     T4INPPS         equ	15051	;# 
   320   003ACC                     T6INPPS         equ	15052	;# 
   321   003ACD                     CCP1PPS         equ	15053	;# 
   322   003ACE                     CCP2PPS         equ	15054	;# 
   323   003ACF                     CCP3PPS         equ	15055	;# 
   324   003AD0                     CCP4PPS         equ	15056	;# 
   325   003AD1                     SMT1WINPPS      equ	15057	;# 
   326   003AD2                     SMT1SIGPPS      equ	15058	;# 
   327   003AD3                     CWG1INPPS       equ	15059	;# 
   328   003AD4                     CWG2INPPS       equ	15060	;# 
   329   003AD5                     CWG3INPPS       equ	15061	;# 
   330   003AD6                     MD1CARLPPS      equ	15062	;# 
   331   003AD7                     MD1CARHPPS      equ	15063	;# 
   332   003AD8                     MD1SRCPPS       equ	15064	;# 
   333   003AD9                     CLCIN0PPS       equ	15065	;# 
   334   003ADA                     CLCIN1PPS       equ	15066	;# 
   335   003ADB                     CLCIN2PPS       equ	15067	;# 
   336   003ADC                     CLCIN3PPS       equ	15068	;# 
   337   003ADD                     ADACTPPS        equ	15069	;# 
   338   003ADE                     SPI1SCKPPS      equ	15070	;# 
   339   003ADF                     SPI1SDIPPS      equ	15071	;# 
   340   003AE0                     SPI1SSPPS       equ	15072	;# 
   341   003AE1                     I2C1SCLPPS      equ	15073	;# 
   342   003AE2                     I2C1SDAPPS      equ	15074	;# 
   343   003AE3                     I2C2SCLPPS      equ	15075	;# 
   344   003AE4                     I2C2SDAPPS      equ	15076	;# 
   345   003AE5                     U1RXPPS         equ	15077	;# 
   346   003AE6                     U1CTSPPS        equ	15078	;# 
   347   003AE8                     U2RXPPS         equ	15080	;# 
   348   003AE9                     U2CTSPPS        equ	15081	;# 
   349   003BC9                     DMA2BUF         equ	15305	;# 
   350   003BCA                     DMA2DCNT        equ	15306	;# 
   351   003BCA                     DMA2DCNTL       equ	15306	;# 
   352   003BCB                     DMA2DCNTH       equ	15307	;# 
   353   003BCC                     DMA2DPTR        equ	15308	;# 
   354   003BCC                     DMA2DPTRL       equ	15308	;# 
   355   003BCD                     DMA2DPTRH       equ	15309	;# 
   356   003BCE                     DMA2DSZ         equ	15310	;# 
   357   003BCE                     DMA2DSZL        equ	15310	;# 
   358   003BCF                     DMA2DSZH        equ	15311	;# 
   359   003BD0                     DMA2DSA         equ	15312	;# 
   360   003BD0                     DMA2DSAL        equ	15312	;# 
   361   003BD1                     DMA2DSAH        equ	15313	;# 
   362   003BD2                     DMA2SCNT        equ	15314	;# 
   363   003BD2                     DMA2SCNTL       equ	15314	;# 
   364   003BD3                     DMA2SCNTH       equ	15315	;# 
   365   003BD4                     DMA2SPTR        equ	15316	;# 
   366   003BD4                     DMA2SPTRL       equ	15316	;# 
   367   003BD5                     DMA2SPTRH       equ	15317	;# 
   368   003BD6                     DMA2SPTRU       equ	15318	;# 
   369   003BD7                     DMA2SSZ         equ	15319	;# 
   370   003BD7                     DMA2SSZL        equ	15319	;# 
   371   003BD8                     DMA2SSZH        equ	15320	;# 
   372   003BD9                     DMA2SSA         equ	15321	;# 
   373   003BD9                     DMA2SSAL        equ	15321	;# 
   374   003BDA                     DMA2SSAH        equ	15322	;# 
   375   003BDB                     DMA2SSAU        equ	15323	;# 
   376   003BDC                     DMA2CON0        equ	15324	;# 
   377   003BDD                     DMA2CON1        equ	15325	;# 
   378   003BDE                     DMA2AIRQ        equ	15326	;# 
   379   003BDF                     DMA2SIRQ        equ	15327	;# 
   380   003BE9                     DMA1BUF         equ	15337	;# 
   381   003BEA                     DMA1DCNT        equ	15338	;# 
   382   003BEA                     DMA1DCNTL       equ	15338	;# 
   383   003BEB                     DMA1DCNTH       equ	15339	;# 
   384   003BEC                     DMA1DPTR        equ	15340	;# 
   385   003BEC                     DMA1DPTRL       equ	15340	;# 
   386   003BED                     DMA1DPTRH       equ	15341	;# 
   387   003BEE                     DMA1DSZ         equ	15342	;# 
   388   003BEE                     DMA1DSZL        equ	15342	;# 
   389   003BEF                     DMA1DSZH        equ	15343	;# 
   390   003BF0                     DMA1DSA         equ	15344	;# 
   391   003BF0                     DMA1DSAL        equ	15344	;# 
   392   003BF1                     DMA1DSAH        equ	15345	;# 
   393   003BF2                     DMA1SCNT        equ	15346	;# 
   394   003BF2                     DMA1SCNTL       equ	15346	;# 
   395   003BF3                     DMA1SCNTH       equ	15347	;# 
   396   003BF4                     DMA1SPTR        equ	15348	;# 
   397   003BF4                     DMA1SPTRL       equ	15348	;# 
   398   003BF5                     DMA1SPTRH       equ	15349	;# 
   399   003BF6                     DMA1SPTRU       equ	15350	;# 
   400   003BF7                     DMA1SSZ         equ	15351	;# 
   401   003BF7                     DMA1SSZL        equ	15351	;# 
   402   003BF8                     DMA1SSZH        equ	15352	;# 
   403   003BF9                     DMA1SSA         equ	15353	;# 
   404   003BF9                     DMA1SSAL        equ	15353	;# 
   405   003BFA                     DMA1SSAH        equ	15354	;# 
   406   003BFB                     DMA1SSAU        equ	15355	;# 
   407   003BFC                     DMA1CON0        equ	15356	;# 
   408   003BFD                     DMA1CON1        equ	15357	;# 
   409   003BFE                     DMA1AIRQ        equ	15358	;# 
   410   003BFF                     DMA1SIRQ        equ	15359	;# 
   411   003C56                     CLC4CON         equ	15446	;# 
   412   003C57                     CLC4POL         equ	15447	;# 
   413   003C58                     CLC4SEL0        equ	15448	;# 
   414   003C59                     CLC4SEL1        equ	15449	;# 
   415   003C5A                     CLC4SEL2        equ	15450	;# 
   416   003C5B                     CLC4SEL3        equ	15451	;# 
   417   003C5C                     CLC4GLS0        equ	15452	;# 
   418   003C5D                     CLC4GLS1        equ	15453	;# 
   419   003C5E                     CLC4GLS2        equ	15454	;# 
   420   003C5F                     CLC4GLS3        equ	15455	;# 
   421   003C60                     CLC3CON         equ	15456	;# 
   422   003C61                     CLC3POL         equ	15457	;# 
   423   003C62                     CLC3SEL0        equ	15458	;# 
   424   003C63                     CLC3SEL1        equ	15459	;# 
   425   003C64                     CLC3SEL2        equ	15460	;# 
   426   003C65                     CLC3SEL3        equ	15461	;# 
   427   003C66                     CLC3GLS0        equ	15462	;# 
   428   003C67                     CLC3GLS1        equ	15463	;# 
   429   003C68                     CLC3GLS2        equ	15464	;# 
   430   003C69                     CLC3GLS3        equ	15465	;# 
   431   003C6A                     CLC2CON         equ	15466	;# 
   432   003C6B                     CLC2POL         equ	15467	;# 
   433   003C6C                     CLC2SEL0        equ	15468	;# 
   434   003C6D                     CLC2SEL1        equ	15469	;# 
   435   003C6E                     CLC2SEL2        equ	15470	;# 
   436   003C6F                     CLC2SEL3        equ	15471	;# 
   437   003C70                     CLC2GLS0        equ	15472	;# 
   438   003C71                     CLC2GLS1        equ	15473	;# 
   439   003C72                     CLC2GLS2        equ	15474	;# 
   440   003C73                     CLC2GLS3        equ	15475	;# 
   441   003C74                     CLC1CON         equ	15476	;# 
   442   003C75                     CLC1POL         equ	15477	;# 
   443   003C76                     CLC1SEL0        equ	15478	;# 
   444   003C77                     CLC1SEL1        equ	15479	;# 
   445   003C78                     CLC1SEL2        equ	15480	;# 
   446   003C79                     CLC1SEL3        equ	15481	;# 
   447   003C7A                     CLC1GLS0        equ	15482	;# 
   448   003C7B                     CLC1GLS1        equ	15483	;# 
   449   003C7C                     CLC1GLS2        equ	15484	;# 
   450   003C7D                     CLC1GLS3        equ	15485	;# 
   451   003C7E                     CLCDATA0        equ	15486	;# 
   452   003CE5                     CLKRCON         equ	15589	;# 
   453   003CE6                     CLKRCLK         equ	15590	;# 
   454   003CFA                     MD1CON0         equ	15610	;# 
   455   003CFB                     MD1CON1         equ	15611	;# 
   456   003CFC                     MD1SRC          equ	15612	;# 
   457   003CFD                     MD1CARL         equ	15613	;# 
   458   003CFE                     MD1CARH         equ	15614	;# 
   459   003D10                     SPI1RXB         equ	15632	;# 
   460   003D11                     SPI1TXB         equ	15633	;# 
   461   003D12                     SPI1TCNT        equ	15634	;# 
   462   003D12                     SPI1TCNTL       equ	15634	;# 
   463   003D13                     SPI1TCNTH       equ	15635	;# 
   464   003D14                     SPI1CON0        equ	15636	;# 
   465   003D15                     SPI1CON1        equ	15637	;# 
   466   003D16                     SPI1CON2        equ	15638	;# 
   467   003D17                     SPI1STATUS      equ	15639	;# 
   468   003D18                     SPI1TWIDTH      equ	15640	;# 
   469   003D19                     SPI1BAUD        equ	15641	;# 
   470   003D1A                     SPI1INTF        equ	15642	;# 
   471   003D1B                     SPI1INTE        equ	15643	;# 
   472   003D1C                     SPI1CLK         equ	15644	;# 
   473   003D54                     I2C2RXB         equ	15700	;# 
   474   003D55                     I2C2TXB         equ	15701	;# 
   475   003D56                     I2C2CNT         equ	15702	;# 
   476   003D57                     I2C2ADB0        equ	15703	;# 
   477   003D58                     I2C2ADB1        equ	15704	;# 
   478   003D59                     I2C2ADR0        equ	15705	;# 
   479   003D5A                     I2C2ADR1        equ	15706	;# 
   480   003D5B                     I2C2ADR2        equ	15707	;# 
   481   003D5C                     I2C2ADR3        equ	15708	;# 
   482   003D5D                     I2C2CON0        equ	15709	;# 
   483   003D5E                     I2C2CON1        equ	15710	;# 
   484   003D5F                     I2C2CON2        equ	15711	;# 
   485   003D60                     I2C2ERR         equ	15712	;# 
   486   003D61                     I2C2STAT0       equ	15713	;# 
   487   003D62                     I2C2STAT1       equ	15714	;# 
   488   003D63                     I2C2PIR         equ	15715	;# 
   489   003D64                     I2C2PIE         equ	15716	;# 
   490   003D65                     I2C2CLK         equ	15717	;# 
   491   003D66                     I2C2BTO         equ	15718	;# 
   492   003D6A                     I2C1RXB         equ	15722	;# 
   493   003D6B                     I2C1TXB         equ	15723	;# 
   494   003D6C                     I2C1CNT         equ	15724	;# 
   495   003D6D                     I2C1ADB0        equ	15725	;# 
   496   003D6E                     I2C1ADB1        equ	15726	;# 
   497   003D6F                     I2C1ADR0        equ	15727	;# 
   498   003D70                     I2C1ADR1        equ	15728	;# 
   499   003D71                     I2C1ADR2        equ	15729	;# 
   500   003D72                     I2C1ADR3        equ	15730	;# 
   501   003D73                     I2C1CON0        equ	15731	;# 
   502   003D74                     I2C1CON1        equ	15732	;# 
   503   003D75                     I2C1CON2        equ	15733	;# 
   504   003D76                     I2C1ERR         equ	15734	;# 
   505   003D77                     I2C1STAT0       equ	15735	;# 
   506   003D78                     I2C1STAT1       equ	15736	;# 
   507   003D79                     I2C1PIR         equ	15737	;# 
   508   003D7A                     I2C1PIE         equ	15738	;# 
   509   003D7B                     I2C1CLK         equ	15739	;# 
   510   003D7C                     I2C1BTO         equ	15740	;# 
   511   003DD0                     U2RXB           equ	15824	;# 
   512   003DD0                     U2RXBL          equ	15824	;# 
   513   003DD2                     U2TXB           equ	15826	;# 
   514   003DD2                     U2TXBL          equ	15826	;# 
   515   003DD4                     U2P1            equ	15828	;# 
   516   003DD4                     U2P1L           equ	15828	;# 
   517   003DD6                     U2P2            equ	15830	;# 
   518   003DD6                     U2P2L           equ	15830	;# 
   519   003DD8                     U2P3            equ	15832	;# 
   520   003DD8                     U2P3L           equ	15832	;# 
   521   003DDA                     U2CON0          equ	15834	;# 
   522   003DDB                     U2CON1          equ	15835	;# 
   523   003DDC                     U2CON2          equ	15836	;# 
   524   003DDD                     U2BRG           equ	15837	;# 
   525   003DDD                     U2BRGL          equ	15837	;# 
   526   003DDE                     U2BRGH          equ	15838	;# 
   527   003DDF                     U2FIFO          equ	15839	;# 
   528   003DE0                     U2UIR           equ	15840	;# 
   529   003DE1                     U2ERRIR         equ	15841	;# 
   530   003DE2                     U2ERRIE         equ	15842	;# 
   531   003DE8                     U1RXB           equ	15848	;# 
   532   003DE8                     U1RXBL          equ	15848	;# 
   533   003DE9                     U1RXCHK         equ	15849	;# 
   534   003DEA                     U1TXB           equ	15850	;# 
   535   003DEA                     U1TXBL          equ	15850	;# 
   536   003DEB                     U1TXCHK         equ	15851	;# 
   537   003DEC                     U1P1            equ	15852	;# 
   538   003DEC                     U1P1L           equ	15852	;# 
   539   003DED                     U1P1H           equ	15853	;# 
   540   003DEE                     U1P2            equ	15854	;# 
   541   003DEE                     U1P2L           equ	15854	;# 
   542   003DEF                     U1P2H           equ	15855	;# 
   543   003DF0                     U1P3            equ	15856	;# 
   544   003DF0                     U1P3L           equ	15856	;# 
   545   003DF1                     U1P3H           equ	15857	;# 
   546   003DF2                     U1CON0          equ	15858	;# 
   547   003DF3                     U1CON1          equ	15859	;# 
   548   003DF4                     U1CON2          equ	15860	;# 
   549   003DF5                     U1BRG           equ	15861	;# 
   550   003DF5                     U1BRGL          equ	15861	;# 
   551   003DF6                     U1BRGH          equ	15862	;# 
   552   003DF7                     U1FIFO          equ	15863	;# 
   553   003DF8                     U1UIR           equ	15864	;# 
   554   003DF9                     U1ERRIR         equ	15865	;# 
   555   003DFA                     U1ERRIE         equ	15866	;# 
   556   003E9C                     DAC1CON1        equ	16028	;# 
   557   003E9E                     DAC1CON0        equ	16030	;# 
   558   003EB8                     CM2CON0         equ	16056	;# 
   559   003EB9                     CM2CON1         equ	16057	;# 
   560   003EBA                     CM2NCH          equ	16058	;# 
   561   003EBB                     CM2PCH          equ	16059	;# 
   562   003EBC                     CM1CON0         equ	16060	;# 
   563   003EBD                     CM1CON1         equ	16061	;# 
   564   003EBE                     CM1NCH          equ	16062	;# 
   565   003EBF                     CM1PCH          equ	16063	;# 
   566   003EC0                     CMOUT           equ	16064	;# 
   567   003EC1                     FVRCON          equ	16065	;# 
   568   003EC3                     ZCDCON          equ	16067	;# 
   569   003EC9                     HLVDCON0        equ	16073	;# 
   570   003ECA                     HLVDCON1        equ	16074	;# 
   571   003ED7                     ADCP            equ	16087	;# 
   572   003EDE                     ADLTH           equ	16094	;# 
   573   003EDE                     ADLTHL          equ	16094	;# 
   574   003EDF                     ADLTHH          equ	16095	;# 
   575   003EE0                     ADUTH           equ	16096	;# 
   576   003EE0                     ADUTHL          equ	16096	;# 
   577   003EE1                     ADUTHH          equ	16097	;# 
   578   003EE2                     ADERR           equ	16098	;# 
   579   003EE2                     ADERRL          equ	16098	;# 
   580   003EE3                     ADERRH          equ	16099	;# 
   581   003EE4                     ADSTPT          equ	16100	;# 
   582   003EE4                     ADSTPTL         equ	16100	;# 
   583   003EE5                     ADSTPTH         equ	16101	;# 
   584   003EE6                     ADFLTR          equ	16102	;# 
   585   003EE6                     ADFLTRL         equ	16102	;# 
   586   003EE7                     ADFLTRH         equ	16103	;# 
   587   003EE8                     ADACC           equ	16104	;# 
   588   003EE8                     ADACCL          equ	16104	;# 
   589   003EE9                     ADACCH          equ	16105	;# 
   590   003EEA                     ADACCU          equ	16106	;# 
   591   003EEB                     ADCNT           equ	16107	;# 
   592   003EEC                     ADRPT           equ	16108	;# 
   593   003EED                     ADPREV          equ	16109	;# 
   594   003EED                     ADPREVL         equ	16109	;# 
   595   003EEE                     ADPREVH         equ	16110	;# 
   596   003EEF                     ADRES           equ	16111	;# 
   597   003EEF                     ADRESL          equ	16111	;# 
   598   003EF0                     ADRESH          equ	16112	;# 
   599   003EF1                     ADPCH           equ	16113	;# 
   600   003EF3                     ADACQ           equ	16115	;# 
   601   003EF3                     ADACQL          equ	16115	;# 
   602   003EF4                     ADACQH          equ	16116	;# 
   603   003EF5                     ADCAP           equ	16117	;# 
   604   003EF6                     ADPRE           equ	16118	;# 
   605   003EF6                     ADPREL          equ	16118	;# 
   606   003EF7                     ADPREH          equ	16119	;# 
   607   003EF8                     ADCON0          equ	16120	;# 
   608   003EF9                     ADCON1          equ	16121	;# 
   609   003EFA                     ADCON2          equ	16122	;# 
   610   003EFB                     ADCON3          equ	16123	;# 
   611   003EFC                     ADSTAT          equ	16124	;# 
   612   003EFD                     ADREF           equ	16125	;# 
   613   003EFE                     ADACT           equ	16126	;# 
   614   003EFF                     ADCLK           equ	16127	;# 
   615   003F12                     SMT1TMR         equ	16146	;# 
   616   003F12                     SMT1TMRL        equ	16146	;# 
   617   003F13                     SMT1TMRH        equ	16147	;# 
   618   003F14                     SMT1TMRU        equ	16148	;# 
   619   003F15                     SMT1CPR         equ	16149	;# 
   620   003F15                     SMT1CPRL        equ	16149	;# 
   621   003F16                     SMT1CPRH        equ	16150	;# 
   622   003F17                     SMT1CPRU        equ	16151	;# 
   623   003F18                     SMT1CPW         equ	16152	;# 
   624   003F18                     SMT1CPWL        equ	16152	;# 
   625   003F19                     SMT1CPWH        equ	16153	;# 
   626   003F1A                     SMT1CPWU        equ	16154	;# 
   627   003F1B                     SMT1PR          equ	16155	;# 
   628   003F1B                     SMT1PRL         equ	16155	;# 
   629   003F1C                     SMT1PRH         equ	16156	;# 
   630   003F1D                     SMT1PRU         equ	16157	;# 
   631   003F1E                     SMT1CON0        equ	16158	;# 
   632   003F1F                     SMT1CON1        equ	16159	;# 
   633   003F20                     SMT1STAT        equ	16160	;# 
   634   003F21                     SMT1CLK         equ	16161	;# 
   635   003F22                     SMT1SIG         equ	16162	;# 
   636   003F23                     SMT1WIN         equ	16163	;# 
   637   003F38                     NCO1ACC         equ	16184	;# 
   638   003F38                     NCO1ACCL        equ	16184	;# 
   639   003F39                     NCO1ACCH        equ	16185	;# 
   640   003F3A                     NCO1ACCU        equ	16186	;# 
   641   003F3B                     NCO1INC         equ	16187	;# 
   642   003F3B                     NCO1INCL        equ	16187	;# 
   643   003F3C                     NCO1INCH        equ	16188	;# 
   644   003F3D                     NCO1INCU        equ	16189	;# 
   645   003F3E                     NCO1CON         equ	16190	;# 
   646   003F3F                     NCO1CLK         equ	16191	;# 
   647   003F40                     CWG3CLK         equ	16192	;# 
   648   003F40                     CWG3CLKCON      equ	16192	;# 
   649   003F41                     CWG3ISM         equ	16193	;# 
   650   003F41                     CWG3DAT         equ	16193	;# 
   651   003F42                     CWG3DBR         equ	16194	;# 
   652   003F43                     CWG3DBF         equ	16195	;# 
   653   003F44                     CWG3CON0        equ	16196	;# 
   654   003F45                     CWG3CON1        equ	16197	;# 
   655   003F46                     CWG3AS0         equ	16198	;# 
   656   003F47                     CWG3AS1         equ	16199	;# 
   657   003F48                     CWG3STR         equ	16200	;# 
   658   003F49                     CWG2CLK         equ	16201	;# 
   659   003F49                     CWG2CLKCON      equ	16201	;# 
   660   003F4A                     CWG2ISM         equ	16202	;# 
   661   003F4A                     CWG2DAT         equ	16202	;# 
   662   003F4B                     CWG2DBR         equ	16203	;# 
   663   003F4C                     CWG2DBF         equ	16204	;# 
   664   003F4D                     CWG2CON0        equ	16205	;# 
   665   003F4E                     CWG2CON1        equ	16206	;# 
   666   003F4F                     CWG2AS0         equ	16207	;# 
   667   003F50                     CWG2AS1         equ	16208	;# 
   668   003F51                     CWG2STR         equ	16209	;# 
   669   003F52                     CWG1CLK         equ	16210	;# 
   670   003F52                     CWG1CLKCON      equ	16210	;# 
   671   003F53                     CWG1ISM         equ	16211	;# 
   672   003F53                     CWG1DAT         equ	16211	;# 
   673   003F54                     CWG1DBR         equ	16212	;# 
   674   003F55                     CWG1DBF         equ	16213	;# 
   675   003F56                     CWG1CON0        equ	16214	;# 
   676   003F57                     CWG1CON1        equ	16215	;# 
   677   003F58                     CWG1AS0         equ	16216	;# 
   678   003F59                     CWG1AS1         equ	16217	;# 
   679   003F5A                     CWG1STR         equ	16218	;# 
   680   003F5E                     CCPTMRS0        equ	16222	;# 
   681   003F5F                     CCPTMRS1        equ	16223	;# 
   682   003F60                     PWM8DC          equ	16224	;# 
   683   003F60                     PWM8DCL         equ	16224	;# 
   684   003F61                     PWM8DCH         equ	16225	;# 
   685   003F62                     PWM8CON         equ	16226	;# 
   686   003F64                     PWM7DC          equ	16228	;# 
   687   003F64                     PWM7DCL         equ	16228	;# 
   688   003F65                     PWM7DCH         equ	16229	;# 
   689   003F66                     PWM7CON         equ	16230	;# 
   690   003F68                     PWM6DC          equ	16232	;# 
   691   003F68                     PWM6DCL         equ	16232	;# 
   692   003F69                     PWM6DCH         equ	16233	;# 
   693   003F6A                     PWM6CON         equ	16234	;# 
   694   003F6C                     PWM5DC          equ	16236	;# 
   695   003F6C                     PWM5DCL         equ	16236	;# 
   696   003F6D                     PWM5DCH         equ	16237	;# 
   697   003F6E                     PWM5CON         equ	16238	;# 
   698   003F70                     CCPR4           equ	16240	;# 
   699   003F70                     CCPR4L          equ	16240	;# 
   700   003F71                     CCPR4H          equ	16241	;# 
   701   003F72                     CCP4CON         equ	16242	;# 
   702   003F73                     CCP4CAP         equ	16243	;# 
   703   003F74                     CCPR3           equ	16244	;# 
   704   003F74                     CCPR3L          equ	16244	;# 
   705   003F75                     CCPR3H          equ	16245	;# 
   706   003F76                     CCP3CON         equ	16246	;# 
   707   003F77                     CCP3CAP         equ	16247	;# 
   708   003F78                     CCPR2           equ	16248	;# 
   709   003F78                     CCPR2L          equ	16248	;# 
   710   003F79                     CCPR2H          equ	16249	;# 
   711   003F7A                     CCP2CON         equ	16250	;# 
   712   003F7B                     CCP2CAP         equ	16251	;# 
   713   003F7C                     CCPR1           equ	16252	;# 
   714   003F7C                     CCPR1L          equ	16252	;# 
   715   003F7D                     CCPR1H          equ	16253	;# 
   716   003F7E                     CCP1CON         equ	16254	;# 
   717   003F7F                     CCP1CAP         equ	16255	;# 
   718   003F92                     T6TMR           equ	16274	;# 
   719   003F92                     TMR6            equ	16274	;# 
   720   003F93                     T6PR            equ	16275	;# 
   721   003F93                     PR6             equ	16275	;# 
   722   003F94                     T6CON           equ	16276	;# 
   723   003F95                     T6HLT           equ	16277	;# 
   724   003F96                     T6CLKCON        equ	16278	;# 
   725   003F96                     T6CLK           equ	16278	;# 
   726   003F97                     T6RST           equ	16279	;# 
   727   003F98                     TMR5            equ	16280	;# 
   728   003F98                     TMR5L           equ	16280	;# 
   729   003F99                     TMR5H           equ	16281	;# 
   730   003F9A                     T5CON           equ	16282	;# 
   731   003F9A                     TMR5CON         equ	16282	;# 
   732   003F9B                     T5GCON          equ	16283	;# 
   733   003F9B                     TMR5GCON        equ	16283	;# 
   734   003F9C                     T5GATE          equ	16284	;# 
   735   003F9C                     TMR5GATE        equ	16284	;# 
   736   003F9D                     T5CLK           equ	16285	;# 
   737   003F9D                     TMR5CLK         equ	16285	;# 
   738   003F9D                     PR5             equ	16285	;# 
   739   003F9E                     T4TMR           equ	16286	;# 
   740   003F9E                     TMR4            equ	16286	;# 
   741   003F9F                     T4PR            equ	16287	;# 
   742   003F9F                     PR4             equ	16287	;# 
   743   003FA0                     T4CON           equ	16288	;# 
   744   003FA1                     T4HLT           equ	16289	;# 
   745   003FA2                     T4CLKCON        equ	16290	;# 
   746   003FA2                     T4CLK           equ	16290	;# 
   747   003FA3                     T4RST           equ	16291	;# 
   748   003FA4                     TMR3            equ	16292	;# 
   749   003FA4                     TMR3L           equ	16292	;# 
   750   003FA5                     TMR3H           equ	16293	;# 
   751   003FA6                     T3CON           equ	16294	;# 
   752   003FA6                     TMR3CON         equ	16294	;# 
   753   003FA7                     T3GCON          equ	16295	;# 
   754   003FA7                     TMR3GCON        equ	16295	;# 
   755   003FA8                     T3GATE          equ	16296	;# 
   756   003FA8                     TMR3GATE        equ	16296	;# 
   757   003FA9                     T3CLK           equ	16297	;# 
   758   003FA9                     TMR3CLK         equ	16297	;# 
   759   003FA9                     PR3             equ	16297	;# 
   760   003FAA                     T2TMR           equ	16298	;# 
   761   003FAA                     TMR2            equ	16298	;# 
   762   003FAB                     T2PR            equ	16299	;# 
   763   003FAB                     PR2             equ	16299	;# 
   764   003FAC                     T2CON           equ	16300	;# 
   765   003FAD                     T2HLT           equ	16301	;# 
   766   003FAE                     T2CLKCON        equ	16302	;# 
   767   003FAE                     T2CLK           equ	16302	;# 
   768   003FAF                     T2RST           equ	16303	;# 
   769   003FB0                     TMR1            equ	16304	;# 
   770   003FB0                     TMR1L           equ	16304	;# 
   771   003FB1                     TMR1H           equ	16305	;# 
   772   003FB2                     T1CON           equ	16306	;# 
   773   003FB2                     TMR1CON         equ	16306	;# 
   774   003FB3                     T1GCON          equ	16307	;# 
   775   003FB3                     TMR1GCON        equ	16307	;# 
   776   003FB4                     T1GATE          equ	16308	;# 
   777   003FB4                     TMR1GATE        equ	16308	;# 
   778   003FB5                     T1CLK           equ	16309	;# 
   779   003FB5                     TMR1CLK         equ	16309	;# 
   780   003FB5                     PR1             equ	16309	;# 
   781   003FB6                     TMR0L           equ	16310	;# 
   782   003FB6                     TMR0            equ	16310	;# 
   783   003FB7                     TMR0H           equ	16311	;# 
   784   003FB7                     PR0             equ	16311	;# 
   785   003FB8                     T0CON0          equ	16312	;# 
   786   003FB9                     T0CON1          equ	16313	;# 
   787   003FBA                     LATA            equ	16314	;# 
   788   003FBB                     LATB            equ	16315	;# 
   789   003FBC                     LATC            equ	16316	;# 
   790   003FBD                     LATD            equ	16317	;# 
   791   003FBE                     LATE            equ	16318	;# 
   792   003FC2                     TRISA           equ	16322	;# 
   793   003FC3                     TRISB           equ	16323	;# 
   794   003FC4                     TRISC           equ	16324	;# 
   795   003FC5                     TRISD           equ	16325	;# 
   796   003FC6                     TRISE           equ	16326	;# 
   797   003FCA                     PORTA           equ	16330	;# 
   798   003FCB                     PORTB           equ	16331	;# 
   799   003FCC                     PORTC           equ	16332	;# 
   800   003FCD                     PORTD           equ	16333	;# 
   801   003FCE                     PORTE           equ	16334	;# 
   802   003FD2                     INTCON0         equ	16338	;# 
   803   003FD3                     INTCON1         equ	16339	;# 
   804   003FD4                     IVTLOCK         equ	16340	;# 
   805   003FD5                     IVTBASE         equ	16341	;# 
   806   003FD5                     IVTBASEL        equ	16341	;# 
   807   003FD6                     IVTBASEH        equ	16342	;# 
   808   003FD7                     IVTBASEU        equ	16343	;# 
   809   003FD8                     STATUS          equ	16344	;# 
   810   003FD9                     FSR2            equ	16345	;# 
   811   003FD9                     FSR2L           equ	16345	;# 
   812   003FDA                     FSR2H           equ	16346	;# 
   813   003FDB                     PLUSW2          equ	16347	;# 
   814   003FDC                     PREINC2         equ	16348	;# 
   815   003FDD                     POSTDEC2        equ	16349	;# 
   816   003FDE                     POSTINC2        equ	16350	;# 
   817   003FDF                     INDF2           equ	16351	;# 
   818   003FE0                     BSR             equ	16352	;# 
   819   003FE1                     FSR1            equ	16353	;# 
   820   003FE1                     FSR1L           equ	16353	;# 
   821   003FE2                     FSR1H           equ	16354	;# 
   822   003FE3                     PLUSW1          equ	16355	;# 
   823   003FE4                     PREINC1         equ	16356	;# 
   824   003FE5                     POSTDEC1        equ	16357	;# 
   825   003FE6                     POSTINC1        equ	16358	;# 
   826   003FE7                     INDF1           equ	16359	;# 
   827   003FE8                     WREG            equ	16360	;# 
   828   003FE9                     FSR0            equ	16361	;# 
   829   003FE9                     FSR0L           equ	16361	;# 
   830   003FEA                     FSR0H           equ	16362	;# 
   831   003FEB                     PLUSW0          equ	16363	;# 
   832   003FEC                     PREINC0         equ	16364	;# 
   833   003FED                     POSTDEC0        equ	16365	;# 
   834   003FEE                     POSTINC0        equ	16366	;# 
   835   003FEF                     INDF0           equ	16367	;# 
   836   003FF0                     PCON0           equ	16368	;# 
   837   003FF1                     PCON1           equ	16369	;# 
   838   003FF3                     PROD            equ	16371	;# 
   839   003FF3                     PRODL           equ	16371	;# 
   840   003FF4                     PRODH           equ	16372	;# 
   841   003FF5                     TABLAT          equ	16373	;# 
   842   003FF6                     TBLPTR          equ	16374	;# 
   843   003FF6                     TBLPTRL         equ	16374	;# 
   844   003FF7                     TBLPTRH         equ	16375	;# 
   845   003FF8                     TBLPTRU         equ	16376	;# 
   846   003FF9                     PCLAT           equ	16377	;# 
   847   003FF9                     PCL             equ	16377	;# 
   848   003FFA                     PCLATH          equ	16378	;# 
   849   003FFB                     PCLATU          equ	16379	;# 
   850   003FFC                     STKPTR          equ	16380	;# 
   851   003FFD                     TOS             equ	16381	;# 
   852   003FFD                     TOSL            equ	16381	;# 
   853   003FFE                     TOSH            equ	16382	;# 
   854   003FFF                     TOSU            equ	16383	;# 
   855   003880                     STATUS_CSHAD    equ	14464	;# 
   856   003881                     WREG_CSHAD      equ	14465	;# 
   857   003882                     BSR_CSHAD       equ	14466	;# 
   858   003883                     SHADCON         equ	14467	;# 
   859   003884                     STATUS_SHAD     equ	14468	;# 
   860   003885                     WREG_SHAD       equ	14469	;# 
   861   003886                     BSR_SHAD        equ	14470	;# 
   862   003887                     PCLATH_SHAD     equ	14471	;# 
   863   003888                     PCLATU_SHAD     equ	14472	;# 
   864   003889                     FSR0SH          equ	14473	;# 
   865   003889                     FSR0L_SHAD      equ	14473	;# 
   866   00388A                     FSR0H_SHAD      equ	14474	;# 
   867   00388B                     FSR1SH          equ	14475	;# 
   868   00388B                     FSR1L_SHAD      equ	14475	;# 
   869   00388C                     FSR1H_SHAD      equ	14476	;# 
   870   00388D                     FSR2SH          equ	14477	;# 
   871   00388D                     FSR2L_SHAD      equ	14477	;# 
   872   00388E                     FSR2H_SHAD      equ	14478	;# 
   873   00388F                     PRODSH          equ	14479	;# 
   874   00388F                     PRODL_SHAD      equ	14479	;# 
   875   003890                     PRODH_SHAD      equ	14480	;# 
   876   00389D                     IVTADL          equ	14493	;# 
   877   00389E                     IVTADH          equ	14494	;# 
   878   00389F                     IVTADU          equ	14495	;# 
   879   00395B                     WDTCON0         equ	14683	;# 
   880   00395C                     WDTCON1         equ	14684	;# 
   881   00395D                     WDTPSL          equ	14685	;# 
   882   00395E                     WDTPSH          equ	14686	;# 
   883   00395F                     WDTTMR          equ	14687	;# 
   884   003960                     CRCDATA         equ	14688	;# 
   885   003960                     CRCDATL         equ	14688	;# 
   886   003961                     CRCDATH         equ	14689	;# 
   887   003962                     CRCACC          equ	14690	;# 
   888   003962                     CRCACCL         equ	14690	;# 
   889   003963                     CRCACCH         equ	14691	;# 
   890   003964                     CRCSHFT         equ	14692	;# 
   891   003964                     CRCSHIFTL       equ	14692	;# 
   892   003965                     CRCSHIFTH       equ	14693	;# 
   893   003966                     CRCXOR          equ	14694	;# 
   894   003966                     CRCXORL         equ	14694	;# 
   895   003967                     CRCXORH         equ	14695	;# 
   896   003968                     CRCCON0         equ	14696	;# 
   897   003969                     CRCCON1         equ	14697	;# 
   898   003976                     SCANLADR        equ	14710	;# 
   899   003976                     SCANLADRL       equ	14710	;# 
   900   003977                     SCANLADRH       equ	14711	;# 
   901   003978                     SCANLADRU       equ	14712	;# 
   902   003979                     SCANHADR        equ	14713	;# 
   903   003979                     SCANHADRL       equ	14713	;# 
   904   00397A                     SCANHADRH       equ	14714	;# 
   905   00397B                     SCANHADRU       equ	14715	;# 
   906   00397C                     SCANCON0        equ	14716	;# 
   907   00397D                     SCANTRIG        equ	14717	;# 
   908   003980                     IPR0            equ	14720	;# 
   909   003981                     IPR1            equ	14721	;# 
   910   003982                     IPR2            equ	14722	;# 
   911   003983                     IPR3            equ	14723	;# 
   912   003984                     IPR4            equ	14724	;# 
   913   003985                     IPR5            equ	14725	;# 
   914   003986                     IPR6            equ	14726	;# 
   915   003987                     IPR7            equ	14727	;# 
   916   003988                     IPR8            equ	14728	;# 
   917   003989                     IPR9            equ	14729	;# 
   918   00398A                     IPR10           equ	14730	;# 
   919   003990                     PIE0            equ	14736	;# 
   920   003991                     PIE1            equ	14737	;# 
   921   003992                     PIE2            equ	14738	;# 
   922   003993                     PIE3            equ	14739	;# 
   923   003994                     PIE4            equ	14740	;# 
   924   003995                     PIE5            equ	14741	;# 
   925   003996                     PIE6            equ	14742	;# 
   926   003997                     PIE7            equ	14743	;# 
   927   003998                     PIE8            equ	14744	;# 
   928   003999                     PIE9            equ	14745	;# 
   929   00399A                     PIE10           equ	14746	;# 
   930   0039A0                     PIR0            equ	14752	;# 
   931   0039A1                     PIR1            equ	14753	;# 
   932   0039A2                     PIR2            equ	14754	;# 
   933   0039A3                     PIR3            equ	14755	;# 
   934   0039A4                     PIR4            equ	14756	;# 
   935   0039A5                     PIR5            equ	14757	;# 
   936   0039A6                     PIR6            equ	14758	;# 
   937   0039A7                     PIR7            equ	14759	;# 
   938   0039A8                     PIR8            equ	14760	;# 
   939   0039A9                     PIR9            equ	14761	;# 
   940   0039AA                     PIR10           equ	14762	;# 
   941   0039C0                     PMD0            equ	14784	;# 
   942   0039C1                     PMD1            equ	14785	;# 
   943   0039C2                     PMD2            equ	14786	;# 
   944   0039C3                     PMD3            equ	14787	;# 
   945   0039C4                     PMD4            equ	14788	;# 
   946   0039C5                     PMD5            equ	14789	;# 
   947   0039C6                     PMD6            equ	14790	;# 
   948   0039C7                     PMD7            equ	14791	;# 
   949   0039D0                     BORCON          equ	14800	;# 
   950   0039D1                     VREGCON         equ	14801	;# 
   951   0039D8                     CPUDOZE         equ	14808	;# 
   952   0039D9                     OSCCON1         equ	14809	;# 
   953   0039DA                     OSCCON2         equ	14810	;# 
   954   0039DB                     OSCCON3         equ	14811	;# 
   955   0039DC                     OSCSTAT         equ	14812	;# 
   956   0039DC                     OSCSTAT1        equ	14812	;# 
   957   0039DD                     OSCEN           equ	14813	;# 
   958   0039DE                     OSCTUNE         equ	14814	;# 
   959   0039DF                     OSCFRQ          equ	14815	;# 
   960   0039E0                     NVMADRL         equ	14816	;# 
   961   0039E1                     NVMADRH         equ	14817	;# 
   962   0039E3                     NVMDAT          equ	14819	;# 
   963   0039E5                     NVMCON1         equ	14821	;# 
   964   0039E6                     NVMCON2         equ	14822	;# 
   965   0039EF                     PRLOCK          equ	14831	;# 
   966   0039F1                     ISRPR           equ	14833	;# 
   967   0039F2                     MAINPR          equ	14834	;# 
   968   0039F3                     DMA1PR          equ	14835	;# 
   969   0039F4                     DMA2PR          equ	14836	;# 
   970   0039F7                     SCANPR          equ	14839	;# 
   971   003A00                     RA0PPS          equ	14848	;# 
   972   003A01                     RA1PPS          equ	14849	;# 
   973   003A02                     RA2PPS          equ	14850	;# 
   974   003A03                     RA3PPS          equ	14851	;# 
   975   003A04                     RA4PPS          equ	14852	;# 
   976   003A05                     RA5PPS          equ	14853	;# 
   977   003A06                     RA6PPS          equ	14854	;# 
   978   003A07                     RA7PPS          equ	14855	;# 
   979   003A08                     RB0PPS          equ	14856	;# 
   980   003A09                     RB1PPS          equ	14857	;# 
   981   003A0A                     RB2PPS          equ	14858	;# 
   982   003A0B                     RB3PPS          equ	14859	;# 
   983   003A0C                     RB4PPS          equ	14860	;# 
   984   003A0D                     RB5PPS          equ	14861	;# 
   985   003A0E                     RB6PPS          equ	14862	;# 
   986   003A0F                     RB7PPS          equ	14863	;# 
   987   003A10                     RC0PPS          equ	14864	;# 
   988   003A11                     RC1PPS          equ	14865	;# 
   989   003A12                     RC2PPS          equ	14866	;# 
   990   003A13                     RC3PPS          equ	14867	;# 
   991   003A14                     RC4PPS          equ	14868	;# 
   992   003A15                     RC5PPS          equ	14869	;# 
   993   003A16                     RC6PPS          equ	14870	;# 
   994   003A17                     RC7PPS          equ	14871	;# 
   995   003A18                     RD0PPS          equ	14872	;# 
   996   003A19                     RD1PPS          equ	14873	;# 
   997   003A1A                     RD2PPS          equ	14874	;# 
   998   003A1B                     RD3PPS          equ	14875	;# 
   999   003A1C                     RD4PPS          equ	14876	;# 
  1000   003A1D                     RD5PPS          equ	14877	;# 
  1001   003A1E                     RD6PPS          equ	14878	;# 
  1002   003A1F                     RD7PPS          equ	14879	;# 
  1003   003A20                     RE0PPS          equ	14880	;# 
  1004   003A21                     RE1PPS          equ	14881	;# 
  1005   003A22                     RE2PPS          equ	14882	;# 
  1006   003A40                     ANSELA          equ	14912	;# 
  1007   003A41                     WPUA            equ	14913	;# 
  1008   003A42                     ODCONA          equ	14914	;# 
  1009   003A43                     SLRCONA         equ	14915	;# 
  1010   003A44                     INLVLA          equ	14916	;# 
  1011   003A45                     IOCAP           equ	14917	;# 
  1012   003A46                     IOCAN           equ	14918	;# 
  1013   003A47                     IOCAF           equ	14919	;# 
  1014   003A50                     ANSELB          equ	14928	;# 
  1015   003A51                     WPUB            equ	14929	;# 
  1016   003A52                     ODCONB          equ	14930	;# 
  1017   003A53                     SLRCONB         equ	14931	;# 
  1018   003A54                     INLVLB          equ	14932	;# 
  1019   003A55                     IOCBP           equ	14933	;# 
  1020   003A56                     IOCBN           equ	14934	;# 
  1021   003A57                     IOCBF           equ	14935	;# 
  1022   003A5A                     RB1I2C          equ	14938	;# 
  1023   003A5B                     RB2I2C          equ	14939	;# 
  1024   003A60                     ANSELC          equ	14944	;# 
  1025   003A61                     WPUC            equ	14945	;# 
  1026   003A62                     ODCONC          equ	14946	;# 
  1027   003A63                     SLRCONC         equ	14947	;# 
  1028   003A64                     INLVLC          equ	14948	;# 
  1029   003A65                     IOCCP           equ	14949	;# 
  1030   003A66                     IOCCN           equ	14950	;# 
  1031   003A67                     IOCCF           equ	14951	;# 
  1032   003A6A                     RC3I2C          equ	14954	;# 
  1033   003A6B                     RC4I2C          equ	14955	;# 
  1034   003A70                     ANSELD          equ	14960	;# 
  1035   003A71                     WPUD            equ	14961	;# 
  1036   003A72                     ODCOND          equ	14962	;# 
  1037   003A73                     SLRCOND         equ	14963	;# 
  1038   003A74                     INLVLD          equ	14964	;# 
  1039   003A7A                     RD0I2C          equ	14970	;# 
  1040   003A7B                     RD1I2C          equ	14971	;# 
  1041   003A80                     ANSELE          equ	14976	;# 
  1042   003A81                     WPUE            equ	14977	;# 
  1043   003A82                     ODCONE          equ	14978	;# 
  1044   003A83                     SLRCONE         equ	14979	;# 
  1045   003A84                     INLVLE          equ	14980	;# 
  1046   003A85                     IOCEP           equ	14981	;# 
  1047   003A86                     IOCEN           equ	14982	;# 
  1048   003A87                     IOCEF           equ	14983	;# 
  1049   003ABF                     PPSLOCK         equ	15039	;# 
  1050   003AC0                     INT0PPS         equ	15040	;# 
  1051   003AC1                     INT1PPS         equ	15041	;# 
  1052   003AC2                     INT2PPS         equ	15042	;# 
  1053   003AC3                     T0CKIPPS        equ	15043	;# 
  1054   003AC4                     T1CKIPPS        equ	15044	;# 
  1055   003AC5                     T1GPPS          equ	15045	;# 
  1056   003AC6                     T3CKIPPS        equ	15046	;# 
  1057   003AC7                     T3GPPS          equ	15047	;# 
  1058   003AC8                     T5CKIPPS        equ	15048	;# 
  1059   003AC9                     T5GPPS          equ	15049	;# 
  1060   003ACA                     T2INPPS         equ	15050	;# 
  1061   003ACB                     T4INPPS         equ	15051	;# 
  1062   003ACC                     T6INPPS         equ	15052	;# 
  1063   003ACD                     CCP1PPS         equ	15053	;# 
  1064   003ACE                     CCP2PPS         equ	15054	;# 
  1065   003ACF                     CCP3PPS         equ	15055	;# 
  1066   003AD0                     CCP4PPS         equ	15056	;# 
  1067   003AD1                     SMT1WINPPS      equ	15057	;# 
  1068   003AD2                     SMT1SIGPPS      equ	15058	;# 
  1069   003AD3                     CWG1INPPS       equ	15059	;# 
  1070   003AD4                     CWG2INPPS       equ	15060	;# 
  1071   003AD5                     CWG3INPPS       equ	15061	;# 
  1072   003AD6                     MD1CARLPPS      equ	15062	;# 
  1073   003AD7                     MD1CARHPPS      equ	15063	;# 
  1074   003AD8                     MD1SRCPPS       equ	15064	;# 
  1075   003AD9                     CLCIN0PPS       equ	15065	;# 
  1076   003ADA                     CLCIN1PPS       equ	15066	;# 
  1077   003ADB                     CLCIN2PPS       equ	15067	;# 
  1078   003ADC                     CLCIN3PPS       equ	15068	;# 
  1079   003ADD                     ADACTPPS        equ	15069	;# 
  1080   003ADE                     SPI1SCKPPS      equ	15070	;# 
  1081   003ADF                     SPI1SDIPPS      equ	15071	;# 
  1082   003AE0                     SPI1SSPPS       equ	15072	;# 
  1083   003AE1                     I2C1SCLPPS      equ	15073	;# 
  1084   003AE2                     I2C1SDAPPS      equ	15074	;# 
  1085   003AE3                     I2C2SCLPPS      equ	15075	;# 
  1086   003AE4                     I2C2SDAPPS      equ	15076	;# 
  1087   003AE5                     U1RXPPS         equ	15077	;# 
  1088   003AE6                     U1CTSPPS        equ	15078	;# 
  1089   003AE8                     U2RXPPS         equ	15080	;# 
  1090   003AE9                     U2CTSPPS        equ	15081	;# 
  1091   003BC9                     DMA2BUF         equ	15305	;# 
  1092   003BCA                     DMA2DCNT        equ	15306	;# 
  1093   003BCA                     DMA2DCNTL       equ	15306	;# 
  1094   003BCB                     DMA2DCNTH       equ	15307	;# 
  1095   003BCC                     DMA2DPTR        equ	15308	;# 
  1096   003BCC                     DMA2DPTRL       equ	15308	;# 
  1097   003BCD                     DMA2DPTRH       equ	15309	;# 
  1098   003BCE                     DMA2DSZ         equ	15310	;# 
  1099   003BCE                     DMA2DSZL        equ	15310	;# 
  1100   003BCF                     DMA2DSZH        equ	15311	;# 
  1101   003BD0                     DMA2DSA         equ	15312	;# 
  1102   003BD0                     DMA2DSAL        equ	15312	;# 
  1103   003BD1                     DMA2DSAH        equ	15313	;# 
  1104   003BD2                     DMA2SCNT        equ	15314	;# 
  1105   003BD2                     DMA2SCNTL       equ	15314	;# 
  1106   003BD3                     DMA2SCNTH       equ	15315	;# 
  1107   003BD4                     DMA2SPTR        equ	15316	;# 
  1108   003BD4                     DMA2SPTRL       equ	15316	;# 
  1109   003BD5                     DMA2SPTRH       equ	15317	;# 
  1110   003BD6                     DMA2SPTRU       equ	15318	;# 
  1111   003BD7                     DMA2SSZ         equ	15319	;# 
  1112   003BD7                     DMA2SSZL        equ	15319	;# 
  1113   003BD8                     DMA2SSZH        equ	15320	;# 
  1114   003BD9                     DMA2SSA         equ	15321	;# 
  1115   003BD9                     DMA2SSAL        equ	15321	;# 
  1116   003BDA                     DMA2SSAH        equ	15322	;# 
  1117   003BDB                     DMA2SSAU        equ	15323	;# 
  1118   003BDC                     DMA2CON0        equ	15324	;# 
  1119   003BDD                     DMA2CON1        equ	15325	;# 
  1120   003BDE                     DMA2AIRQ        equ	15326	;# 
  1121   003BDF                     DMA2SIRQ        equ	15327	;# 
  1122   003BE9                     DMA1BUF         equ	15337	;# 
  1123   003BEA                     DMA1DCNT        equ	15338	;# 
  1124   003BEA                     DMA1DCNTL       equ	15338	;# 
  1125   003BEB                     DMA1DCNTH       equ	15339	;# 
  1126   003BEC                     DMA1DPTR        equ	15340	;# 
  1127   003BEC                     DMA1DPTRL       equ	15340	;# 
  1128   003BED                     DMA1DPTRH       equ	15341	;# 
  1129   003BEE                     DMA1DSZ         equ	15342	;# 
  1130   003BEE                     DMA1DSZL        equ	15342	;# 
  1131   003BEF                     DMA1DSZH        equ	15343	;# 
  1132   003BF0                     DMA1DSA         equ	15344	;# 
  1133   003BF0                     DMA1DSAL        equ	15344	;# 
  1134   003BF1                     DMA1DSAH        equ	15345	;# 
  1135   003BF2                     DMA1SCNT        equ	15346	;# 
  1136   003BF2                     DMA1SCNTL       equ	15346	;# 
  1137   003BF3                     DMA1SCNTH       equ	15347	;# 
  1138   003BF4                     DMA1SPTR        equ	15348	;# 
  1139   003BF4                     DMA1SPTRL       equ	15348	;# 
  1140   003BF5                     DMA1SPTRH       equ	15349	;# 
  1141   003BF6                     DMA1SPTRU       equ	15350	;# 
  1142   003BF7                     DMA1SSZ         equ	15351	;# 
  1143   003BF7                     DMA1SSZL        equ	15351	;# 
  1144   003BF8                     DMA1SSZH        equ	15352	;# 
  1145   003BF9                     DMA1SSA         equ	15353	;# 
  1146   003BF9                     DMA1SSAL        equ	15353	;# 
  1147   003BFA                     DMA1SSAH        equ	15354	;# 
  1148   003BFB                     DMA1SSAU        equ	15355	;# 
  1149   003BFC                     DMA1CON0        equ	15356	;# 
  1150   003BFD                     DMA1CON1        equ	15357	;# 
  1151   003BFE                     DMA1AIRQ        equ	15358	;# 
  1152   003BFF                     DMA1SIRQ        equ	15359	;# 
  1153   003C56                     CLC4CON         equ	15446	;# 
  1154   003C57                     CLC4POL         equ	15447	;# 
  1155   003C58                     CLC4SEL0        equ	15448	;# 
  1156   003C59                     CLC4SEL1        equ	15449	;# 
  1157   003C5A                     CLC4SEL2        equ	15450	;# 
  1158   003C5B                     CLC4SEL3        equ	15451	;# 
  1159   003C5C                     CLC4GLS0        equ	15452	;# 
  1160   003C5D                     CLC4GLS1        equ	15453	;# 
  1161   003C5E                     CLC4GLS2        equ	15454	;# 
  1162   003C5F                     CLC4GLS3        equ	15455	;# 
  1163   003C60                     CLC3CON         equ	15456	;# 
  1164   003C61                     CLC3POL         equ	15457	;# 
  1165   003C62                     CLC3SEL0        equ	15458	;# 
  1166   003C63                     CLC3SEL1        equ	15459	;# 
  1167   003C64                     CLC3SEL2        equ	15460	;# 
  1168   003C65                     CLC3SEL3        equ	15461	;# 
  1169   003C66                     CLC3GLS0        equ	15462	;# 
  1170   003C67                     CLC3GLS1        equ	15463	;# 
  1171   003C68                     CLC3GLS2        equ	15464	;# 
  1172   003C69                     CLC3GLS3        equ	15465	;# 
  1173   003C6A                     CLC2CON         equ	15466	;# 
  1174   003C6B                     CLC2POL         equ	15467	;# 
  1175   003C6C                     CLC2SEL0        equ	15468	;# 
  1176   003C6D                     CLC2SEL1        equ	15469	;# 
  1177   003C6E                     CLC2SEL2        equ	15470	;# 
  1178   003C6F                     CLC2SEL3        equ	15471	;# 
  1179   003C70                     CLC2GLS0        equ	15472	;# 
  1180   003C71                     CLC2GLS1        equ	15473	;# 
  1181   003C72                     CLC2GLS2        equ	15474	;# 
  1182   003C73                     CLC2GLS3        equ	15475	;# 
  1183   003C74                     CLC1CON         equ	15476	;# 
  1184   003C75                     CLC1POL         equ	15477	;# 
  1185   003C76                     CLC1SEL0        equ	15478	;# 
  1186   003C77                     CLC1SEL1        equ	15479	;# 
  1187   003C78                     CLC1SEL2        equ	15480	;# 
  1188   003C79                     CLC1SEL3        equ	15481	;# 
  1189   003C7A                     CLC1GLS0        equ	15482	;# 
  1190   003C7B                     CLC1GLS1        equ	15483	;# 
  1191   003C7C                     CLC1GLS2        equ	15484	;# 
  1192   003C7D                     CLC1GLS3        equ	15485	;# 
  1193   003C7E                     CLCDATA0        equ	15486	;# 
  1194   003CE5                     CLKRCON         equ	15589	;# 
  1195   003CE6                     CLKRCLK         equ	15590	;# 
  1196   003CFA                     MD1CON0         equ	15610	;# 
  1197   003CFB                     MD1CON1         equ	15611	;# 
  1198   003CFC                     MD1SRC          equ	15612	;# 
  1199   003CFD                     MD1CARL         equ	15613	;# 
  1200   003CFE                     MD1CARH         equ	15614	;# 
  1201   003D10                     SPI1RXB         equ	15632	;# 
  1202   003D11                     SPI1TXB         equ	15633	;# 
  1203   003D12                     SPI1TCNT        equ	15634	;# 
  1204   003D12                     SPI1TCNTL       equ	15634	;# 
  1205   003D13                     SPI1TCNTH       equ	15635	;# 
  1206   003D14                     SPI1CON0        equ	15636	;# 
  1207   003D15                     SPI1CON1        equ	15637	;# 
  1208   003D16                     SPI1CON2        equ	15638	;# 
  1209   003D17                     SPI1STATUS      equ	15639	;# 
  1210   003D18                     SPI1TWIDTH      equ	15640	;# 
  1211   003D19                     SPI1BAUD        equ	15641	;# 
  1212   003D1A                     SPI1INTF        equ	15642	;# 
  1213   003D1B                     SPI1INTE        equ	15643	;# 
  1214   003D1C                     SPI1CLK         equ	15644	;# 
  1215   003D54                     I2C2RXB         equ	15700	;# 
  1216   003D55                     I2C2TXB         equ	15701	;# 
  1217   003D56                     I2C2CNT         equ	15702	;# 
  1218   003D57                     I2C2ADB0        equ	15703	;# 
  1219   003D58                     I2C2ADB1        equ	15704	;# 
  1220   003D59                     I2C2ADR0        equ	15705	;# 
  1221   003D5A                     I2C2ADR1        equ	15706	;# 
  1222   003D5B                     I2C2ADR2        equ	15707	;# 
  1223   003D5C                     I2C2ADR3        equ	15708	;# 
  1224   003D5D                     I2C2CON0        equ	15709	;# 
  1225   003D5E                     I2C2CON1        equ	15710	;# 
  1226   003D5F                     I2C2CON2        equ	15711	;# 
  1227   003D60                     I2C2ERR         equ	15712	;# 
  1228   003D61                     I2C2STAT0       equ	15713	;# 
  1229   003D62                     I2C2STAT1       equ	15714	;# 
  1230   003D63                     I2C2PIR         equ	15715	;# 
  1231   003D64                     I2C2PIE         equ	15716	;# 
  1232   003D65                     I2C2CLK         equ	15717	;# 
  1233   003D66                     I2C2BTO         equ	15718	;# 
  1234   003D6A                     I2C1RXB         equ	15722	;# 
  1235   003D6B                     I2C1TXB         equ	15723	;# 
  1236   003D6C                     I2C1CNT         equ	15724	;# 
  1237   003D6D                     I2C1ADB0        equ	15725	;# 
  1238   003D6E                     I2C1ADB1        equ	15726	;# 
  1239   003D6F                     I2C1ADR0        equ	15727	;# 
  1240   003D70                     I2C1ADR1        equ	15728	;# 
  1241   003D71                     I2C1ADR2        equ	15729	;# 
  1242   003D72                     I2C1ADR3        equ	15730	;# 
  1243   003D73                     I2C1CON0        equ	15731	;# 
  1244   003D74                     I2C1CON1        equ	15732	;# 
  1245   003D75                     I2C1CON2        equ	15733	;# 
  1246   003D76                     I2C1ERR         equ	15734	;# 
  1247   003D77                     I2C1STAT0       equ	15735	;# 
  1248   003D78                     I2C1STAT1       equ	15736	;# 
  1249   003D79                     I2C1PIR         equ	15737	;# 
  1250   003D7A                     I2C1PIE         equ	15738	;# 
  1251   003D7B                     I2C1CLK         equ	15739	;# 
  1252   003D7C                     I2C1BTO         equ	15740	;# 
  1253   003DD0                     U2RXB           equ	15824	;# 
  1254   003DD0                     U2RXBL          equ	15824	;# 
  1255   003DD2                     U2TXB           equ	15826	;# 
  1256   003DD2                     U2TXBL          equ	15826	;# 
  1257   003DD4                     U2P1            equ	15828	;# 
  1258   003DD4                     U2P1L           equ	15828	;# 
  1259   003DD6                     U2P2            equ	15830	;# 
  1260   003DD6                     U2P2L           equ	15830	;# 
  1261   003DD8                     U2P3            equ	15832	;# 
  1262   003DD8                     U2P3L           equ	15832	;# 
  1263   003DDA                     U2CON0          equ	15834	;# 
  1264   003DDB                     U2CON1          equ	15835	;# 
  1265   003DDC                     U2CON2          equ	15836	;# 
  1266   003DDD                     U2BRG           equ	15837	;# 
  1267   003DDD                     U2BRGL          equ	15837	;# 
  1268   003DDE                     U2BRGH          equ	15838	;# 
  1269   003DDF                     U2FIFO          equ	15839	;# 
  1270   003DE0                     U2UIR           equ	15840	;# 
  1271   003DE1                     U2ERRIR         equ	15841	;# 
  1272   003DE2                     U2ERRIE         equ	15842	;# 
  1273   003DE8                     U1RXB           equ	15848	;# 
  1274   003DE8                     U1RXBL          equ	15848	;# 
  1275   003DE9                     U1RXCHK         equ	15849	;# 
  1276   003DEA                     U1TXB           equ	15850	;# 
  1277   003DEA                     U1TXBL          equ	15850	;# 
  1278   003DEB                     U1TXCHK         equ	15851	;# 
  1279   003DEC                     U1P1            equ	15852	;# 
  1280   003DEC                     U1P1L           equ	15852	;# 
  1281   003DED                     U1P1H           equ	15853	;# 
  1282   003DEE                     U1P2            equ	15854	;# 
  1283   003DEE                     U1P2L           equ	15854	;# 
  1284   003DEF                     U1P2H           equ	15855	;# 
  1285   003DF0                     U1P3            equ	15856	;# 
  1286   003DF0                     U1P3L           equ	15856	;# 
  1287   003DF1                     U1P3H           equ	15857	;# 
  1288   003DF2                     U1CON0          equ	15858	;# 
  1289   003DF3                     U1CON1          equ	15859	;# 
  1290   003DF4                     U1CON2          equ	15860	;# 
  1291   003DF5                     U1BRG           equ	15861	;# 
  1292   003DF5                     U1BRGL          equ	15861	;# 
  1293   003DF6                     U1BRGH          equ	15862	;# 
  1294   003DF7                     U1FIFO          equ	15863	;# 
  1295   003DF8                     U1UIR           equ	15864	;# 
  1296   003DF9                     U1ERRIR         equ	15865	;# 
  1297   003DFA                     U1ERRIE         equ	15866	;# 
  1298   003E9C                     DAC1CON1        equ	16028	;# 
  1299   003E9E                     DAC1CON0        equ	16030	;# 
  1300   003EB8                     CM2CON0         equ	16056	;# 
  1301   003EB9                     CM2CON1         equ	16057	;# 
  1302   003EBA                     CM2NCH          equ	16058	;# 
  1303   003EBB                     CM2PCH          equ	16059	;# 
  1304   003EBC                     CM1CON0         equ	16060	;# 
  1305   003EBD                     CM1CON1         equ	16061	;# 
  1306   003EBE                     CM1NCH          equ	16062	;# 
  1307   003EBF                     CM1PCH          equ	16063	;# 
  1308   003EC0                     CMOUT           equ	16064	;# 
  1309   003EC1                     FVRCON          equ	16065	;# 
  1310   003EC3                     ZCDCON          equ	16067	;# 
  1311   003EC9                     HLVDCON0        equ	16073	;# 
  1312   003ECA                     HLVDCON1        equ	16074	;# 
  1313   003ED7                     ADCP            equ	16087	;# 
  1314   003EDE                     ADLTH           equ	16094	;# 
  1315   003EDE                     ADLTHL          equ	16094	;# 
  1316   003EDF                     ADLTHH          equ	16095	;# 
  1317   003EE0                     ADUTH           equ	16096	;# 
  1318   003EE0                     ADUTHL          equ	16096	;# 
  1319   003EE1                     ADUTHH          equ	16097	;# 
  1320   003EE2                     ADERR           equ	16098	;# 
  1321   003EE2                     ADERRL          equ	16098	;# 
  1322   003EE3                     ADERRH          equ	16099	;# 
  1323   003EE4                     ADSTPT          equ	16100	;# 
  1324   003EE4                     ADSTPTL         equ	16100	;# 
  1325   003EE5                     ADSTPTH         equ	16101	;# 
  1326   003EE6                     ADFLTR          equ	16102	;# 
  1327   003EE6                     ADFLTRL         equ	16102	;# 
  1328   003EE7                     ADFLTRH         equ	16103	;# 
  1329   003EE8                     ADACC           equ	16104	;# 
  1330   003EE8                     ADACCL          equ	16104	;# 
  1331   003EE9                     ADACCH          equ	16105	;# 
  1332   003EEA                     ADACCU          equ	16106	;# 
  1333   003EEB                     ADCNT           equ	16107	;# 
  1334   003EEC                     ADRPT           equ	16108	;# 
  1335   003EED                     ADPREV          equ	16109	;# 
  1336   003EED                     ADPREVL         equ	16109	;# 
  1337   003EEE                     ADPREVH         equ	16110	;# 
  1338   003EEF                     ADRES           equ	16111	;# 
  1339   003EEF                     ADRESL          equ	16111	;# 
  1340   003EF0                     ADRESH          equ	16112	;# 
  1341   003EF1                     ADPCH           equ	16113	;# 
  1342   003EF3                     ADACQ           equ	16115	;# 
  1343   003EF3                     ADACQL          equ	16115	;# 
  1344   003EF4                     ADACQH          equ	16116	;# 
  1345   003EF5                     ADCAP           equ	16117	;# 
  1346   003EF6                     ADPRE           equ	16118	;# 
  1347   003EF6                     ADPREL          equ	16118	;# 
  1348   003EF7                     ADPREH          equ	16119	;# 
  1349   003EF8                     ADCON0          equ	16120	;# 
  1350   003EF9                     ADCON1          equ	16121	;# 
  1351   003EFA                     ADCON2          equ	16122	;# 
  1352   003EFB                     ADCON3          equ	16123	;# 
  1353   003EFC                     ADSTAT          equ	16124	;# 
  1354   003EFD                     ADREF           equ	16125	;# 
  1355   003EFE                     ADACT           equ	16126	;# 
  1356   003EFF                     ADCLK           equ	16127	;# 
  1357   003F12                     SMT1TMR         equ	16146	;# 
  1358   003F12                     SMT1TMRL        equ	16146	;# 
  1359   003F13                     SMT1TMRH        equ	16147	;# 
  1360   003F14                     SMT1TMRU        equ	16148	;# 
  1361   003F15                     SMT1CPR         equ	16149	;# 
  1362   003F15                     SMT1CPRL        equ	16149	;# 
  1363   003F16                     SMT1CPRH        equ	16150	;# 
  1364   003F17                     SMT1CPRU        equ	16151	;# 
  1365   003F18                     SMT1CPW         equ	16152	;# 
  1366   003F18                     SMT1CPWL        equ	16152	;# 
  1367   003F19                     SMT1CPWH        equ	16153	;# 
  1368   003F1A                     SMT1CPWU        equ	16154	;# 
  1369   003F1B                     SMT1PR          equ	16155	;# 
  1370   003F1B                     SMT1PRL         equ	16155	;# 
  1371   003F1C                     SMT1PRH         equ	16156	;# 
  1372   003F1D                     SMT1PRU         equ	16157	;# 
  1373   003F1E                     SMT1CON0        equ	16158	;# 
  1374   003F1F                     SMT1CON1        equ	16159	;# 
  1375   003F20                     SMT1STAT        equ	16160	;# 
  1376   003F21                     SMT1CLK         equ	16161	;# 
  1377   003F22                     SMT1SIG         equ	16162	;# 
  1378   003F23                     SMT1WIN         equ	16163	;# 
  1379   003F38                     NCO1ACC         equ	16184	;# 
  1380   003F38                     NCO1ACCL        equ	16184	;# 
  1381   003F39                     NCO1ACCH        equ	16185	;# 
  1382   003F3A                     NCO1ACCU        equ	16186	;# 
  1383   003F3B                     NCO1INC         equ	16187	;# 
  1384   003F3B                     NCO1INCL        equ	16187	;# 
  1385   003F3C                     NCO1INCH        equ	16188	;# 
  1386   003F3D                     NCO1INCU        equ	16189	;# 
  1387   003F3E                     NCO1CON         equ	16190	;# 
  1388   003F3F                     NCO1CLK         equ	16191	;# 
  1389   003F40                     CWG3CLK         equ	16192	;# 
  1390   003F40                     CWG3CLKCON      equ	16192	;# 
  1391   003F41                     CWG3ISM         equ	16193	;# 
  1392   003F41                     CWG3DAT         equ	16193	;# 
  1393   003F42                     CWG3DBR         equ	16194	;# 
  1394   003F43                     CWG3DBF         equ	16195	;# 
  1395   003F44                     CWG3CON0        equ	16196	;# 
  1396   003F45                     CWG3CON1        equ	16197	;# 
  1397   003F46                     CWG3AS0         equ	16198	;# 
  1398   003F47                     CWG3AS1         equ	16199	;# 
  1399   003F48                     CWG3STR         equ	16200	;# 
  1400   003F49                     CWG2CLK         equ	16201	;# 
  1401   003F49                     CWG2CLKCON      equ	16201	;# 
  1402   003F4A                     CWG2ISM         equ	16202	;# 
  1403   003F4A                     CWG2DAT         equ	16202	;# 
  1404   003F4B                     CWG2DBR         equ	16203	;# 
  1405   003F4C                     CWG2DBF         equ	16204	;# 
  1406   003F4D                     CWG2CON0        equ	16205	;# 
  1407   003F4E                     CWG2CON1        equ	16206	;# 
  1408   003F4F                     CWG2AS0         equ	16207	;# 
  1409   003F50                     CWG2AS1         equ	16208	;# 
  1410   003F51                     CWG2STR         equ	16209	;# 
  1411   003F52                     CWG1CLK         equ	16210	;# 
  1412   003F52                     CWG1CLKCON      equ	16210	;# 
  1413   003F53                     CWG1ISM         equ	16211	;# 
  1414   003F53                     CWG1DAT         equ	16211	;# 
  1415   003F54                     CWG1DBR         equ	16212	;# 
  1416   003F55                     CWG1DBF         equ	16213	;# 
  1417   003F56                     CWG1CON0        equ	16214	;# 
  1418   003F57                     CWG1CON1        equ	16215	;# 
  1419   003F58                     CWG1AS0         equ	16216	;# 
  1420   003F59                     CWG1AS1         equ	16217	;# 
  1421   003F5A                     CWG1STR         equ	16218	;# 
  1422   003F5E                     CCPTMRS0        equ	16222	;# 
  1423   003F5F                     CCPTMRS1        equ	16223	;# 
  1424   003F60                     PWM8DC          equ	16224	;# 
  1425   003F60                     PWM8DCL         equ	16224	;# 
  1426   003F61                     PWM8DCH         equ	16225	;# 
  1427   003F62                     PWM8CON         equ	16226	;# 
  1428   003F64                     PWM7DC          equ	16228	;# 
  1429   003F64                     PWM7DCL         equ	16228	;# 
  1430   003F65                     PWM7DCH         equ	16229	;# 
  1431   003F66                     PWM7CON         equ	16230	;# 
  1432   003F68                     PWM6DC          equ	16232	;# 
  1433   003F68                     PWM6DCL         equ	16232	;# 
  1434   003F69                     PWM6DCH         equ	16233	;# 
  1435   003F6A                     PWM6CON         equ	16234	;# 
  1436   003F6C                     PWM5DC          equ	16236	;# 
  1437   003F6C                     PWM5DCL         equ	16236	;# 
  1438   003F6D                     PWM5DCH         equ	16237	;# 
  1439   003F6E                     PWM5CON         equ	16238	;# 
  1440   003F70                     CCPR4           equ	16240	;# 
  1441   003F70                     CCPR4L          equ	16240	;# 
  1442   003F71                     CCPR4H          equ	16241	;# 
  1443   003F72                     CCP4CON         equ	16242	;# 
  1444   003F73                     CCP4CAP         equ	16243	;# 
  1445   003F74                     CCPR3           equ	16244	;# 
  1446   003F74                     CCPR3L          equ	16244	;# 
  1447   003F75                     CCPR3H          equ	16245	;# 
  1448   003F76                     CCP3CON         equ	16246	;# 
  1449   003F77                     CCP3CAP         equ	16247	;# 
  1450   003F78                     CCPR2           equ	16248	;# 
  1451   003F78                     CCPR2L          equ	16248	;# 
  1452   003F79                     CCPR2H          equ	16249	;# 
  1453   003F7A                     CCP2CON         equ	16250	;# 
  1454   003F7B                     CCP2CAP         equ	16251	;# 
  1455   003F7C                     CCPR1           equ	16252	;# 
  1456   003F7C                     CCPR1L          equ	16252	;# 
  1457   003F7D                     CCPR1H          equ	16253	;# 
  1458   003F7E                     CCP1CON         equ	16254	;# 
  1459   003F7F                     CCP1CAP         equ	16255	;# 
  1460   003F92                     T6TMR           equ	16274	;# 
  1461   003F92                     TMR6            equ	16274	;# 
  1462   003F93                     T6PR            equ	16275	;# 
  1463   003F93                     PR6             equ	16275	;# 
  1464   003F94                     T6CON           equ	16276	;# 
  1465   003F95                     T6HLT           equ	16277	;# 
  1466   003F96                     T6CLKCON        equ	16278	;# 
  1467   003F96                     T6CLK           equ	16278	;# 
  1468   003F97                     T6RST           equ	16279	;# 
  1469   003F98                     TMR5            equ	16280	;# 
  1470   003F98                     TMR5L           equ	16280	;# 
  1471   003F99                     TMR5H           equ	16281	;# 
  1472   003F9A                     T5CON           equ	16282	;# 
  1473   003F9A                     TMR5CON         equ	16282	;# 
  1474   003F9B                     T5GCON          equ	16283	;# 
  1475   003F9B                     TMR5GCON        equ	16283	;# 
  1476   003F9C                     T5GATE          equ	16284	;# 
  1477   003F9C                     TMR5GATE        equ	16284	;# 
  1478   003F9D                     T5CLK           equ	16285	;# 
  1479   003F9D                     TMR5CLK         equ	16285	;# 
  1480   003F9D                     PR5             equ	16285	;# 
  1481   003F9E                     T4TMR           equ	16286	;# 
  1482   003F9E                     TMR4            equ	16286	;# 
  1483   003F9F                     T4PR            equ	16287	;# 
  1484   003F9F                     PR4             equ	16287	;# 
  1485   003FA0                     T4CON           equ	16288	;# 
  1486   003FA1                     T4HLT           equ	16289	;# 
  1487   003FA2                     T4CLKCON        equ	16290	;# 
  1488   003FA2                     T4CLK           equ	16290	;# 
  1489   003FA3                     T4RST           equ	16291	;# 
  1490   003FA4                     TMR3            equ	16292	;# 
  1491   003FA4                     TMR3L           equ	16292	;# 
  1492   003FA5                     TMR3H           equ	16293	;# 
  1493   003FA6                     T3CON           equ	16294	;# 
  1494   003FA6                     TMR3CON         equ	16294	;# 
  1495   003FA7                     T3GCON          equ	16295	;# 
  1496   003FA7                     TMR3GCON        equ	16295	;# 
  1497   003FA8                     T3GATE          equ	16296	;# 
  1498   003FA8                     TMR3GATE        equ	16296	;# 
  1499   003FA9                     T3CLK           equ	16297	;# 
  1500   003FA9                     TMR3CLK         equ	16297	;# 
  1501   003FA9                     PR3             equ	16297	;# 
  1502   003FAA                     T2TMR           equ	16298	;# 
  1503   003FAA                     TMR2            equ	16298	;# 
  1504   003FAB                     T2PR            equ	16299	;# 
  1505   003FAB                     PR2             equ	16299	;# 
  1506   003FAC                     T2CON           equ	16300	;# 
  1507   003FAD                     T2HLT           equ	16301	;# 
  1508   003FAE                     T2CLKCON        equ	16302	;# 
  1509   003FAE                     T2CLK           equ	16302	;# 
  1510   003FAF                     T2RST           equ	16303	;# 
  1511   003FB0                     TMR1            equ	16304	;# 
  1512   003FB0                     TMR1L           equ	16304	;# 
  1513   003FB1                     TMR1H           equ	16305	;# 
  1514   003FB2                     T1CON           equ	16306	;# 
  1515   003FB2                     TMR1CON         equ	16306	;# 
  1516   003FB3                     T1GCON          equ	16307	;# 
  1517   003FB3                     TMR1GCON        equ	16307	;# 
  1518   003FB4                     T1GATE          equ	16308	;# 
  1519   003FB4                     TMR1GATE        equ	16308	;# 
  1520   003FB5                     T1CLK           equ	16309	;# 
  1521   003FB5                     TMR1CLK         equ	16309	;# 
  1522   003FB5                     PR1             equ	16309	;# 
  1523   003FB6                     TMR0L           equ	16310	;# 
  1524   003FB6                     TMR0            equ	16310	;# 
  1525   003FB7                     TMR0H           equ	16311	;# 
  1526   003FB7                     PR0             equ	16311	;# 
  1527   003FB8                     T0CON0          equ	16312	;# 
  1528   003FB9                     T0CON1          equ	16313	;# 
  1529   003FBA                     LATA            equ	16314	;# 
  1530   003FBB                     LATB            equ	16315	;# 
  1531   003FBC                     LATC            equ	16316	;# 
  1532   003FBD                     LATD            equ	16317	;# 
  1533   003FBE                     LATE            equ	16318	;# 
  1534   003FC2                     TRISA           equ	16322	;# 
  1535   003FC3                     TRISB           equ	16323	;# 
  1536   003FC4                     TRISC           equ	16324	;# 
  1537   003FC5                     TRISD           equ	16325	;# 
  1538   003FC6                     TRISE           equ	16326	;# 
  1539   003FCA                     PORTA           equ	16330	;# 
  1540   003FCB                     PORTB           equ	16331	;# 
  1541   003FCC                     PORTC           equ	16332	;# 
  1542   003FCD                     PORTD           equ	16333	;# 
  1543   003FCE                     PORTE           equ	16334	;# 
  1544   003FD2                     INTCON0         equ	16338	;# 
  1545   003FD3                     INTCON1         equ	16339	;# 
  1546   003FD4                     IVTLOCK         equ	16340	;# 
  1547   003FD5                     IVTBASE         equ	16341	;# 
  1548   003FD5                     IVTBASEL        equ	16341	;# 
  1549   003FD6                     IVTBASEH        equ	16342	;# 
  1550   003FD7                     IVTBASEU        equ	16343	;# 
  1551   003FD8                     STATUS          equ	16344	;# 
  1552   003FD9                     FSR2            equ	16345	;# 
  1553   003FD9                     FSR2L           equ	16345	;# 
  1554   003FDA                     FSR2H           equ	16346	;# 
  1555   003FDB                     PLUSW2          equ	16347	;# 
  1556   003FDC                     PREINC2         equ	16348	;# 
  1557   003FDD                     POSTDEC2        equ	16349	;# 
  1558   003FDE                     POSTINC2        equ	16350	;# 
  1559   003FDF                     INDF2           equ	16351	;# 
  1560   003FE0                     BSR             equ	16352	;# 
  1561   003FE1                     FSR1            equ	16353	;# 
  1562   003FE1                     FSR1L           equ	16353	;# 
  1563   003FE2                     FSR1H           equ	16354	;# 
  1564   003FE3                     PLUSW1          equ	16355	;# 
  1565   003FE4                     PREINC1         equ	16356	;# 
  1566   003FE5                     POSTDEC1        equ	16357	;# 
  1567   003FE6                     POSTINC1        equ	16358	;# 
  1568   003FE7                     INDF1           equ	16359	;# 
  1569   003FE8                     WREG            equ	16360	;# 
  1570   003FE9                     FSR0            equ	16361	;# 
  1571   003FE9                     FSR0L           equ	16361	;# 
  1572   003FEA                     FSR0H           equ	16362	;# 
  1573   003FEB                     PLUSW0          equ	16363	;# 
  1574   003FEC                     PREINC0         equ	16364	;# 
  1575   003FED                     POSTDEC0        equ	16365	;# 
  1576   003FEE                     POSTINC0        equ	16366	;# 
  1577   003FEF                     INDF0           equ	16367	;# 
  1578   003FF0                     PCON0           equ	16368	;# 
  1579   003FF1                     PCON1           equ	16369	;# 
  1580   003FF3                     PROD            equ	16371	;# 
  1581   003FF3                     PRODL           equ	16371	;# 
  1582   003FF4                     PRODH           equ	16372	;# 
  1583   003FF5                     TABLAT          equ	16373	;# 
  1584   003FF6                     TBLPTR          equ	16374	;# 
  1585   003FF6                     TBLPTRL         equ	16374	;# 
  1586   003FF7                     TBLPTRH         equ	16375	;# 
  1587   003FF8                     TBLPTRU         equ	16376	;# 
  1588   003FF9                     PCLAT           equ	16377	;# 
  1589   003FF9                     PCL             equ	16377	;# 
  1590   003FFA                     PCLATH          equ	16378	;# 
  1591   003FFB                     PCLATU          equ	16379	;# 
  1592   003FFC                     STKPTR          equ	16380	;# 
  1593   003FFD                     TOS             equ	16381	;# 
  1594   003FFD                     TOSL            equ	16381	;# 
  1595   003FFE                     TOSH            equ	16382	;# 
  1596   003FFF                     TOSU            equ	16383	;# 
  1597   003880                     STATUS_CSHAD    equ	14464	;# 
  1598   003881                     WREG_CSHAD      equ	14465	;# 
  1599   003882                     BSR_CSHAD       equ	14466	;# 
  1600   003883                     SHADCON         equ	14467	;# 
  1601   003884                     STATUS_SHAD     equ	14468	;# 
  1602   003885                     WREG_SHAD       equ	14469	;# 
  1603   003886                     BSR_SHAD        equ	14470	;# 
  1604   003887                     PCLATH_SHAD     equ	14471	;# 
  1605   003888                     PCLATU_SHAD     equ	14472	;# 
  1606   003889                     FSR0SH          equ	14473	;# 
  1607   003889                     FSR0L_SHAD      equ	14473	;# 
  1608   00388A                     FSR0H_SHAD      equ	14474	;# 
  1609   00388B                     FSR1SH          equ	14475	;# 
  1610   00388B                     FSR1L_SHAD      equ	14475	;# 
  1611   00388C                     FSR1H_SHAD      equ	14476	;# 
  1612   00388D                     FSR2SH          equ	14477	;# 
  1613   00388D                     FSR2L_SHAD      equ	14477	;# 
  1614   00388E                     FSR2H_SHAD      equ	14478	;# 
  1615   00388F                     PRODSH          equ	14479	;# 
  1616   00388F                     PRODL_SHAD      equ	14479	;# 
  1617   003890                     PRODH_SHAD      equ	14480	;# 
  1618   00389D                     IVTADL          equ	14493	;# 
  1619   00389E                     IVTADH          equ	14494	;# 
  1620   00389F                     IVTADU          equ	14495	;# 
  1621   00395B                     WDTCON0         equ	14683	;# 
  1622   00395C                     WDTCON1         equ	14684	;# 
  1623   00395D                     WDTPSL          equ	14685	;# 
  1624   00395E                     WDTPSH          equ	14686	;# 
  1625   00395F                     WDTTMR          equ	14687	;# 
  1626   003960                     CRCDATA         equ	14688	;# 
  1627   003960                     CRCDATL         equ	14688	;# 
  1628   003961                     CRCDATH         equ	14689	;# 
  1629   003962                     CRCACC          equ	14690	;# 
  1630   003962                     CRCACCL         equ	14690	;# 
  1631   003963                     CRCACCH         equ	14691	;# 
  1632   003964                     CRCSHFT         equ	14692	;# 
  1633   003964                     CRCSHIFTL       equ	14692	;# 
  1634   003965                     CRCSHIFTH       equ	14693	;# 
  1635   003966                     CRCXOR          equ	14694	;# 
  1636   003966                     CRCXORL         equ	14694	;# 
  1637   003967                     CRCXORH         equ	14695	;# 
  1638   003968                     CRCCON0         equ	14696	;# 
  1639   003969                     CRCCON1         equ	14697	;# 
  1640   003976                     SCANLADR        equ	14710	;# 
  1641   003976                     SCANLADRL       equ	14710	;# 
  1642   003977                     SCANLADRH       equ	14711	;# 
  1643   003978                     SCANLADRU       equ	14712	;# 
  1644   003979                     SCANHADR        equ	14713	;# 
  1645   003979                     SCANHADRL       equ	14713	;# 
  1646   00397A                     SCANHADRH       equ	14714	;# 
  1647   00397B                     SCANHADRU       equ	14715	;# 
  1648   00397C                     SCANCON0        equ	14716	;# 
  1649   00397D                     SCANTRIG        equ	14717	;# 
  1650   003980                     IPR0            equ	14720	;# 
  1651   003981                     IPR1            equ	14721	;# 
  1652   003982                     IPR2            equ	14722	;# 
  1653   003983                     IPR3            equ	14723	;# 
  1654   003984                     IPR4            equ	14724	;# 
  1655   003985                     IPR5            equ	14725	;# 
  1656   003986                     IPR6            equ	14726	;# 
  1657   003987                     IPR7            equ	14727	;# 
  1658   003988                     IPR8            equ	14728	;# 
  1659   003989                     IPR9            equ	14729	;# 
  1660   00398A                     IPR10           equ	14730	;# 
  1661   003990                     PIE0            equ	14736	;# 
  1662   003991                     PIE1            equ	14737	;# 
  1663   003992                     PIE2            equ	14738	;# 
  1664   003993                     PIE3            equ	14739	;# 
  1665   003994                     PIE4            equ	14740	;# 
  1666   003995                     PIE5            equ	14741	;# 
  1667   003996                     PIE6            equ	14742	;# 
  1668   003997                     PIE7            equ	14743	;# 
  1669   003998                     PIE8            equ	14744	;# 
  1670   003999                     PIE9            equ	14745	;# 
  1671   00399A                     PIE10           equ	14746	;# 
  1672   0039A0                     PIR0            equ	14752	;# 
  1673   0039A1                     PIR1            equ	14753	;# 
  1674   0039A2                     PIR2            equ	14754	;# 
  1675   0039A3                     PIR3            equ	14755	;# 
  1676   0039A4                     PIR4            equ	14756	;# 
  1677   0039A5                     PIR5            equ	14757	;# 
  1678   0039A6                     PIR6            equ	14758	;# 
  1679   0039A7                     PIR7            equ	14759	;# 
  1680   0039A8                     PIR8            equ	14760	;# 
  1681   0039A9                     PIR9            equ	14761	;# 
  1682   0039AA                     PIR10           equ	14762	;# 
  1683   0039C0                     PMD0            equ	14784	;# 
  1684   0039C1                     PMD1            equ	14785	;# 
  1685   0039C2                     PMD2            equ	14786	;# 
  1686   0039C3                     PMD3            equ	14787	;# 
  1687   0039C4                     PMD4            equ	14788	;# 
  1688   0039C5                     PMD5            equ	14789	;# 
  1689   0039C6                     PMD6            equ	14790	;# 
  1690   0039C7                     PMD7            equ	14791	;# 
  1691   0039D0                     BORCON          equ	14800	;# 
  1692   0039D1                     VREGCON         equ	14801	;# 
  1693   0039D8                     CPUDOZE         equ	14808	;# 
  1694   0039D9                     OSCCON1         equ	14809	;# 
  1695   0039DA                     OSCCON2         equ	14810	;# 
  1696   0039DB                     OSCCON3         equ	14811	;# 
  1697   0039DC                     OSCSTAT         equ	14812	;# 
  1698   0039DC                     OSCSTAT1        equ	14812	;# 
  1699   0039DD                     OSCEN           equ	14813	;# 
  1700   0039DE                     OSCTUNE         equ	14814	;# 
  1701   0039DF                     OSCFRQ          equ	14815	;# 
  1702   0039E0                     NVMADRL         equ	14816	;# 
  1703   0039E1                     NVMADRH         equ	14817	;# 
  1704   0039E3                     NVMDAT          equ	14819	;# 
  1705   0039E5                     NVMCON1         equ	14821	;# 
  1706   0039E6                     NVMCON2         equ	14822	;# 
  1707   0039EF                     PRLOCK          equ	14831	;# 
  1708   0039F1                     ISRPR           equ	14833	;# 
  1709   0039F2                     MAINPR          equ	14834	;# 
  1710   0039F3                     DMA1PR          equ	14835	;# 
  1711   0039F4                     DMA2PR          equ	14836	;# 
  1712   0039F7                     SCANPR          equ	14839	;# 
  1713   003A00                     RA0PPS          equ	14848	;# 
  1714   003A01                     RA1PPS          equ	14849	;# 
  1715   003A02                     RA2PPS          equ	14850	;# 
  1716   003A03                     RA3PPS          equ	14851	;# 
  1717   003A04                     RA4PPS          equ	14852	;# 
  1718   003A05                     RA5PPS          equ	14853	;# 
  1719   003A06                     RA6PPS          equ	14854	;# 
  1720   003A07                     RA7PPS          equ	14855	;# 
  1721   003A08                     RB0PPS          equ	14856	;# 
  1722   003A09                     RB1PPS          equ	14857	;# 
  1723   003A0A                     RB2PPS          equ	14858	;# 
  1724   003A0B                     RB3PPS          equ	14859	;# 
  1725   003A0C                     RB4PPS          equ	14860	;# 
  1726   003A0D                     RB5PPS          equ	14861	;# 
  1727   003A0E                     RB6PPS          equ	14862	;# 
  1728   003A0F                     RB7PPS          equ	14863	;# 
  1729   003A10                     RC0PPS          equ	14864	;# 
  1730   003A11                     RC1PPS          equ	14865	;# 
  1731   003A12                     RC2PPS          equ	14866	;# 
  1732   003A13                     RC3PPS          equ	14867	;# 
  1733   003A14                     RC4PPS          equ	14868	;# 
  1734   003A15                     RC5PPS          equ	14869	;# 
  1735   003A16                     RC6PPS          equ	14870	;# 
  1736   003A17                     RC7PPS          equ	14871	;# 
  1737   003A18                     RD0PPS          equ	14872	;# 
  1738   003A19                     RD1PPS          equ	14873	;# 
  1739   003A1A                     RD2PPS          equ	14874	;# 
  1740   003A1B                     RD3PPS          equ	14875	;# 
  1741   003A1C                     RD4PPS          equ	14876	;# 
  1742   003A1D                     RD5PPS          equ	14877	;# 
  1743   003A1E                     RD6PPS          equ	14878	;# 
  1744   003A1F                     RD7PPS          equ	14879	;# 
  1745   003A20                     RE0PPS          equ	14880	;# 
  1746   003A21                     RE1PPS          equ	14881	;# 
  1747   003A22                     RE2PPS          equ	14882	;# 
  1748   003A40                     ANSELA          equ	14912	;# 
  1749   003A41                     WPUA            equ	14913	;# 
  1750   003A42                     ODCONA          equ	14914	;# 
  1751   003A43                     SLRCONA         equ	14915	;# 
  1752   003A44                     INLVLA          equ	14916	;# 
  1753   003A45                     IOCAP           equ	14917	;# 
  1754   003A46                     IOCAN           equ	14918	;# 
  1755   003A47                     IOCAF           equ	14919	;# 
  1756   003A50                     ANSELB          equ	14928	;# 
  1757   003A51                     WPUB            equ	14929	;# 
  1758   003A52                     ODCONB          equ	14930	;# 
  1759   003A53                     SLRCONB         equ	14931	;# 
  1760   003A54                     INLVLB          equ	14932	;# 
  1761   003A55                     IOCBP           equ	14933	;# 
  1762   003A56                     IOCBN           equ	14934	;# 
  1763   003A57                     IOCBF           equ	14935	;# 
  1764   003A5A                     RB1I2C          equ	14938	;# 
  1765   003A5B                     RB2I2C          equ	14939	;# 
  1766   003A60                     ANSELC          equ	14944	;# 
  1767   003A61                     WPUC            equ	14945	;# 
  1768   003A62                     ODCONC          equ	14946	;# 
  1769   003A63                     SLRCONC         equ	14947	;# 
  1770   003A64                     INLVLC          equ	14948	;# 
  1771   003A65                     IOCCP           equ	14949	;# 
  1772   003A66                     IOCCN           equ	14950	;# 
  1773   003A67                     IOCCF           equ	14951	;# 
  1774   003A6A                     RC3I2C          equ	14954	;# 
  1775   003A6B                     RC4I2C          equ	14955	;# 
  1776   003A70                     ANSELD          equ	14960	;# 
  1777   003A71                     WPUD            equ	14961	;# 
  1778   003A72                     ODCOND          equ	14962	;# 
  1779   003A73                     SLRCOND         equ	14963	;# 
  1780   003A74                     INLVLD          equ	14964	;# 
  1781   003A7A                     RD0I2C          equ	14970	;# 
  1782   003A7B                     RD1I2C          equ	14971	;# 
  1783   003A80                     ANSELE          equ	14976	;# 
  1784   003A81                     WPUE            equ	14977	;# 
  1785   003A82                     ODCONE          equ	14978	;# 
  1786   003A83                     SLRCONE         equ	14979	;# 
  1787   003A84                     INLVLE          equ	14980	;# 
  1788   003A85                     IOCEP           equ	14981	;# 
  1789   003A86                     IOCEN           equ	14982	;# 
  1790   003A87                     IOCEF           equ	14983	;# 
  1791   003ABF                     PPSLOCK         equ	15039	;# 
  1792   003AC0                     INT0PPS         equ	15040	;# 
  1793   003AC1                     INT1PPS         equ	15041	;# 
  1794   003AC2                     INT2PPS         equ	15042	;# 
  1795   003AC3                     T0CKIPPS        equ	15043	;# 
  1796   003AC4                     T1CKIPPS        equ	15044	;# 
  1797   003AC5                     T1GPPS          equ	15045	;# 
  1798   003AC6                     T3CKIPPS        equ	15046	;# 
  1799   003AC7                     T3GPPS          equ	15047	;# 
  1800   003AC8                     T5CKIPPS        equ	15048	;# 
  1801   003AC9                     T5GPPS          equ	15049	;# 
  1802   003ACA                     T2INPPS         equ	15050	;# 
  1803   003ACB                     T4INPPS         equ	15051	;# 
  1804   003ACC                     T6INPPS         equ	15052	;# 
  1805   003ACD                     CCP1PPS         equ	15053	;# 
  1806   003ACE                     CCP2PPS         equ	15054	;# 
  1807   003ACF                     CCP3PPS         equ	15055	;# 
  1808   003AD0                     CCP4PPS         equ	15056	;# 
  1809   003AD1                     SMT1WINPPS      equ	15057	;# 
  1810   003AD2                     SMT1SIGPPS      equ	15058	;# 
  1811   003AD3                     CWG1INPPS       equ	15059	;# 
  1812   003AD4                     CWG2INPPS       equ	15060	;# 
  1813   003AD5                     CWG3INPPS       equ	15061	;# 
  1814   003AD6                     MD1CARLPPS      equ	15062	;# 
  1815   003AD7                     MD1CARHPPS      equ	15063	;# 
  1816   003AD8                     MD1SRCPPS       equ	15064	;# 
  1817   003AD9                     CLCIN0PPS       equ	15065	;# 
  1818   003ADA                     CLCIN1PPS       equ	15066	;# 
  1819   003ADB                     CLCIN2PPS       equ	15067	;# 
  1820   003ADC                     CLCIN3PPS       equ	15068	;# 
  1821   003ADD                     ADACTPPS        equ	15069	;# 
  1822   003ADE                     SPI1SCKPPS      equ	15070	;# 
  1823   003ADF                     SPI1SDIPPS      equ	15071	;# 
  1824   003AE0                     SPI1SSPPS       equ	15072	;# 
  1825   003AE1                     I2C1SCLPPS      equ	15073	;# 
  1826   003AE2                     I2C1SDAPPS      equ	15074	;# 
  1827   003AE3                     I2C2SCLPPS      equ	15075	;# 
  1828   003AE4                     I2C2SDAPPS      equ	15076	;# 
  1829   003AE5                     U1RXPPS         equ	15077	;# 
  1830   003AE6                     U1CTSPPS        equ	15078	;# 
  1831   003AE8                     U2RXPPS         equ	15080	;# 
  1832   003AE9                     U2CTSPPS        equ	15081	;# 
  1833   003BC9                     DMA2BUF         equ	15305	;# 
  1834   003BCA                     DMA2DCNT        equ	15306	;# 
  1835   003BCA                     DMA2DCNTL       equ	15306	;# 
  1836   003BCB                     DMA2DCNTH       equ	15307	;# 
  1837   003BCC                     DMA2DPTR        equ	15308	;# 
  1838   003BCC                     DMA2DPTRL       equ	15308	;# 
  1839   003BCD                     DMA2DPTRH       equ	15309	;# 
  1840   003BCE                     DMA2DSZ         equ	15310	;# 
  1841   003BCE                     DMA2DSZL        equ	15310	;# 
  1842   003BCF                     DMA2DSZH        equ	15311	;# 
  1843   003BD0                     DMA2DSA         equ	15312	;# 
  1844   003BD0                     DMA2DSAL        equ	15312	;# 
  1845   003BD1                     DMA2DSAH        equ	15313	;# 
  1846   003BD2                     DMA2SCNT        equ	15314	;# 
  1847   003BD2                     DMA2SCNTL       equ	15314	;# 
  1848   003BD3                     DMA2SCNTH       equ	15315	;# 
  1849   003BD4                     DMA2SPTR        equ	15316	;# 
  1850   003BD4                     DMA2SPTRL       equ	15316	;# 
  1851   003BD5                     DMA2SPTRH       equ	15317	;# 
  1852   003BD6                     DMA2SPTRU       equ	15318	;# 
  1853   003BD7                     DMA2SSZ         equ	15319	;# 
  1854   003BD7                     DMA2SSZL        equ	15319	;# 
  1855   003BD8                     DMA2SSZH        equ	15320	;# 
  1856   003BD9                     DMA2SSA         equ	15321	;# 
  1857   003BD9                     DMA2SSAL        equ	15321	;# 
  1858   003BDA                     DMA2SSAH        equ	15322	;# 
  1859   003BDB                     DMA2SSAU        equ	15323	;# 
  1860   003BDC                     DMA2CON0        equ	15324	;# 
  1861   003BDD                     DMA2CON1        equ	15325	;# 
  1862   003BDE                     DMA2AIRQ        equ	15326	;# 
  1863   003BDF                     DMA2SIRQ        equ	15327	;# 
  1864   003BE9                     DMA1BUF         equ	15337	;# 
  1865   003BEA                     DMA1DCNT        equ	15338	;# 
  1866   003BEA                     DMA1DCNTL       equ	15338	;# 
  1867   003BEB                     DMA1DCNTH       equ	15339	;# 
  1868   003BEC                     DMA1DPTR        equ	15340	;# 
  1869   003BEC                     DMA1DPTRL       equ	15340	;# 
  1870   003BED                     DMA1DPTRH       equ	15341	;# 
  1871   003BEE                     DMA1DSZ         equ	15342	;# 
  1872   003BEE                     DMA1DSZL        equ	15342	;# 
  1873   003BEF                     DMA1DSZH        equ	15343	;# 
  1874   003BF0                     DMA1DSA         equ	15344	;# 
  1875   003BF0                     DMA1DSAL        equ	15344	;# 
  1876   003BF1                     DMA1DSAH        equ	15345	;# 
  1877   003BF2                     DMA1SCNT        equ	15346	;# 
  1878   003BF2                     DMA1SCNTL       equ	15346	;# 
  1879   003BF3                     DMA1SCNTH       equ	15347	;# 
  1880   003BF4                     DMA1SPTR        equ	15348	;# 
  1881   003BF4                     DMA1SPTRL       equ	15348	;# 
  1882   003BF5                     DMA1SPTRH       equ	15349	;# 
  1883   003BF6                     DMA1SPTRU       equ	15350	;# 
  1884   003BF7                     DMA1SSZ         equ	15351	;# 
  1885   003BF7                     DMA1SSZL        equ	15351	;# 
  1886   003BF8                     DMA1SSZH        equ	15352	;# 
  1887   003BF9                     DMA1SSA         equ	15353	;# 
  1888   003BF9                     DMA1SSAL        equ	15353	;# 
  1889   003BFA                     DMA1SSAH        equ	15354	;# 
  1890   003BFB                     DMA1SSAU        equ	15355	;# 
  1891   003BFC                     DMA1CON0        equ	15356	;# 
  1892   003BFD                     DMA1CON1        equ	15357	;# 
  1893   003BFE                     DMA1AIRQ        equ	15358	;# 
  1894   003BFF                     DMA1SIRQ        equ	15359	;# 
  1895   003C56                     CLC4CON         equ	15446	;# 
  1896   003C57                     CLC4POL         equ	15447	;# 
  1897   003C58                     CLC4SEL0        equ	15448	;# 
  1898   003C59                     CLC4SEL1        equ	15449	;# 
  1899   003C5A                     CLC4SEL2        equ	15450	;# 
  1900   003C5B                     CLC4SEL3        equ	15451	;# 
  1901   003C5C                     CLC4GLS0        equ	15452	;# 
  1902   003C5D                     CLC4GLS1        equ	15453	;# 
  1903   003C5E                     CLC4GLS2        equ	15454	;# 
  1904   003C5F                     CLC4GLS3        equ	15455	;# 
  1905   003C60                     CLC3CON         equ	15456	;# 
  1906   003C61                     CLC3POL         equ	15457	;# 
  1907   003C62                     CLC3SEL0        equ	15458	;# 
  1908   003C63                     CLC3SEL1        equ	15459	;# 
  1909   003C64                     CLC3SEL2        equ	15460	;# 
  1910   003C65                     CLC3SEL3        equ	15461	;# 
  1911   003C66                     CLC3GLS0        equ	15462	;# 
  1912   003C67                     CLC3GLS1        equ	15463	;# 
  1913   003C68                     CLC3GLS2        equ	15464	;# 
  1914   003C69                     CLC3GLS3        equ	15465	;# 
  1915   003C6A                     CLC2CON         equ	15466	;# 
  1916   003C6B                     CLC2POL         equ	15467	;# 
  1917   003C6C                     CLC2SEL0        equ	15468	;# 
  1918   003C6D                     CLC2SEL1        equ	15469	;# 
  1919   003C6E                     CLC2SEL2        equ	15470	;# 
  1920   003C6F                     CLC2SEL3        equ	15471	;# 
  1921   003C70                     CLC2GLS0        equ	15472	;# 
  1922   003C71                     CLC2GLS1        equ	15473	;# 
  1923   003C72                     CLC2GLS2        equ	15474	;# 
  1924   003C73                     CLC2GLS3        equ	15475	;# 
  1925   003C74                     CLC1CON         equ	15476	;# 
  1926   003C75                     CLC1POL         equ	15477	;# 
  1927   003C76                     CLC1SEL0        equ	15478	;# 
  1928   003C77                     CLC1SEL1        equ	15479	;# 
  1929   003C78                     CLC1SEL2        equ	15480	;# 
  1930   003C79                     CLC1SEL3        equ	15481	;# 
  1931   003C7A                     CLC1GLS0        equ	15482	;# 
  1932   003C7B                     CLC1GLS1        equ	15483	;# 
  1933   003C7C                     CLC1GLS2        equ	15484	;# 
  1934   003C7D                     CLC1GLS3        equ	15485	;# 
  1935   003C7E                     CLCDATA0        equ	15486	;# 
  1936   003CE5                     CLKRCON         equ	15589	;# 
  1937   003CE6                     CLKRCLK         equ	15590	;# 
  1938   003CFA                     MD1CON0         equ	15610	;# 
  1939   003CFB                     MD1CON1         equ	15611	;# 
  1940   003CFC                     MD1SRC          equ	15612	;# 
  1941   003CFD                     MD1CARL         equ	15613	;# 
  1942   003CFE                     MD1CARH         equ	15614	;# 
  1943   003D10                     SPI1RXB         equ	15632	;# 
  1944   003D11                     SPI1TXB         equ	15633	;# 
  1945   003D12                     SPI1TCNT        equ	15634	;# 
  1946   003D12                     SPI1TCNTL       equ	15634	;# 
  1947   003D13                     SPI1TCNTH       equ	15635	;# 
  1948   003D14                     SPI1CON0        equ	15636	;# 
  1949   003D15                     SPI1CON1        equ	15637	;# 
  1950   003D16                     SPI1CON2        equ	15638	;# 
  1951   003D17                     SPI1STATUS      equ	15639	;# 
  1952   003D18                     SPI1TWIDTH      equ	15640	;# 
  1953   003D19                     SPI1BAUD        equ	15641	;# 
  1954   003D1A                     SPI1INTF        equ	15642	;# 
  1955   003D1B                     SPI1INTE        equ	15643	;# 
  1956   003D1C                     SPI1CLK         equ	15644	;# 
  1957   003D54                     I2C2RXB         equ	15700	;# 
  1958   003D55                     I2C2TXB         equ	15701	;# 
  1959   003D56                     I2C2CNT         equ	15702	;# 
  1960   003D57                     I2C2ADB0        equ	15703	;# 
  1961   003D58                     I2C2ADB1        equ	15704	;# 
  1962   003D59                     I2C2ADR0        equ	15705	;# 
  1963   003D5A                     I2C2ADR1        equ	15706	;# 
  1964   003D5B                     I2C2ADR2        equ	15707	;# 
  1965   003D5C                     I2C2ADR3        equ	15708	;# 
  1966   003D5D                     I2C2CON0        equ	15709	;# 
  1967   003D5E                     I2C2CON1        equ	15710	;# 
  1968   003D5F                     I2C2CON2        equ	15711	;# 
  1969   003D60                     I2C2ERR         equ	15712	;# 
  1970   003D61                     I2C2STAT0       equ	15713	;# 
  1971   003D62                     I2C2STAT1       equ	15714	;# 
  1972   003D63                     I2C2PIR         equ	15715	;# 
  1973   003D64                     I2C2PIE         equ	15716	;# 
  1974   003D65                     I2C2CLK         equ	15717	;# 
  1975   003D66                     I2C2BTO         equ	15718	;# 
  1976   003D6A                     I2C1RXB         equ	15722	;# 
  1977   003D6B                     I2C1TXB         equ	15723	;# 
  1978   003D6C                     I2C1CNT         equ	15724	;# 
  1979   003D6D                     I2C1ADB0        equ	15725	;# 
  1980   003D6E                     I2C1ADB1        equ	15726	;# 
  1981   003D6F                     I2C1ADR0        equ	15727	;# 
  1982   003D70                     I2C1ADR1        equ	15728	;# 
  1983   003D71                     I2C1ADR2        equ	15729	;# 
  1984   003D72                     I2C1ADR3        equ	15730	;# 
  1985   003D73                     I2C1CON0        equ	15731	;# 
  1986   003D74                     I2C1CON1        equ	15732	;# 
  1987   003D75                     I2C1CON2        equ	15733	;# 
  1988   003D76                     I2C1ERR         equ	15734	;# 
  1989   003D77                     I2C1STAT0       equ	15735	;# 
  1990   003D78                     I2C1STAT1       equ	15736	;# 
  1991   003D79                     I2C1PIR         equ	15737	;# 
  1992   003D7A                     I2C1PIE         equ	15738	;# 
  1993   003D7B                     I2C1CLK         equ	15739	;# 
  1994   003D7C                     I2C1BTO         equ	15740	;# 
  1995   003DD0                     U2RXB           equ	15824	;# 
  1996   003DD0                     U2RXBL          equ	15824	;# 
  1997   003DD2                     U2TXB           equ	15826	;# 
  1998   003DD2                     U2TXBL          equ	15826	;# 
  1999   003DD4                     U2P1            equ	15828	;# 
  2000   003DD4                     U2P1L           equ	15828	;# 
  2001   003DD6                     U2P2            equ	15830	;# 
  2002   003DD6                     U2P2L           equ	15830	;# 
  2003   003DD8                     U2P3            equ	15832	;# 
  2004   003DD8                     U2P3L           equ	15832	;# 
  2005   003DDA                     U2CON0          equ	15834	;# 
  2006   003DDB                     U2CON1          equ	15835	;# 
  2007   003DDC                     U2CON2          equ	15836	;# 
  2008   003DDD                     U2BRG           equ	15837	;# 
  2009   003DDD                     U2BRGL          equ	15837	;# 
  2010   003DDE                     U2BRGH          equ	15838	;# 
  2011   003DDF                     U2FIFO          equ	15839	;# 
  2012   003DE0                     U2UIR           equ	15840	;# 
  2013   003DE1                     U2ERRIR         equ	15841	;# 
  2014   003DE2                     U2ERRIE         equ	15842	;# 
  2015   003DE8                     U1RXB           equ	15848	;# 
  2016   003DE8                     U1RXBL          equ	15848	;# 
  2017   003DE9                     U1RXCHK         equ	15849	;# 
  2018   003DEA                     U1TXB           equ	15850	;# 
  2019   003DEA                     U1TXBL          equ	15850	;# 
  2020   003DEB                     U1TXCHK         equ	15851	;# 
  2021   003DEC                     U1P1            equ	15852	;# 
  2022   003DEC                     U1P1L           equ	15852	;# 
  2023   003DED                     U1P1H           equ	15853	;# 
  2024   003DEE                     U1P2            equ	15854	;# 
  2025   003DEE                     U1P2L           equ	15854	;# 
  2026   003DEF                     U1P2H           equ	15855	;# 
  2027   003DF0                     U1P3            equ	15856	;# 
  2028   003DF0                     U1P3L           equ	15856	;# 
  2029   003DF1                     U1P3H           equ	15857	;# 
  2030   003DF2                     U1CON0          equ	15858	;# 
  2031   003DF3                     U1CON1          equ	15859	;# 
  2032   003DF4                     U1CON2          equ	15860	;# 
  2033   003DF5                     U1BRG           equ	15861	;# 
  2034   003DF5                     U1BRGL          equ	15861	;# 
  2035   003DF6                     U1BRGH          equ	15862	;# 
  2036   003DF7                     U1FIFO          equ	15863	;# 
  2037   003DF8                     U1UIR           equ	15864	;# 
  2038   003DF9                     U1ERRIR         equ	15865	;# 
  2039   003DFA                     U1ERRIE         equ	15866	;# 
  2040   003E9C                     DAC1CON1        equ	16028	;# 
  2041   003E9E                     DAC1CON0        equ	16030	;# 
  2042   003EB8                     CM2CON0         equ	16056	;# 
  2043   003EB9                     CM2CON1         equ	16057	;# 
  2044   003EBA                     CM2NCH          equ	16058	;# 
  2045   003EBB                     CM2PCH          equ	16059	;# 
  2046   003EBC                     CM1CON0         equ	16060	;# 
  2047   003EBD                     CM1CON1         equ	16061	;# 
  2048   003EBE                     CM1NCH          equ	16062	;# 
  2049   003EBF                     CM1PCH          equ	16063	;# 
  2050   003EC0                     CMOUT           equ	16064	;# 
  2051   003EC1                     FVRCON          equ	16065	;# 
  2052   003EC3                     ZCDCON          equ	16067	;# 
  2053   003EC9                     HLVDCON0        equ	16073	;# 
  2054   003ECA                     HLVDCON1        equ	16074	;# 
  2055   003ED7                     ADCP            equ	16087	;# 
  2056   003EDE                     ADLTH           equ	16094	;# 
  2057   003EDE                     ADLTHL          equ	16094	;# 
  2058   003EDF                     ADLTHH          equ	16095	;# 
  2059   003EE0                     ADUTH           equ	16096	;# 
  2060   003EE0                     ADUTHL          equ	16096	;# 
  2061   003EE1                     ADUTHH          equ	16097	;# 
  2062   003EE2                     ADERR           equ	16098	;# 
  2063   003EE2                     ADERRL          equ	16098	;# 
  2064   003EE3                     ADERRH          equ	16099	;# 
  2065   003EE4                     ADSTPT          equ	16100	;# 
  2066   003EE4                     ADSTPTL         equ	16100	;# 
  2067   003EE5                     ADSTPTH         equ	16101	;# 
  2068   003EE6                     ADFLTR          equ	16102	;# 
  2069   003EE6                     ADFLTRL         equ	16102	;# 
  2070   003EE7                     ADFLTRH         equ	16103	;# 
  2071   003EE8                     ADACC           equ	16104	;# 
  2072   003EE8                     ADACCL          equ	16104	;# 
  2073   003EE9                     ADACCH          equ	16105	;# 
  2074   003EEA                     ADACCU          equ	16106	;# 
  2075   003EEB                     ADCNT           equ	16107	;# 
  2076   003EEC                     ADRPT           equ	16108	;# 
  2077   003EED                     ADPREV          equ	16109	;# 
  2078   003EED                     ADPREVL         equ	16109	;# 
  2079   003EEE                     ADPREVH         equ	16110	;# 
  2080   003EEF                     ADRES           equ	16111	;# 
  2081   003EEF                     ADRESL          equ	16111	;# 
  2082   003EF0                     ADRESH          equ	16112	;# 
  2083   003EF1                     ADPCH           equ	16113	;# 
  2084   003EF3                     ADACQ           equ	16115	;# 
  2085   003EF3                     ADACQL          equ	16115	;# 
  2086   003EF4                     ADACQH          equ	16116	;# 
  2087   003EF5                     ADCAP           equ	16117	;# 
  2088   003EF6                     ADPRE           equ	16118	;# 
  2089   003EF6                     ADPREL          equ	16118	;# 
  2090   003EF7                     ADPREH          equ	16119	;# 
  2091   003EF8                     ADCON0          equ	16120	;# 
  2092   003EF9                     ADCON1          equ	16121	;# 
  2093   003EFA                     ADCON2          equ	16122	;# 
  2094   003EFB                     ADCON3          equ	16123	;# 
  2095   003EFC                     ADSTAT          equ	16124	;# 
  2096   003EFD                     ADREF           equ	16125	;# 
  2097   003EFE                     ADACT           equ	16126	;# 
  2098   003EFF                     ADCLK           equ	16127	;# 
  2099   003F12                     SMT1TMR         equ	16146	;# 
  2100   003F12                     SMT1TMRL        equ	16146	;# 
  2101   003F13                     SMT1TMRH        equ	16147	;# 
  2102   003F14                     SMT1TMRU        equ	16148	;# 
  2103   003F15                     SMT1CPR         equ	16149	;# 
  2104   003F15                     SMT1CPRL        equ	16149	;# 
  2105   003F16                     SMT1CPRH        equ	16150	;# 
  2106   003F17                     SMT1CPRU        equ	16151	;# 
  2107   003F18                     SMT1CPW         equ	16152	;# 
  2108   003F18                     SMT1CPWL        equ	16152	;# 
  2109   003F19                     SMT1CPWH        equ	16153	;# 
  2110   003F1A                     SMT1CPWU        equ	16154	;# 
  2111   003F1B                     SMT1PR          equ	16155	;# 
  2112   003F1B                     SMT1PRL         equ	16155	;# 
  2113   003F1C                     SMT1PRH         equ	16156	;# 
  2114   003F1D                     SMT1PRU         equ	16157	;# 
  2115   003F1E                     SMT1CON0        equ	16158	;# 
  2116   003F1F                     SMT1CON1        equ	16159	;# 
  2117   003F20                     SMT1STAT        equ	16160	;# 
  2118   003F21                     SMT1CLK         equ	16161	;# 
  2119   003F22                     SMT1SIG         equ	16162	;# 
  2120   003F23                     SMT1WIN         equ	16163	;# 
  2121   003F38                     NCO1ACC         equ	16184	;# 
  2122   003F38                     NCO1ACCL        equ	16184	;# 
  2123   003F39                     NCO1ACCH        equ	16185	;# 
  2124   003F3A                     NCO1ACCU        equ	16186	;# 
  2125   003F3B                     NCO1INC         equ	16187	;# 
  2126   003F3B                     NCO1INCL        equ	16187	;# 
  2127   003F3C                     NCO1INCH        equ	16188	;# 
  2128   003F3D                     NCO1INCU        equ	16189	;# 
  2129   003F3E                     NCO1CON         equ	16190	;# 
  2130   003F3F                     NCO1CLK         equ	16191	;# 
  2131   003F40                     CWG3CLK         equ	16192	;# 
  2132   003F40                     CWG3CLKCON      equ	16192	;# 
  2133   003F41                     CWG3ISM         equ	16193	;# 
  2134   003F41                     CWG3DAT         equ	16193	;# 
  2135   003F42                     CWG3DBR         equ	16194	;# 
  2136   003F43                     CWG3DBF         equ	16195	;# 
  2137   003F44                     CWG3CON0        equ	16196	;# 
  2138   003F45                     CWG3CON1        equ	16197	;# 
  2139   003F46                     CWG3AS0         equ	16198	;# 
  2140   003F47                     CWG3AS1         equ	16199	;# 
  2141   003F48                     CWG3STR         equ	16200	;# 
  2142   003F49                     CWG2CLK         equ	16201	;# 
  2143   003F49                     CWG2CLKCON      equ	16201	;# 
  2144   003F4A                     CWG2ISM         equ	16202	;# 
  2145   003F4A                     CWG2DAT         equ	16202	;# 
  2146   003F4B                     CWG2DBR         equ	16203	;# 
  2147   003F4C                     CWG2DBF         equ	16204	;# 
  2148   003F4D                     CWG2CON0        equ	16205	;# 
  2149   003F4E                     CWG2CON1        equ	16206	;# 
  2150   003F4F                     CWG2AS0         equ	16207	;# 
  2151   003F50                     CWG2AS1         equ	16208	;# 
  2152   003F51                     CWG2STR         equ	16209	;# 
  2153   003F52                     CWG1CLK         equ	16210	;# 
  2154   003F52                     CWG1CLKCON      equ	16210	;# 
  2155   003F53                     CWG1ISM         equ	16211	;# 
  2156   003F53                     CWG1DAT         equ	16211	;# 
  2157   003F54                     CWG1DBR         equ	16212	;# 
  2158   003F55                     CWG1DBF         equ	16213	;# 
  2159   003F56                     CWG1CON0        equ	16214	;# 
  2160   003F57                     CWG1CON1        equ	16215	;# 
  2161   003F58                     CWG1AS0         equ	16216	;# 
  2162   003F59                     CWG1AS1         equ	16217	;# 
  2163   003F5A                     CWG1STR         equ	16218	;# 
  2164   003F5E                     CCPTMRS0        equ	16222	;# 
  2165   003F5F                     CCPTMRS1        equ	16223	;# 
  2166   003F60                     PWM8DC          equ	16224	;# 
  2167   003F60                     PWM8DCL         equ	16224	;# 
  2168   003F61                     PWM8DCH         equ	16225	;# 
  2169   003F62                     PWM8CON         equ	16226	;# 
  2170   003F64                     PWM7DC          equ	16228	;# 
  2171   003F64                     PWM7DCL         equ	16228	;# 
  2172   003F65                     PWM7DCH         equ	16229	;# 
  2173   003F66                     PWM7CON         equ	16230	;# 
  2174   003F68                     PWM6DC          equ	16232	;# 
  2175   003F68                     PWM6DCL         equ	16232	;# 
  2176   003F69                     PWM6DCH         equ	16233	;# 
  2177   003F6A                     PWM6CON         equ	16234	;# 
  2178   003F6C                     PWM5DC          equ	16236	;# 
  2179   003F6C                     PWM5DCL         equ	16236	;# 
  2180   003F6D                     PWM5DCH         equ	16237	;# 
  2181   003F6E                     PWM5CON         equ	16238	;# 
  2182   003F70                     CCPR4           equ	16240	;# 
  2183   003F70                     CCPR4L          equ	16240	;# 
  2184   003F71                     CCPR4H          equ	16241	;# 
  2185   003F72                     CCP4CON         equ	16242	;# 
  2186   003F73                     CCP4CAP         equ	16243	;# 
  2187   003F74                     CCPR3           equ	16244	;# 
  2188   003F74                     CCPR3L          equ	16244	;# 
  2189   003F75                     CCPR3H          equ	16245	;# 
  2190   003F76                     CCP3CON         equ	16246	;# 
  2191   003F77                     CCP3CAP         equ	16247	;# 
  2192   003F78                     CCPR2           equ	16248	;# 
  2193   003F78                     CCPR2L          equ	16248	;# 
  2194   003F79                     CCPR2H          equ	16249	;# 
  2195   003F7A                     CCP2CON         equ	16250	;# 
  2196   003F7B                     CCP2CAP         equ	16251	;# 
  2197   003F7C                     CCPR1           equ	16252	;# 
  2198   003F7C                     CCPR1L          equ	16252	;# 
  2199   003F7D                     CCPR1H          equ	16253	;# 
  2200   003F7E                     CCP1CON         equ	16254	;# 
  2201   003F7F                     CCP1CAP         equ	16255	;# 
  2202   003F92                     T6TMR           equ	16274	;# 
  2203   003F92                     TMR6            equ	16274	;# 
  2204   003F93                     T6PR            equ	16275	;# 
  2205   003F93                     PR6             equ	16275	;# 
  2206   003F94                     T6CON           equ	16276	;# 
  2207   003F95                     T6HLT           equ	16277	;# 
  2208   003F96                     T6CLKCON        equ	16278	;# 
  2209   003F96                     T6CLK           equ	16278	;# 
  2210   003F97                     T6RST           equ	16279	;# 
  2211   003F98                     TMR5            equ	16280	;# 
  2212   003F98                     TMR5L           equ	16280	;# 
  2213   003F99                     TMR5H           equ	16281	;# 
  2214   003F9A                     T5CON           equ	16282	;# 
  2215   003F9A                     TMR5CON         equ	16282	;# 
  2216   003F9B                     T5GCON          equ	16283	;# 
  2217   003F9B                     TMR5GCON        equ	16283	;# 
  2218   003F9C                     T5GATE          equ	16284	;# 
  2219   003F9C                     TMR5GATE        equ	16284	;# 
  2220   003F9D                     T5CLK           equ	16285	;# 
  2221   003F9D                     TMR5CLK         equ	16285	;# 
  2222   003F9D                     PR5             equ	16285	;# 
  2223   003F9E                     T4TMR           equ	16286	;# 
  2224   003F9E                     TMR4            equ	16286	;# 
  2225   003F9F                     T4PR            equ	16287	;# 
  2226   003F9F                     PR4             equ	16287	;# 
  2227   003FA0                     T4CON           equ	16288	;# 
  2228   003FA1                     T4HLT           equ	16289	;# 
  2229   003FA2                     T4CLKCON        equ	16290	;# 
  2230   003FA2                     T4CLK           equ	16290	;# 
  2231   003FA3                     T4RST           equ	16291	;# 
  2232   003FA4                     TMR3            equ	16292	;# 
  2233   003FA4                     TMR3L           equ	16292	;# 
  2234   003FA5                     TMR3H           equ	16293	;# 
  2235   003FA6                     T3CON           equ	16294	;# 
  2236   003FA6                     TMR3CON         equ	16294	;# 
  2237   003FA7                     T3GCON          equ	16295	;# 
  2238   003FA7                     TMR3GCON        equ	16295	;# 
  2239   003FA8                     T3GATE          equ	16296	;# 
  2240   003FA8                     TMR3GATE        equ	16296	;# 
  2241   003FA9                     T3CLK           equ	16297	;# 
  2242   003FA9                     TMR3CLK         equ	16297	;# 
  2243   003FA9                     PR3             equ	16297	;# 
  2244   003FAA                     T2TMR           equ	16298	;# 
  2245   003FAA                     TMR2            equ	16298	;# 
  2246   003FAB                     T2PR            equ	16299	;# 
  2247   003FAB                     PR2             equ	16299	;# 
  2248   003FAC                     T2CON           equ	16300	;# 
  2249   003FAD                     T2HLT           equ	16301	;# 
  2250   003FAE                     T2CLKCON        equ	16302	;# 
  2251   003FAE                     T2CLK           equ	16302	;# 
  2252   003FAF                     T2RST           equ	16303	;# 
  2253   003FB0                     TMR1            equ	16304	;# 
  2254   003FB0                     TMR1L           equ	16304	;# 
  2255   003FB1                     TMR1H           equ	16305	;# 
  2256   003FB2                     T1CON           equ	16306	;# 
  2257   003FB2                     TMR1CON         equ	16306	;# 
  2258   003FB3                     T1GCON          equ	16307	;# 
  2259   003FB3                     TMR1GCON        equ	16307	;# 
  2260   003FB4                     T1GATE          equ	16308	;# 
  2261   003FB4                     TMR1GATE        equ	16308	;# 
  2262   003FB5                     T1CLK           equ	16309	;# 
  2263   003FB5                     TMR1CLK         equ	16309	;# 
  2264   003FB5                     PR1             equ	16309	;# 
  2265   003FB6                     TMR0L           equ	16310	;# 
  2266   003FB6                     TMR0            equ	16310	;# 
  2267   003FB7                     TMR0H           equ	16311	;# 
  2268   003FB7                     PR0             equ	16311	;# 
  2269   003FB8                     T0CON0          equ	16312	;# 
  2270   003FB9                     T0CON1          equ	16313	;# 
  2271   003FBA                     LATA            equ	16314	;# 
  2272   003FBB                     LATB            equ	16315	;# 
  2273   003FBC                     LATC            equ	16316	;# 
  2274   003FBD                     LATD            equ	16317	;# 
  2275   003FBE                     LATE            equ	16318	;# 
  2276   003FC2                     TRISA           equ	16322	;# 
  2277   003FC3                     TRISB           equ	16323	;# 
  2278   003FC4                     TRISC           equ	16324	;# 
  2279   003FC5                     TRISD           equ	16325	;# 
  2280   003FC6                     TRISE           equ	16326	;# 
  2281   003FCA                     PORTA           equ	16330	;# 
  2282   003FCB                     PORTB           equ	16331	;# 
  2283   003FCC                     PORTC           equ	16332	;# 
  2284   003FCD                     PORTD           equ	16333	;# 
  2285   003FCE                     PORTE           equ	16334	;# 
  2286   003FD2                     INTCON0         equ	16338	;# 
  2287   003FD3                     INTCON1         equ	16339	;# 
  2288   003FD4                     IVTLOCK         equ	16340	;# 
  2289   003FD5                     IVTBASE         equ	16341	;# 
  2290   003FD5                     IVTBASEL        equ	16341	;# 
  2291   003FD6                     IVTBASEH        equ	16342	;# 
  2292   003FD7                     IVTBASEU        equ	16343	;# 
  2293   003FD8                     STATUS          equ	16344	;# 
  2294   003FD9                     FSR2            equ	16345	;# 
  2295   003FD9                     FSR2L           equ	16345	;# 
  2296   003FDA                     FSR2H           equ	16346	;# 
  2297   003FDB                     PLUSW2          equ	16347	;# 
  2298   003FDC                     PREINC2         equ	16348	;# 
  2299   003FDD                     POSTDEC2        equ	16349	;# 
  2300   003FDE                     POSTINC2        equ	16350	;# 
  2301   003FDF                     INDF2           equ	16351	;# 
  2302   003FE0                     BSR             equ	16352	;# 
  2303   003FE1                     FSR1            equ	16353	;# 
  2304   003FE1                     FSR1L           equ	16353	;# 
  2305   003FE2                     FSR1H           equ	16354	;# 
  2306   003FE3                     PLUSW1          equ	16355	;# 
  2307   003FE4                     PREINC1         equ	16356	;# 
  2308   003FE5                     POSTDEC1        equ	16357	;# 
  2309   003FE6                     POSTINC1        equ	16358	;# 
  2310   003FE7                     INDF1           equ	16359	;# 
  2311   003FE8                     WREG            equ	16360	;# 
  2312   003FE9                     FSR0            equ	16361	;# 
  2313   003FE9                     FSR0L           equ	16361	;# 
  2314   003FEA                     FSR0H           equ	16362	;# 
  2315   003FEB                     PLUSW0          equ	16363	;# 
  2316   003FEC                     PREINC0         equ	16364	;# 
  2317   003FED                     POSTDEC0        equ	16365	;# 
  2318   003FEE                     POSTINC0        equ	16366	;# 
  2319   003FEF                     INDF0           equ	16367	;# 
  2320   003FF0                     PCON0           equ	16368	;# 
  2321   003FF1                     PCON1           equ	16369	;# 
  2322   003FF3                     PROD            equ	16371	;# 
  2323   003FF3                     PRODL           equ	16371	;# 
  2324   003FF4                     PRODH           equ	16372	;# 
  2325   003FF5                     TABLAT          equ	16373	;# 
  2326   003FF6                     TBLPTR          equ	16374	;# 
  2327   003FF6                     TBLPTRL         equ	16374	;# 
  2328   003FF7                     TBLPTRH         equ	16375	;# 
  2329   003FF8                     TBLPTRU         equ	16376	;# 
  2330   003FF9                     PCLAT           equ	16377	;# 
  2331   003FF9                     PCL             equ	16377	;# 
  2332   003FFA                     PCLATH          equ	16378	;# 
  2333   003FFB                     PCLATU          equ	16379	;# 
  2334   003FFC                     STKPTR          equ	16380	;# 
  2335   003FFD                     TOS             equ	16381	;# 
  2336   003FFD                     TOSL            equ	16381	;# 
  2337   003FFE                     TOSH            equ	16382	;# 
  2338   003FFF                     TOSU            equ	16383	;# 
  2339   003880                     STATUS_CSHAD    equ	14464	;# 
  2340   003881                     WREG_CSHAD      equ	14465	;# 
  2341   003882                     BSR_CSHAD       equ	14466	;# 
  2342   003883                     SHADCON         equ	14467	;# 
  2343   003884                     STATUS_SHAD     equ	14468	;# 
  2344   003885                     WREG_SHAD       equ	14469	;# 
  2345   003886                     BSR_SHAD        equ	14470	;# 
  2346   003887                     PCLATH_SHAD     equ	14471	;# 
  2347   003888                     PCLATU_SHAD     equ	14472	;# 
  2348   003889                     FSR0SH          equ	14473	;# 
  2349   003889                     FSR0L_SHAD      equ	14473	;# 
  2350   00388A                     FSR0H_SHAD      equ	14474	;# 
  2351   00388B                     FSR1SH          equ	14475	;# 
  2352   00388B                     FSR1L_SHAD      equ	14475	;# 
  2353   00388C                     FSR1H_SHAD      equ	14476	;# 
  2354   00388D                     FSR2SH          equ	14477	;# 
  2355   00388D                     FSR2L_SHAD      equ	14477	;# 
  2356   00388E                     FSR2H_SHAD      equ	14478	;# 
  2357   00388F                     PRODSH          equ	14479	;# 
  2358   00388F                     PRODL_SHAD      equ	14479	;# 
  2359   003890                     PRODH_SHAD      equ	14480	;# 
  2360   00389D                     IVTADL          equ	14493	;# 
  2361   00389E                     IVTADH          equ	14494	;# 
  2362   00389F                     IVTADU          equ	14495	;# 
  2363   00395B                     WDTCON0         equ	14683	;# 
  2364   00395C                     WDTCON1         equ	14684	;# 
  2365   00395D                     WDTPSL          equ	14685	;# 
  2366   00395E                     WDTPSH          equ	14686	;# 
  2367   00395F                     WDTTMR          equ	14687	;# 
  2368   003960                     CRCDATA         equ	14688	;# 
  2369   003960                     CRCDATL         equ	14688	;# 
  2370   003961                     CRCDATH         equ	14689	;# 
  2371   003962                     CRCACC          equ	14690	;# 
  2372   003962                     CRCACCL         equ	14690	;# 
  2373   003963                     CRCACCH         equ	14691	;# 
  2374   003964                     CRCSHFT         equ	14692	;# 
  2375   003964                     CRCSHIFTL       equ	14692	;# 
  2376   003965                     CRCSHIFTH       equ	14693	;# 
  2377   003966                     CRCXOR          equ	14694	;# 
  2378   003966                     CRCXORL         equ	14694	;# 
  2379   003967                     CRCXORH         equ	14695	;# 
  2380   003968                     CRCCON0         equ	14696	;# 
  2381   003969                     CRCCON1         equ	14697	;# 
  2382   003976                     SCANLADR        equ	14710	;# 
  2383   003976                     SCANLADRL       equ	14710	;# 
  2384   003977                     SCANLADRH       equ	14711	;# 
  2385   003978                     SCANLADRU       equ	14712	;# 
  2386   003979                     SCANHADR        equ	14713	;# 
  2387   003979                     SCANHADRL       equ	14713	;# 
  2388   00397A                     SCANHADRH       equ	14714	;# 
  2389   00397B                     SCANHADRU       equ	14715	;# 
  2390   00397C                     SCANCON0        equ	14716	;# 
  2391   00397D                     SCANTRIG        equ	14717	;# 
  2392   003980                     IPR0            equ	14720	;# 
  2393   003981                     IPR1            equ	14721	;# 
  2394   003982                     IPR2            equ	14722	;# 
  2395   003983                     IPR3            equ	14723	;# 
  2396   003984                     IPR4            equ	14724	;# 
  2397   003985                     IPR5            equ	14725	;# 
  2398   003986                     IPR6            equ	14726	;# 
  2399   003987                     IPR7            equ	14727	;# 
  2400   003988                     IPR8            equ	14728	;# 
  2401   003989                     IPR9            equ	14729	;# 
  2402   00398A                     IPR10           equ	14730	;# 
  2403   003990                     PIE0            equ	14736	;# 
  2404   003991                     PIE1            equ	14737	;# 
  2405   003992                     PIE2            equ	14738	;# 
  2406   003993                     PIE3            equ	14739	;# 
  2407   003994                     PIE4            equ	14740	;# 
  2408   003995                     PIE5            equ	14741	;# 
  2409   003996                     PIE6            equ	14742	;# 
  2410   003997                     PIE7            equ	14743	;# 
  2411   003998                     PIE8            equ	14744	;# 
  2412   003999                     PIE9            equ	14745	;# 
  2413   00399A                     PIE10           equ	14746	;# 
  2414   0039A0                     PIR0            equ	14752	;# 
  2415   0039A1                     PIR1            equ	14753	;# 
  2416   0039A2                     PIR2            equ	14754	;# 
  2417   0039A3                     PIR3            equ	14755	;# 
  2418   0039A4                     PIR4            equ	14756	;# 
  2419   0039A5                     PIR5            equ	14757	;# 
  2420   0039A6                     PIR6            equ	14758	;# 
  2421   0039A7                     PIR7            equ	14759	;# 
  2422   0039A8                     PIR8            equ	14760	;# 
  2423   0039A9                     PIR9            equ	14761	;# 
  2424   0039AA                     PIR10           equ	14762	;# 
  2425   0039C0                     PMD0            equ	14784	;# 
  2426   0039C1                     PMD1            equ	14785	;# 
  2427   0039C2                     PMD2            equ	14786	;# 
  2428   0039C3                     PMD3            equ	14787	;# 
  2429   0039C4                     PMD4            equ	14788	;# 
  2430   0039C5                     PMD5            equ	14789	;# 
  2431   0039C6                     PMD6            equ	14790	;# 
  2432   0039C7                     PMD7            equ	14791	;# 
  2433   0039D0                     BORCON          equ	14800	;# 
  2434   0039D1                     VREGCON         equ	14801	;# 
  2435   0039D8                     CPUDOZE         equ	14808	;# 
  2436   0039D9                     OSCCON1         equ	14809	;# 
  2437   0039DA                     OSCCON2         equ	14810	;# 
  2438   0039DB                     OSCCON3         equ	14811	;# 
  2439   0039DC                     OSCSTAT         equ	14812	;# 
  2440   0039DC                     OSCSTAT1        equ	14812	;# 
  2441   0039DD                     OSCEN           equ	14813	;# 
  2442   0039DE                     OSCTUNE         equ	14814	;# 
  2443   0039DF                     OSCFRQ          equ	14815	;# 
  2444   0039E0                     NVMADRL         equ	14816	;# 
  2445   0039E1                     NVMADRH         equ	14817	;# 
  2446   0039E3                     NVMDAT          equ	14819	;# 
  2447   0039E5                     NVMCON1         equ	14821	;# 
  2448   0039E6                     NVMCON2         equ	14822	;# 
  2449   0039EF                     PRLOCK          equ	14831	;# 
  2450   0039F1                     ISRPR           equ	14833	;# 
  2451   0039F2                     MAINPR          equ	14834	;# 
  2452   0039F3                     DMA1PR          equ	14835	;# 
  2453   0039F4                     DMA2PR          equ	14836	;# 
  2454   0039F7                     SCANPR          equ	14839	;# 
  2455   003A00                     RA0PPS          equ	14848	;# 
  2456   003A01                     RA1PPS          equ	14849	;# 
  2457   003A02                     RA2PPS          equ	14850	;# 
  2458   003A03                     RA3PPS          equ	14851	;# 
  2459   003A04                     RA4PPS          equ	14852	;# 
  2460   003A05                     RA5PPS          equ	14853	;# 
  2461   003A06                     RA6PPS          equ	14854	;# 
  2462   003A07                     RA7PPS          equ	14855	;# 
  2463   003A08                     RB0PPS          equ	14856	;# 
  2464   003A09                     RB1PPS          equ	14857	;# 
  2465   003A0A                     RB2PPS          equ	14858	;# 
  2466   003A0B                     RB3PPS          equ	14859	;# 
  2467   003A0C                     RB4PPS          equ	14860	;# 
  2468   003A0D                     RB5PPS          equ	14861	;# 
  2469   003A0E                     RB6PPS          equ	14862	;# 
  2470   003A0F                     RB7PPS          equ	14863	;# 
  2471   003A10                     RC0PPS          equ	14864	;# 
  2472   003A11                     RC1PPS          equ	14865	;# 
  2473   003A12                     RC2PPS          equ	14866	;# 
  2474   003A13                     RC3PPS          equ	14867	;# 
  2475   003A14                     RC4PPS          equ	14868	;# 
  2476   003A15                     RC5PPS          equ	14869	;# 
  2477   003A16                     RC6PPS          equ	14870	;# 
  2478   003A17                     RC7PPS          equ	14871	;# 
  2479   003A18                     RD0PPS          equ	14872	;# 
  2480   003A19                     RD1PPS          equ	14873	;# 
  2481   003A1A                     RD2PPS          equ	14874	;# 
  2482   003A1B                     RD3PPS          equ	14875	;# 
  2483   003A1C                     RD4PPS          equ	14876	;# 
  2484   003A1D                     RD5PPS          equ	14877	;# 
  2485   003A1E                     RD6PPS          equ	14878	;# 
  2486   003A1F                     RD7PPS          equ	14879	;# 
  2487   003A20                     RE0PPS          equ	14880	;# 
  2488   003A21                     RE1PPS          equ	14881	;# 
  2489   003A22                     RE2PPS          equ	14882	;# 
  2490   003A40                     ANSELA          equ	14912	;# 
  2491   003A41                     WPUA            equ	14913	;# 
  2492   003A42                     ODCONA          equ	14914	;# 
  2493   003A43                     SLRCONA         equ	14915	;# 
  2494   003A44                     INLVLA          equ	14916	;# 
  2495   003A45                     IOCAP           equ	14917	;# 
  2496   003A46                     IOCAN           equ	14918	;# 
  2497   003A47                     IOCAF           equ	14919	;# 
  2498   003A50                     ANSELB          equ	14928	;# 
  2499   003A51                     WPUB            equ	14929	;# 
  2500   003A52                     ODCONB          equ	14930	;# 
  2501   003A53                     SLRCONB         equ	14931	;# 
  2502   003A54                     INLVLB          equ	14932	;# 
  2503   003A55                     IOCBP           equ	14933	;# 
  2504   003A56                     IOCBN           equ	14934	;# 
  2505   003A57                     IOCBF           equ	14935	;# 
  2506   003A5A                     RB1I2C          equ	14938	;# 
  2507   003A5B                     RB2I2C          equ	14939	;# 
  2508   003A60                     ANSELC          equ	14944	;# 
  2509   003A61                     WPUC            equ	14945	;# 
  2510   003A62                     ODCONC          equ	14946	;# 
  2511   003A63                     SLRCONC         equ	14947	;# 
  2512   003A64                     INLVLC          equ	14948	;# 
  2513   003A65                     IOCCP           equ	14949	;# 
  2514   003A66                     IOCCN           equ	14950	;# 
  2515   003A67                     IOCCF           equ	14951	;# 
  2516   003A6A                     RC3I2C          equ	14954	;# 
  2517   003A6B                     RC4I2C          equ	14955	;# 
  2518   003A70                     ANSELD          equ	14960	;# 
  2519   003A71                     WPUD            equ	14961	;# 
  2520   003A72                     ODCOND          equ	14962	;# 
  2521   003A73                     SLRCOND         equ	14963	;# 
  2522   003A74                     INLVLD          equ	14964	;# 
  2523   003A7A                     RD0I2C          equ	14970	;# 
  2524   003A7B                     RD1I2C          equ	14971	;# 
  2525   003A80                     ANSELE          equ	14976	;# 
  2526   003A81                     WPUE            equ	14977	;# 
  2527   003A82                     ODCONE          equ	14978	;# 
  2528   003A83                     SLRCONE         equ	14979	;# 
  2529   003A84                     INLVLE          equ	14980	;# 
  2530   003A85                     IOCEP           equ	14981	;# 
  2531   003A86                     IOCEN           equ	14982	;# 
  2532   003A87                     IOCEF           equ	14983	;# 
  2533   003ABF                     PPSLOCK         equ	15039	;# 
  2534   003AC0                     INT0PPS         equ	15040	;# 
  2535   003AC1                     INT1PPS         equ	15041	;# 
  2536   003AC2                     INT2PPS         equ	15042	;# 
  2537   003AC3                     T0CKIPPS        equ	15043	;# 
  2538   003AC4                     T1CKIPPS        equ	15044	;# 
  2539   003AC5                     T1GPPS          equ	15045	;# 
  2540   003AC6                     T3CKIPPS        equ	15046	;# 
  2541   003AC7                     T3GPPS          equ	15047	;# 
  2542   003AC8                     T5CKIPPS        equ	15048	;# 
  2543   003AC9                     T5GPPS          equ	15049	;# 
  2544   003ACA                     T2INPPS         equ	15050	;# 
  2545   003ACB                     T4INPPS         equ	15051	;# 
  2546   003ACC                     T6INPPS         equ	15052	;# 
  2547   003ACD                     CCP1PPS         equ	15053	;# 
  2548   003ACE                     CCP2PPS         equ	15054	;# 
  2549   003ACF                     CCP3PPS         equ	15055	;# 
  2550   003AD0                     CCP4PPS         equ	15056	;# 
  2551   003AD1                     SMT1WINPPS      equ	15057	;# 
  2552   003AD2                     SMT1SIGPPS      equ	15058	;# 
  2553   003AD3                     CWG1INPPS       equ	15059	;# 
  2554   003AD4                     CWG2INPPS       equ	15060	;# 
  2555   003AD5                     CWG3INPPS       equ	15061	;# 
  2556   003AD6                     MD1CARLPPS      equ	15062	;# 
  2557   003AD7                     MD1CARHPPS      equ	15063	;# 
  2558   003AD8                     MD1SRCPPS       equ	15064	;# 
  2559   003AD9                     CLCIN0PPS       equ	15065	;# 
  2560   003ADA                     CLCIN1PPS       equ	15066	;# 
  2561   003ADB                     CLCIN2PPS       equ	15067	;# 
  2562   003ADC                     CLCIN3PPS       equ	15068	;# 
  2563   003ADD                     ADACTPPS        equ	15069	;# 
  2564   003ADE                     SPI1SCKPPS      equ	15070	;# 
  2565   003ADF                     SPI1SDIPPS      equ	15071	;# 
  2566   003AE0                     SPI1SSPPS       equ	15072	;# 
  2567   003AE1                     I2C1SCLPPS      equ	15073	;# 
  2568   003AE2                     I2C1SDAPPS      equ	15074	;# 
  2569   003AE3                     I2C2SCLPPS      equ	15075	;# 
  2570   003AE4                     I2C2SDAPPS      equ	15076	;# 
  2571   003AE5                     U1RXPPS         equ	15077	;# 
  2572   003AE6                     U1CTSPPS        equ	15078	;# 
  2573   003AE8                     U2RXPPS         equ	15080	;# 
  2574   003AE9                     U2CTSPPS        equ	15081	;# 
  2575   003BC9                     DMA2BUF         equ	15305	;# 
  2576   003BCA                     DMA2DCNT        equ	15306	;# 
  2577   003BCA                     DMA2DCNTL       equ	15306	;# 
  2578   003BCB                     DMA2DCNTH       equ	15307	;# 
  2579   003BCC                     DMA2DPTR        equ	15308	;# 
  2580   003BCC                     DMA2DPTRL       equ	15308	;# 
  2581   003BCD                     DMA2DPTRH       equ	15309	;# 
  2582   003BCE                     DMA2DSZ         equ	15310	;# 
  2583   003BCE                     DMA2DSZL        equ	15310	;# 
  2584   003BCF                     DMA2DSZH        equ	15311	;# 
  2585   003BD0                     DMA2DSA         equ	15312	;# 
  2586   003BD0                     DMA2DSAL        equ	15312	;# 
  2587   003BD1                     DMA2DSAH        equ	15313	;# 
  2588   003BD2                     DMA2SCNT        equ	15314	;# 
  2589   003BD2                     DMA2SCNTL       equ	15314	;# 
  2590   003BD3                     DMA2SCNTH       equ	15315	;# 
  2591   003BD4                     DMA2SPTR        equ	15316	;# 
  2592   003BD4                     DMA2SPTRL       equ	15316	;# 
  2593   003BD5                     DMA2SPTRH       equ	15317	;# 
  2594   003BD6                     DMA2SPTRU       equ	15318	;# 
  2595   003BD7                     DMA2SSZ         equ	15319	;# 
  2596   003BD7                     DMA2SSZL        equ	15319	;# 
  2597   003BD8                     DMA2SSZH        equ	15320	;# 
  2598   003BD9                     DMA2SSA         equ	15321	;# 
  2599   003BD9                     DMA2SSAL        equ	15321	;# 
  2600   003BDA                     DMA2SSAH        equ	15322	;# 
  2601   003BDB                     DMA2SSAU        equ	15323	;# 
  2602   003BDC                     DMA2CON0        equ	15324	;# 
  2603   003BDD                     DMA2CON1        equ	15325	;# 
  2604   003BDE                     DMA2AIRQ        equ	15326	;# 
  2605   003BDF                     DMA2SIRQ        equ	15327	;# 
  2606   003BE9                     DMA1BUF         equ	15337	;# 
  2607   003BEA                     DMA1DCNT        equ	15338	;# 
  2608   003BEA                     DMA1DCNTL       equ	15338	;# 
  2609   003BEB                     DMA1DCNTH       equ	15339	;# 
  2610   003BEC                     DMA1DPTR        equ	15340	;# 
  2611   003BEC                     DMA1DPTRL       equ	15340	;# 
  2612   003BED                     DMA1DPTRH       equ	15341	;# 
  2613   003BEE                     DMA1DSZ         equ	15342	;# 
  2614   003BEE                     DMA1DSZL        equ	15342	;# 
  2615   003BEF                     DMA1DSZH        equ	15343	;# 
  2616   003BF0                     DMA1DSA         equ	15344	;# 
  2617   003BF0                     DMA1DSAL        equ	15344	;# 
  2618   003BF1                     DMA1DSAH        equ	15345	;# 
  2619   003BF2                     DMA1SCNT        equ	15346	;# 
  2620   003BF2                     DMA1SCNTL       equ	15346	;# 
  2621   003BF3                     DMA1SCNTH       equ	15347	;# 
  2622   003BF4                     DMA1SPTR        equ	15348	;# 
  2623   003BF4                     DMA1SPTRL       equ	15348	;# 
  2624   003BF5                     DMA1SPTRH       equ	15349	;# 
  2625   003BF6                     DMA1SPTRU       equ	15350	;# 
  2626   003BF7                     DMA1SSZ         equ	15351	;# 
  2627   003BF7                     DMA1SSZL        equ	15351	;# 
  2628   003BF8                     DMA1SSZH        equ	15352	;# 
  2629   003BF9                     DMA1SSA         equ	15353	;# 
  2630   003BF9                     DMA1SSAL        equ	15353	;# 
  2631   003BFA                     DMA1SSAH        equ	15354	;# 
  2632   003BFB                     DMA1SSAU        equ	15355	;# 
  2633   003BFC                     DMA1CON0        equ	15356	;# 
  2634   003BFD                     DMA1CON1        equ	15357	;# 
  2635   003BFE                     DMA1AIRQ        equ	15358	;# 
  2636   003BFF                     DMA1SIRQ        equ	15359	;# 
  2637   003C56                     CLC4CON         equ	15446	;# 
  2638   003C57                     CLC4POL         equ	15447	;# 
  2639   003C58                     CLC4SEL0        equ	15448	;# 
  2640   003C59                     CLC4SEL1        equ	15449	;# 
  2641   003C5A                     CLC4SEL2        equ	15450	;# 
  2642   003C5B                     CLC4SEL3        equ	15451	;# 
  2643   003C5C                     CLC4GLS0        equ	15452	;# 
  2644   003C5D                     CLC4GLS1        equ	15453	;# 
  2645   003C5E                     CLC4GLS2        equ	15454	;# 
  2646   003C5F                     CLC4GLS3        equ	15455	;# 
  2647   003C60                     CLC3CON         equ	15456	;# 
  2648   003C61                     CLC3POL         equ	15457	;# 
  2649   003C62                     CLC3SEL0        equ	15458	;# 
  2650   003C63                     CLC3SEL1        equ	15459	;# 
  2651   003C64                     CLC3SEL2        equ	15460	;# 
  2652   003C65                     CLC3SEL3        equ	15461	;# 
  2653   003C66                     CLC3GLS0        equ	15462	;# 
  2654   003C67                     CLC3GLS1        equ	15463	;# 
  2655   003C68                     CLC3GLS2        equ	15464	;# 
  2656   003C69                     CLC3GLS3        equ	15465	;# 
  2657   003C6A                     CLC2CON         equ	15466	;# 
  2658   003C6B                     CLC2POL         equ	15467	;# 
  2659   003C6C                     CLC2SEL0        equ	15468	;# 
  2660   003C6D                     CLC2SEL1        equ	15469	;# 
  2661   003C6E                     CLC2SEL2        equ	15470	;# 
  2662   003C6F                     CLC2SEL3        equ	15471	;# 
  2663   003C70                     CLC2GLS0        equ	15472	;# 
  2664   003C71                     CLC2GLS1        equ	15473	;# 
  2665   003C72                     CLC2GLS2        equ	15474	;# 
  2666   003C73                     CLC2GLS3        equ	15475	;# 
  2667   003C74                     CLC1CON         equ	15476	;# 
  2668   003C75                     CLC1POL         equ	15477	;# 
  2669   003C76                     CLC1SEL0        equ	15478	;# 
  2670   003C77                     CLC1SEL1        equ	15479	;# 
  2671   003C78                     CLC1SEL2        equ	15480	;# 
  2672   003C79                     CLC1SEL3        equ	15481	;# 
  2673   003C7A                     CLC1GLS0        equ	15482	;# 
  2674   003C7B                     CLC1GLS1        equ	15483	;# 
  2675   003C7C                     CLC1GLS2        equ	15484	;# 
  2676   003C7D                     CLC1GLS3        equ	15485	;# 
  2677   003C7E                     CLCDATA0        equ	15486	;# 
  2678   003CE5                     CLKRCON         equ	15589	;# 
  2679   003CE6                     CLKRCLK         equ	15590	;# 
  2680   003CFA                     MD1CON0         equ	15610	;# 
  2681   003CFB                     MD1CON1         equ	15611	;# 
  2682   003CFC                     MD1SRC          equ	15612	;# 
  2683   003CFD                     MD1CARL         equ	15613	;# 
  2684   003CFE                     MD1CARH         equ	15614	;# 
  2685   003D10                     SPI1RXB         equ	15632	;# 
  2686   003D11                     SPI1TXB         equ	15633	;# 
  2687   003D12                     SPI1TCNT        equ	15634	;# 
  2688   003D12                     SPI1TCNTL       equ	15634	;# 
  2689   003D13                     SPI1TCNTH       equ	15635	;# 
  2690   003D14                     SPI1CON0        equ	15636	;# 
  2691   003D15                     SPI1CON1        equ	15637	;# 
  2692   003D16                     SPI1CON2        equ	15638	;# 
  2693   003D17                     SPI1STATUS      equ	15639	;# 
  2694   003D18                     SPI1TWIDTH      equ	15640	;# 
  2695   003D19                     SPI1BAUD        equ	15641	;# 
  2696   003D1A                     SPI1INTF        equ	15642	;# 
  2697   003D1B                     SPI1INTE        equ	15643	;# 
  2698   003D1C                     SPI1CLK         equ	15644	;# 
  2699   003D54                     I2C2RXB         equ	15700	;# 
  2700   003D55                     I2C2TXB         equ	15701	;# 
  2701   003D56                     I2C2CNT         equ	15702	;# 
  2702   003D57                     I2C2ADB0        equ	15703	;# 
  2703   003D58                     I2C2ADB1        equ	15704	;# 
  2704   003D59                     I2C2ADR0        equ	15705	;# 
  2705   003D5A                     I2C2ADR1        equ	15706	;# 
  2706   003D5B                     I2C2ADR2        equ	15707	;# 
  2707   003D5C                     I2C2ADR3        equ	15708	;# 
  2708   003D5D                     I2C2CON0        equ	15709	;# 
  2709   003D5E                     I2C2CON1        equ	15710	;# 
  2710   003D5F                     I2C2CON2        equ	15711	;# 
  2711   003D60                     I2C2ERR         equ	15712	;# 
  2712   003D61                     I2C2STAT0       equ	15713	;# 
  2713   003D62                     I2C2STAT1       equ	15714	;# 
  2714   003D63                     I2C2PIR         equ	15715	;# 
  2715   003D64                     I2C2PIE         equ	15716	;# 
  2716   003D65                     I2C2CLK         equ	15717	;# 
  2717   003D66                     I2C2BTO         equ	15718	;# 
  2718   003D6A                     I2C1RXB         equ	15722	;# 
  2719   003D6B                     I2C1TXB         equ	15723	;# 
  2720   003D6C                     I2C1CNT         equ	15724	;# 
  2721   003D6D                     I2C1ADB0        equ	15725	;# 
  2722   003D6E                     I2C1ADB1        equ	15726	;# 
  2723   003D6F                     I2C1ADR0        equ	15727	;# 
  2724   003D70                     I2C1ADR1        equ	15728	;# 
  2725   003D71                     I2C1ADR2        equ	15729	;# 
  2726   003D72                     I2C1ADR3        equ	15730	;# 
  2727   003D73                     I2C1CON0        equ	15731	;# 
  2728   003D74                     I2C1CON1        equ	15732	;# 
  2729   003D75                     I2C1CON2        equ	15733	;# 
  2730   003D76                     I2C1ERR         equ	15734	;# 
  2731   003D77                     I2C1STAT0       equ	15735	;# 
  2732   003D78                     I2C1STAT1       equ	15736	;# 
  2733   003D79                     I2C1PIR         equ	15737	;# 
  2734   003D7A                     I2C1PIE         equ	15738	;# 
  2735   003D7B                     I2C1CLK         equ	15739	;# 
  2736   003D7C                     I2C1BTO         equ	15740	;# 
  2737   003DD0                     U2RXB           equ	15824	;# 
  2738   003DD0                     U2RXBL          equ	15824	;# 
  2739   003DD2                     U2TXB           equ	15826	;# 
  2740   003DD2                     U2TXBL          equ	15826	;# 
  2741   003DD4                     U2P1            equ	15828	;# 
  2742   003DD4                     U2P1L           equ	15828	;# 
  2743   003DD6                     U2P2            equ	15830	;# 
  2744   003DD6                     U2P2L           equ	15830	;# 
  2745   003DD8                     U2P3            equ	15832	;# 
  2746   003DD8                     U2P3L           equ	15832	;# 
  2747   003DDA                     U2CON0          equ	15834	;# 
  2748   003DDB                     U2CON1          equ	15835	;# 
  2749   003DDC                     U2CON2          equ	15836	;# 
  2750   003DDD                     U2BRG           equ	15837	;# 
  2751   003DDD                     U2BRGL          equ	15837	;# 
  2752   003DDE                     U2BRGH          equ	15838	;# 
  2753   003DDF                     U2FIFO          equ	15839	;# 
  2754   003DE0                     U2UIR           equ	15840	;# 
  2755   003DE1                     U2ERRIR         equ	15841	;# 
  2756   003DE2                     U2ERRIE         equ	15842	;# 
  2757   003DE8                     U1RXB           equ	15848	;# 
  2758   003DE8                     U1RXBL          equ	15848	;# 
  2759   003DE9                     U1RXCHK         equ	15849	;# 
  2760   003DEA                     U1TXB           equ	15850	;# 
  2761   003DEA                     U1TXBL          equ	15850	;# 
  2762   003DEB                     U1TXCHK         equ	15851	;# 
  2763   003DEC                     U1P1            equ	15852	;# 
  2764   003DEC                     U1P1L           equ	15852	;# 
  2765   003DED                     U1P1H           equ	15853	;# 
  2766   003DEE                     U1P2            equ	15854	;# 
  2767   003DEE                     U1P2L           equ	15854	;# 
  2768   003DEF                     U1P2H           equ	15855	;# 
  2769   003DF0                     U1P3            equ	15856	;# 
  2770   003DF0                     U1P3L           equ	15856	;# 
  2771   003DF1                     U1P3H           equ	15857	;# 
  2772   003DF2                     U1CON0          equ	15858	;# 
  2773   003DF3                     U1CON1          equ	15859	;# 
  2774   003DF4                     U1CON2          equ	15860	;# 
  2775   003DF5                     U1BRG           equ	15861	;# 
  2776   003DF5                     U1BRGL          equ	15861	;# 
  2777   003DF6                     U1BRGH          equ	15862	;# 
  2778   003DF7                     U1FIFO          equ	15863	;# 
  2779   003DF8                     U1UIR           equ	15864	;# 
  2780   003DF9                     U1ERRIR         equ	15865	;# 
  2781   003DFA                     U1ERRIE         equ	15866	;# 
  2782   003E9C                     DAC1CON1        equ	16028	;# 
  2783   003E9E                     DAC1CON0        equ	16030	;# 
  2784   003EB8                     CM2CON0         equ	16056	;# 
  2785   003EB9                     CM2CON1         equ	16057	;# 
  2786   003EBA                     CM2NCH          equ	16058	;# 
  2787   003EBB                     CM2PCH          equ	16059	;# 
  2788   003EBC                     CM1CON0         equ	16060	;# 
  2789   003EBD                     CM1CON1         equ	16061	;# 
  2790   003EBE                     CM1NCH          equ	16062	;# 
  2791   003EBF                     CM1PCH          equ	16063	;# 
  2792   003EC0                     CMOUT           equ	16064	;# 
  2793   003EC1                     FVRCON          equ	16065	;# 
  2794   003EC3                     ZCDCON          equ	16067	;# 
  2795   003EC9                     HLVDCON0        equ	16073	;# 
  2796   003ECA                     HLVDCON1        equ	16074	;# 
  2797   003ED7                     ADCP            equ	16087	;# 
  2798   003EDE                     ADLTH           equ	16094	;# 
  2799   003EDE                     ADLTHL          equ	16094	;# 
  2800   003EDF                     ADLTHH          equ	16095	;# 
  2801   003EE0                     ADUTH           equ	16096	;# 
  2802   003EE0                     ADUTHL          equ	16096	;# 
  2803   003EE1                     ADUTHH          equ	16097	;# 
  2804   003EE2                     ADERR           equ	16098	;# 
  2805   003EE2                     ADERRL          equ	16098	;# 
  2806   003EE3                     ADERRH          equ	16099	;# 
  2807   003EE4                     ADSTPT          equ	16100	;# 
  2808   003EE4                     ADSTPTL         equ	16100	;# 
  2809   003EE5                     ADSTPTH         equ	16101	;# 
  2810   003EE6                     ADFLTR          equ	16102	;# 
  2811   003EE6                     ADFLTRL         equ	16102	;# 
  2812   003EE7                     ADFLTRH         equ	16103	;# 
  2813   003EE8                     ADACC           equ	16104	;# 
  2814   003EE8                     ADACCL          equ	16104	;# 
  2815   003EE9                     ADACCH          equ	16105	;# 
  2816   003EEA                     ADACCU          equ	16106	;# 
  2817   003EEB                     ADCNT           equ	16107	;# 
  2818   003EEC                     ADRPT           equ	16108	;# 
  2819   003EED                     ADPREV          equ	16109	;# 
  2820   003EED                     ADPREVL         equ	16109	;# 
  2821   003EEE                     ADPREVH         equ	16110	;# 
  2822   003EEF                     ADRES           equ	16111	;# 
  2823   003EEF                     ADRESL          equ	16111	;# 
  2824   003EF0                     ADRESH          equ	16112	;# 
  2825   003EF1                     ADPCH           equ	16113	;# 
  2826   003EF3                     ADACQ           equ	16115	;# 
  2827   003EF3                     ADACQL          equ	16115	;# 
  2828   003EF4                     ADACQH          equ	16116	;# 
  2829   003EF5                     ADCAP           equ	16117	;# 
  2830   003EF6                     ADPRE           equ	16118	;# 
  2831   003EF6                     ADPREL          equ	16118	;# 
  2832   003EF7                     ADPREH          equ	16119	;# 
  2833   003EF8                     ADCON0          equ	16120	;# 
  2834   003EF9                     ADCON1          equ	16121	;# 
  2835   003EFA                     ADCON2          equ	16122	;# 
  2836   003EFB                     ADCON3          equ	16123	;# 
  2837   003EFC                     ADSTAT          equ	16124	;# 
  2838   003EFD                     ADREF           equ	16125	;# 
  2839   003EFE                     ADACT           equ	16126	;# 
  2840   003EFF                     ADCLK           equ	16127	;# 
  2841   003F12                     SMT1TMR         equ	16146	;# 
  2842   003F12                     SMT1TMRL        equ	16146	;# 
  2843   003F13                     SMT1TMRH        equ	16147	;# 
  2844   003F14                     SMT1TMRU        equ	16148	;# 
  2845   003F15                     SMT1CPR         equ	16149	;# 
  2846   003F15                     SMT1CPRL        equ	16149	;# 
  2847   003F16                     SMT1CPRH        equ	16150	;# 
  2848   003F17                     SMT1CPRU        equ	16151	;# 
  2849   003F18                     SMT1CPW         equ	16152	;# 
  2850   003F18                     SMT1CPWL        equ	16152	;# 
  2851   003F19                     SMT1CPWH        equ	16153	;# 
  2852   003F1A                     SMT1CPWU        equ	16154	;# 
  2853   003F1B                     SMT1PR          equ	16155	;# 
  2854   003F1B                     SMT1PRL         equ	16155	;# 
  2855   003F1C                     SMT1PRH         equ	16156	;# 
  2856   003F1D                     SMT1PRU         equ	16157	;# 
  2857   003F1E                     SMT1CON0        equ	16158	;# 
  2858   003F1F                     SMT1CON1        equ	16159	;# 
  2859   003F20                     SMT1STAT        equ	16160	;# 
  2860   003F21                     SMT1CLK         equ	16161	;# 
  2861   003F22                     SMT1SIG         equ	16162	;# 
  2862   003F23                     SMT1WIN         equ	16163	;# 
  2863   003F38                     NCO1ACC         equ	16184	;# 
  2864   003F38                     NCO1ACCL        equ	16184	;# 
  2865   003F39                     NCO1ACCH        equ	16185	;# 
  2866   003F3A                     NCO1ACCU        equ	16186	;# 
  2867   003F3B                     NCO1INC         equ	16187	;# 
  2868   003F3B                     NCO1INCL        equ	16187	;# 
  2869   003F3C                     NCO1INCH        equ	16188	;# 
  2870   003F3D                     NCO1INCU        equ	16189	;# 
  2871   003F3E                     NCO1CON         equ	16190	;# 
  2872   003F3F                     NCO1CLK         equ	16191	;# 
  2873   003F40                     CWG3CLK         equ	16192	;# 
  2874   003F40                     CWG3CLKCON      equ	16192	;# 
  2875   003F41                     CWG3ISM         equ	16193	;# 
  2876   003F41                     CWG3DAT         equ	16193	;# 
  2877   003F42                     CWG3DBR         equ	16194	;# 
  2878   003F43                     CWG3DBF         equ	16195	;# 
  2879   003F44                     CWG3CON0        equ	16196	;# 
  2880   003F45                     CWG3CON1        equ	16197	;# 
  2881   003F46                     CWG3AS0         equ	16198	;# 
  2882   003F47                     CWG3AS1         equ	16199	;# 
  2883   003F48                     CWG3STR         equ	16200	;# 
  2884   003F49                     CWG2CLK         equ	16201	;# 
  2885   003F49                     CWG2CLKCON      equ	16201	;# 
  2886   003F4A                     CWG2ISM         equ	16202	;# 
  2887   003F4A                     CWG2DAT         equ	16202	;# 
  2888   003F4B                     CWG2DBR         equ	16203	;# 
  2889   003F4C                     CWG2DBF         equ	16204	;# 
  2890   003F4D                     CWG2CON0        equ	16205	;# 
  2891   003F4E                     CWG2CON1        equ	16206	;# 
  2892   003F4F                     CWG2AS0         equ	16207	;# 
  2893   003F50                     CWG2AS1         equ	16208	;# 
  2894   003F51                     CWG2STR         equ	16209	;# 
  2895   003F52                     CWG1CLK         equ	16210	;# 
  2896   003F52                     CWG1CLKCON      equ	16210	;# 
  2897   003F53                     CWG1ISM         equ	16211	;# 
  2898   003F53                     CWG1DAT         equ	16211	;# 
  2899   003F54                     CWG1DBR         equ	16212	;# 
  2900   003F55                     CWG1DBF         equ	16213	;# 
  2901   003F56                     CWG1CON0        equ	16214	;# 
  2902   003F57                     CWG1CON1        equ	16215	;# 
  2903   003F58                     CWG1AS0         equ	16216	;# 
  2904   003F59                     CWG1AS1         equ	16217	;# 
  2905   003F5A                     CWG1STR         equ	16218	;# 
  2906   003F5E                     CCPTMRS0        equ	16222	;# 
  2907   003F5F                     CCPTMRS1        equ	16223	;# 
  2908   003F60                     PWM8DC          equ	16224	;# 
  2909   003F60                     PWM8DCL         equ	16224	;# 
  2910   003F61                     PWM8DCH         equ	16225	;# 
  2911   003F62                     PWM8CON         equ	16226	;# 
  2912   003F64                     PWM7DC          equ	16228	;# 
  2913   003F64                     PWM7DCL         equ	16228	;# 
  2914   003F65                     PWM7DCH         equ	16229	;# 
  2915   003F66                     PWM7CON         equ	16230	;# 
  2916   003F68                     PWM6DC          equ	16232	;# 
  2917   003F68                     PWM6DCL         equ	16232	;# 
  2918   003F69                     PWM6DCH         equ	16233	;# 
  2919   003F6A                     PWM6CON         equ	16234	;# 
  2920   003F6C                     PWM5DC          equ	16236	;# 
  2921   003F6C                     PWM5DCL         equ	16236	;# 
  2922   003F6D                     PWM5DCH         equ	16237	;# 
  2923   003F6E                     PWM5CON         equ	16238	;# 
  2924   003F70                     CCPR4           equ	16240	;# 
  2925   003F70                     CCPR4L          equ	16240	;# 
  2926   003F71                     CCPR4H          equ	16241	;# 
  2927   003F72                     CCP4CON         equ	16242	;# 
  2928   003F73                     CCP4CAP         equ	16243	;# 
  2929   003F74                     CCPR3           equ	16244	;# 
  2930   003F74                     CCPR3L          equ	16244	;# 
  2931   003F75                     CCPR3H          equ	16245	;# 
  2932   003F76                     CCP3CON         equ	16246	;# 
  2933   003F77                     CCP3CAP         equ	16247	;# 
  2934   003F78                     CCPR2           equ	16248	;# 
  2935   003F78                     CCPR2L          equ	16248	;# 
  2936   003F79                     CCPR2H          equ	16249	;# 
  2937   003F7A                     CCP2CON         equ	16250	;# 
  2938   003F7B                     CCP2CAP         equ	16251	;# 
  2939   003F7C                     CCPR1           equ	16252	;# 
  2940   003F7C                     CCPR1L          equ	16252	;# 
  2941   003F7D                     CCPR1H          equ	16253	;# 
  2942   003F7E                     CCP1CON         equ	16254	;# 
  2943   003F7F                     CCP1CAP         equ	16255	;# 
  2944   003F92                     T6TMR           equ	16274	;# 
  2945   003F92                     TMR6            equ	16274	;# 
  2946   003F93                     T6PR            equ	16275	;# 
  2947   003F93                     PR6             equ	16275	;# 
  2948   003F94                     T6CON           equ	16276	;# 
  2949   003F95                     T6HLT           equ	16277	;# 
  2950   003F96                     T6CLKCON        equ	16278	;# 
  2951   003F96                     T6CLK           equ	16278	;# 
  2952   003F97                     T6RST           equ	16279	;# 
  2953   003F98                     TMR5            equ	16280	;# 
  2954   003F98                     TMR5L           equ	16280	;# 
  2955   003F99                     TMR5H           equ	16281	;# 
  2956   003F9A                     T5CON           equ	16282	;# 
  2957   003F9A                     TMR5CON         equ	16282	;# 
  2958   003F9B                     T5GCON          equ	16283	;# 
  2959   003F9B                     TMR5GCON        equ	16283	;# 
  2960   003F9C                     T5GATE          equ	16284	;# 
  2961   003F9C                     TMR5GATE        equ	16284	;# 
  2962   003F9D                     T5CLK           equ	16285	;# 
  2963   003F9D                     TMR5CLK         equ	16285	;# 
  2964   003F9D                     PR5             equ	16285	;# 
  2965   003F9E                     T4TMR           equ	16286	;# 
  2966   003F9E                     TMR4            equ	16286	;# 
  2967   003F9F                     T4PR            equ	16287	;# 
  2968   003F9F                     PR4             equ	16287	;# 
  2969   003FA0                     T4CON           equ	16288	;# 
  2970   003FA1                     T4HLT           equ	16289	;# 
  2971   003FA2                     T4CLKCON        equ	16290	;# 
  2972   003FA2                     T4CLK           equ	16290	;# 
  2973   003FA3                     T4RST           equ	16291	;# 
  2974   003FA4                     TMR3            equ	16292	;# 
  2975   003FA4                     TMR3L           equ	16292	;# 
  2976   003FA5                     TMR3H           equ	16293	;# 
  2977   003FA6                     T3CON           equ	16294	;# 
  2978   003FA6                     TMR3CON         equ	16294	;# 
  2979   003FA7                     T3GCON          equ	16295	;# 
  2980   003FA7                     TMR3GCON        equ	16295	;# 
  2981   003FA8                     T3GATE          equ	16296	;# 
  2982   003FA8                     TMR3GATE        equ	16296	;# 
  2983   003FA9                     T3CLK           equ	16297	;# 
  2984   003FA9                     TMR3CLK         equ	16297	;# 
  2985   003FA9                     PR3             equ	16297	;# 
  2986   003FAA                     T2TMR           equ	16298	;# 
  2987   003FAA                     TMR2            equ	16298	;# 
  2988   003FAB                     T2PR            equ	16299	;# 
  2989   003FAB                     PR2             equ	16299	;# 
  2990   003FAC                     T2CON           equ	16300	;# 
  2991   003FAD                     T2HLT           equ	16301	;# 
  2992   003FAE                     T2CLKCON        equ	16302	;# 
  2993   003FAE                     T2CLK           equ	16302	;# 
  2994   003FAF                     T2RST           equ	16303	;# 
  2995   003FB0                     TMR1            equ	16304	;# 
  2996   003FB0                     TMR1L           equ	16304	;# 
  2997   003FB1                     TMR1H           equ	16305	;# 
  2998   003FB2                     T1CON           equ	16306	;# 
  2999   003FB2                     TMR1CON         equ	16306	;# 
  3000   003FB3                     T1GCON          equ	16307	;# 
  3001   003FB3                     TMR1GCON        equ	16307	;# 
  3002   003FB4                     T1GATE          equ	16308	;# 
  3003   003FB4                     TMR1GATE        equ	16308	;# 
  3004   003FB5                     T1CLK           equ	16309	;# 
  3005   003FB5                     TMR1CLK         equ	16309	;# 
  3006   003FB5                     PR1             equ	16309	;# 
  3007   003FB6                     TMR0L           equ	16310	;# 
  3008   003FB6                     TMR0            equ	16310	;# 
  3009   003FB7                     TMR0H           equ	16311	;# 
  3010   003FB7                     PR0             equ	16311	;# 
  3011   003FB8                     T0CON0          equ	16312	;# 
  3012   003FB9                     T0CON1          equ	16313	;# 
  3013   003FBA                     LATA            equ	16314	;# 
  3014   003FBB                     LATB            equ	16315	;# 
  3015   003FBC                     LATC            equ	16316	;# 
  3016   003FBD                     LATD            equ	16317	;# 
  3017   003FBE                     LATE            equ	16318	;# 
  3018   003FC2                     TRISA           equ	16322	;# 
  3019   003FC3                     TRISB           equ	16323	;# 
  3020   003FC4                     TRISC           equ	16324	;# 
  3021   003FC5                     TRISD           equ	16325	;# 
  3022   003FC6                     TRISE           equ	16326	;# 
  3023   003FCA                     PORTA           equ	16330	;# 
  3024   003FCB                     PORTB           equ	16331	;# 
  3025   003FCC                     PORTC           equ	16332	;# 
  3026   003FCD                     PORTD           equ	16333	;# 
  3027   003FCE                     PORTE           equ	16334	;# 
  3028   003FD2                     INTCON0         equ	16338	;# 
  3029   003FD3                     INTCON1         equ	16339	;# 
  3030   003FD4                     IVTLOCK         equ	16340	;# 
  3031   003FD5                     IVTBASE         equ	16341	;# 
  3032   003FD5                     IVTBASEL        equ	16341	;# 
  3033   003FD6                     IVTBASEH        equ	16342	;# 
  3034   003FD7                     IVTBASEU        equ	16343	;# 
  3035   003FD8                     STATUS          equ	16344	;# 
  3036   003FD9                     FSR2            equ	16345	;# 
  3037   003FD9                     FSR2L           equ	16345	;# 
  3038   003FDA                     FSR2H           equ	16346	;# 
  3039   003FDB                     PLUSW2          equ	16347	;# 
  3040   003FDC                     PREINC2         equ	16348	;# 
  3041   003FDD                     POSTDEC2        equ	16349	;# 
  3042   003FDE                     POSTINC2        equ	16350	;# 
  3043   003FDF                     INDF2           equ	16351	;# 
  3044   003FE0                     BSR             equ	16352	;# 
  3045   003FE1                     FSR1            equ	16353	;# 
  3046   003FE1                     FSR1L           equ	16353	;# 
  3047   003FE2                     FSR1H           equ	16354	;# 
  3048   003FE3                     PLUSW1          equ	16355	;# 
  3049   003FE4                     PREINC1         equ	16356	;# 
  3050   003FE5                     POSTDEC1        equ	16357	;# 
  3051   003FE6                     POSTINC1        equ	16358	;# 
  3052   003FE7                     INDF1           equ	16359	;# 
  3053   003FE8                     WREG            equ	16360	;# 
  3054   003FE9                     FSR0            equ	16361	;# 
  3055   003FE9                     FSR0L           equ	16361	;# 
  3056   003FEA                     FSR0H           equ	16362	;# 
  3057   003FEB                     PLUSW0          equ	16363	;# 
  3058   003FEC                     PREINC0         equ	16364	;# 
  3059   003FED                     POSTDEC0        equ	16365	;# 
  3060   003FEE                     POSTINC0        equ	16366	;# 
  3061   003FEF                     INDF0           equ	16367	;# 
  3062   003FF0                     PCON0           equ	16368	;# 
  3063   003FF1                     PCON1           equ	16369	;# 
  3064   003FF3                     PROD            equ	16371	;# 
  3065   003FF3                     PRODL           equ	16371	;# 
  3066   003FF4                     PRODH           equ	16372	;# 
  3067   003FF5                     TABLAT          equ	16373	;# 
  3068   003FF6                     TBLPTR          equ	16374	;# 
  3069   003FF6                     TBLPTRL         equ	16374	;# 
  3070   003FF7                     TBLPTRH         equ	16375	;# 
  3071   003FF8                     TBLPTRU         equ	16376	;# 
  3072   003FF9                     PCLAT           equ	16377	;# 
  3073   003FF9                     PCL             equ	16377	;# 
  3074   003FFA                     PCLATH          equ	16378	;# 
  3075   003FFB                     PCLATU          equ	16379	;# 
  3076   003FFC                     STKPTR          equ	16380	;# 
  3077   003FFD                     TOS             equ	16381	;# 
  3078   003FFD                     TOSL            equ	16381	;# 
  3079   003FFE                     TOSH            equ	16382	;# 
  3080   003FFF                     TOSU            equ	16383	;# 
  3081   003880                     STATUS_CSHAD    equ	14464	;# 
  3082   003881                     WREG_CSHAD      equ	14465	;# 
  3083   003882                     BSR_CSHAD       equ	14466	;# 
  3084   003883                     SHADCON         equ	14467	;# 
  3085   003884                     STATUS_SHAD     equ	14468	;# 
  3086   003885                     WREG_SHAD       equ	14469	;# 
  3087   003886                     BSR_SHAD        equ	14470	;# 
  3088   003887                     PCLATH_SHAD     equ	14471	;# 
  3089   003888                     PCLATU_SHAD     equ	14472	;# 
  3090   003889                     FSR0SH          equ	14473	;# 
  3091   003889                     FSR0L_SHAD      equ	14473	;# 
  3092   00388A                     FSR0H_SHAD      equ	14474	;# 
  3093   00388B                     FSR1SH          equ	14475	;# 
  3094   00388B                     FSR1L_SHAD      equ	14475	;# 
  3095   00388C                     FSR1H_SHAD      equ	14476	;# 
  3096   00388D                     FSR2SH          equ	14477	;# 
  3097   00388D                     FSR2L_SHAD      equ	14477	;# 
  3098   00388E                     FSR2H_SHAD      equ	14478	;# 
  3099   00388F                     PRODSH          equ	14479	;# 
  3100   00388F                     PRODL_SHAD      equ	14479	;# 
  3101   003890                     PRODH_SHAD      equ	14480	;# 
  3102   00389D                     IVTADL          equ	14493	;# 
  3103   00389E                     IVTADH          equ	14494	;# 
  3104   00389F                     IVTADU          equ	14495	;# 
  3105   00395B                     WDTCON0         equ	14683	;# 
  3106   00395C                     WDTCON1         equ	14684	;# 
  3107   00395D                     WDTPSL          equ	14685	;# 
  3108   00395E                     WDTPSH          equ	14686	;# 
  3109   00395F                     WDTTMR          equ	14687	;# 
  3110   003960                     CRCDATA         equ	14688	;# 
  3111   003960                     CRCDATL         equ	14688	;# 
  3112   003961                     CRCDATH         equ	14689	;# 
  3113   003962                     CRCACC          equ	14690	;# 
  3114   003962                     CRCACCL         equ	14690	;# 
  3115   003963                     CRCACCH         equ	14691	;# 
  3116   003964                     CRCSHFT         equ	14692	;# 
  3117   003964                     CRCSHIFTL       equ	14692	;# 
  3118   003965                     CRCSHIFTH       equ	14693	;# 
  3119   003966                     CRCXOR          equ	14694	;# 
  3120   003966                     CRCXORL         equ	14694	;# 
  3121   003967                     CRCXORH         equ	14695	;# 
  3122   003968                     CRCCON0         equ	14696	;# 
  3123   003969                     CRCCON1         equ	14697	;# 
  3124   003976                     SCANLADR        equ	14710	;# 
  3125   003976                     SCANLADRL       equ	14710	;# 
  3126   003977                     SCANLADRH       equ	14711	;# 
  3127   003978                     SCANLADRU       equ	14712	;# 
  3128   003979                     SCANHADR        equ	14713	;# 
  3129   003979                     SCANHADRL       equ	14713	;# 
  3130   00397A                     SCANHADRH       equ	14714	;# 
  3131   00397B                     SCANHADRU       equ	14715	;# 
  3132   00397C                     SCANCON0        equ	14716	;# 
  3133   00397D                     SCANTRIG        equ	14717	;# 
  3134   003980                     IPR0            equ	14720	;# 
  3135   003981                     IPR1            equ	14721	;# 
  3136   003982                     IPR2            equ	14722	;# 
  3137   003983                     IPR3            equ	14723	;# 
  3138   003984                     IPR4            equ	14724	;# 
  3139   003985                     IPR5            equ	14725	;# 
  3140   003986                     IPR6            equ	14726	;# 
  3141   003987                     IPR7            equ	14727	;# 
  3142   003988                     IPR8            equ	14728	;# 
  3143   003989                     IPR9            equ	14729	;# 
  3144   00398A                     IPR10           equ	14730	;# 
  3145   003990                     PIE0            equ	14736	;# 
  3146   003991                     PIE1            equ	14737	;# 
  3147   003992                     PIE2            equ	14738	;# 
  3148   003993                     PIE3            equ	14739	;# 
  3149   003994                     PIE4            equ	14740	;# 
  3150   003995                     PIE5            equ	14741	;# 
  3151   003996                     PIE6            equ	14742	;# 
  3152   003997                     PIE7            equ	14743	;# 
  3153   003998                     PIE8            equ	14744	;# 
  3154   003999                     PIE9            equ	14745	;# 
  3155   00399A                     PIE10           equ	14746	;# 
  3156   0039A0                     PIR0            equ	14752	;# 
  3157   0039A1                     PIR1            equ	14753	;# 
  3158   0039A2                     PIR2            equ	14754	;# 
  3159   0039A3                     PIR3            equ	14755	;# 
  3160   0039A4                     PIR4            equ	14756	;# 
  3161   0039A5                     PIR5            equ	14757	;# 
  3162   0039A6                     PIR6            equ	14758	;# 
  3163   0039A7                     PIR7            equ	14759	;# 
  3164   0039A8                     PIR8            equ	14760	;# 
  3165   0039A9                     PIR9            equ	14761	;# 
  3166   0039AA                     PIR10           equ	14762	;# 
  3167   0039C0                     PMD0            equ	14784	;# 
  3168   0039C1                     PMD1            equ	14785	;# 
  3169   0039C2                     PMD2            equ	14786	;# 
  3170   0039C3                     PMD3            equ	14787	;# 
  3171   0039C4                     PMD4            equ	14788	;# 
  3172   0039C5                     PMD5            equ	14789	;# 
  3173   0039C6                     PMD6            equ	14790	;# 
  3174   0039C7                     PMD7            equ	14791	;# 
  3175   0039D0                     BORCON          equ	14800	;# 
  3176   0039D1                     VREGCON         equ	14801	;# 
  3177   0039D8                     CPUDOZE         equ	14808	;# 
  3178   0039D9                     OSCCON1         equ	14809	;# 
  3179   0039DA                     OSCCON2         equ	14810	;# 
  3180   0039DB                     OSCCON3         equ	14811	;# 
  3181   0039DC                     OSCSTAT         equ	14812	;# 
  3182   0039DC                     OSCSTAT1        equ	14812	;# 
  3183   0039DD                     OSCEN           equ	14813	;# 
  3184   0039DE                     OSCTUNE         equ	14814	;# 
  3185   0039DF                     OSCFRQ          equ	14815	;# 
  3186   0039E0                     NVMADRL         equ	14816	;# 
  3187   0039E1                     NVMADRH         equ	14817	;# 
  3188   0039E3                     NVMDAT          equ	14819	;# 
  3189   0039E5                     NVMCON1         equ	14821	;# 
  3190   0039E6                     NVMCON2         equ	14822	;# 
  3191   0039EF                     PRLOCK          equ	14831	;# 
  3192   0039F1                     ISRPR           equ	14833	;# 
  3193   0039F2                     MAINPR          equ	14834	;# 
  3194   0039F3                     DMA1PR          equ	14835	;# 
  3195   0039F4                     DMA2PR          equ	14836	;# 
  3196   0039F7                     SCANPR          equ	14839	;# 
  3197   003A00                     RA0PPS          equ	14848	;# 
  3198   003A01                     RA1PPS          equ	14849	;# 
  3199   003A02                     RA2PPS          equ	14850	;# 
  3200   003A03                     RA3PPS          equ	14851	;# 
  3201   003A04                     RA4PPS          equ	14852	;# 
  3202   003A05                     RA5PPS          equ	14853	;# 
  3203   003A06                     RA6PPS          equ	14854	;# 
  3204   003A07                     RA7PPS          equ	14855	;# 
  3205   003A08                     RB0PPS          equ	14856	;# 
  3206   003A09                     RB1PPS          equ	14857	;# 
  3207   003A0A                     RB2PPS          equ	14858	;# 
  3208   003A0B                     RB3PPS          equ	14859	;# 
  3209   003A0C                     RB4PPS          equ	14860	;# 
  3210   003A0D                     RB5PPS          equ	14861	;# 
  3211   003A0E                     RB6PPS          equ	14862	;# 
  3212   003A0F                     RB7PPS          equ	14863	;# 
  3213   003A10                     RC0PPS          equ	14864	;# 
  3214   003A11                     RC1PPS          equ	14865	;# 
  3215   003A12                     RC2PPS          equ	14866	;# 
  3216   003A13                     RC3PPS          equ	14867	;# 
  3217   003A14                     RC4PPS          equ	14868	;# 
  3218   003A15                     RC5PPS          equ	14869	;# 
  3219   003A16                     RC6PPS          equ	14870	;# 
  3220   003A17                     RC7PPS          equ	14871	;# 
  3221   003A18                     RD0PPS          equ	14872	;# 
  3222   003A19                     RD1PPS          equ	14873	;# 
  3223   003A1A                     RD2PPS          equ	14874	;# 
  3224   003A1B                     RD3PPS          equ	14875	;# 
  3225   003A1C                     RD4PPS          equ	14876	;# 
  3226   003A1D                     RD5PPS          equ	14877	;# 
  3227   003A1E                     RD6PPS          equ	14878	;# 
  3228   003A1F                     RD7PPS          equ	14879	;# 
  3229   003A20                     RE0PPS          equ	14880	;# 
  3230   003A21                     RE1PPS          equ	14881	;# 
  3231   003A22                     RE2PPS          equ	14882	;# 
  3232   003A40                     ANSELA          equ	14912	;# 
  3233   003A41                     WPUA            equ	14913	;# 
  3234   003A42                     ODCONA          equ	14914	;# 
  3235   003A43                     SLRCONA         equ	14915	;# 
  3236   003A44                     INLVLA          equ	14916	;# 
  3237   003A45                     IOCAP           equ	14917	;# 
  3238   003A46                     IOCAN           equ	14918	;# 
  3239   003A47                     IOCAF           equ	14919	;# 
  3240   003A50                     ANSELB          equ	14928	;# 
  3241   003A51                     WPUB            equ	14929	;# 
  3242   003A52                     ODCONB          equ	14930	;# 
  3243   003A53                     SLRCONB         equ	14931	;# 
  3244   003A54                     INLVLB          equ	14932	;# 
  3245   003A55                     IOCBP           equ	14933	;# 
  3246   003A56                     IOCBN           equ	14934	;# 
  3247   003A57                     IOCBF           equ	14935	;# 
  3248   003A5A                     RB1I2C          equ	14938	;# 
  3249   003A5B                     RB2I2C          equ	14939	;# 
  3250   003A60                     ANSELC          equ	14944	;# 
  3251   003A61                     WPUC            equ	14945	;# 
  3252   003A62                     ODCONC          equ	14946	;# 
  3253   003A63                     SLRCONC         equ	14947	;# 
  3254   003A64                     INLVLC          equ	14948	;# 
  3255   003A65                     IOCCP           equ	14949	;# 
  3256   003A66                     IOCCN           equ	14950	;# 
  3257   003A67                     IOCCF           equ	14951	;# 
  3258   003A6A                     RC3I2C          equ	14954	;# 
  3259   003A6B                     RC4I2C          equ	14955	;# 
  3260   003A70                     ANSELD          equ	14960	;# 
  3261   003A71                     WPUD            equ	14961	;# 
  3262   003A72                     ODCOND          equ	14962	;# 
  3263   003A73                     SLRCOND         equ	14963	;# 
  3264   003A74                     INLVLD          equ	14964	;# 
  3265   003A7A                     RD0I2C          equ	14970	;# 
  3266   003A7B                     RD1I2C          equ	14971	;# 
  3267   003A80                     ANSELE          equ	14976	;# 
  3268   003A81                     WPUE            equ	14977	;# 
  3269   003A82                     ODCONE          equ	14978	;# 
  3270   003A83                     SLRCONE         equ	14979	;# 
  3271   003A84                     INLVLE          equ	14980	;# 
  3272   003A85                     IOCEP           equ	14981	;# 
  3273   003A86                     IOCEN           equ	14982	;# 
  3274   003A87                     IOCEF           equ	14983	;# 
  3275   003ABF                     PPSLOCK         equ	15039	;# 
  3276   003AC0                     INT0PPS         equ	15040	;# 
  3277   003AC1                     INT1PPS         equ	15041	;# 
  3278   003AC2                     INT2PPS         equ	15042	;# 
  3279   003AC3                     T0CKIPPS        equ	15043	;# 
  3280   003AC4                     T1CKIPPS        equ	15044	;# 
  3281   003AC5                     T1GPPS          equ	15045	;# 
  3282   003AC6                     T3CKIPPS        equ	15046	;# 
  3283   003AC7                     T3GPPS          equ	15047	;# 
  3284   003AC8                     T5CKIPPS        equ	15048	;# 
  3285   003AC9                     T5GPPS          equ	15049	;# 
  3286   003ACA                     T2INPPS         equ	15050	;# 
  3287   003ACB                     T4INPPS         equ	15051	;# 
  3288   003ACC                     T6INPPS         equ	15052	;# 
  3289   003ACD                     CCP1PPS         equ	15053	;# 
  3290   003ACE                     CCP2PPS         equ	15054	;# 
  3291   003ACF                     CCP3PPS         equ	15055	;# 
  3292   003AD0                     CCP4PPS         equ	15056	;# 
  3293   003AD1                     SMT1WINPPS      equ	15057	;# 
  3294   003AD2                     SMT1SIGPPS      equ	15058	;# 
  3295   003AD3                     CWG1INPPS       equ	15059	;# 
  3296   003AD4                     CWG2INPPS       equ	15060	;# 
  3297   003AD5                     CWG3INPPS       equ	15061	;# 
  3298   003AD6                     MD1CARLPPS      equ	15062	;# 
  3299   003AD7                     MD1CARHPPS      equ	15063	;# 
  3300   003AD8                     MD1SRCPPS       equ	15064	;# 
  3301   003AD9                     CLCIN0PPS       equ	15065	;# 
  3302   003ADA                     CLCIN1PPS       equ	15066	;# 
  3303   003ADB                     CLCIN2PPS       equ	15067	;# 
  3304   003ADC                     CLCIN3PPS       equ	15068	;# 
  3305   003ADD                     ADACTPPS        equ	15069	;# 
  3306   003ADE                     SPI1SCKPPS      equ	15070	;# 
  3307   003ADF                     SPI1SDIPPS      equ	15071	;# 
  3308   003AE0                     SPI1SSPPS       equ	15072	;# 
  3309   003AE1                     I2C1SCLPPS      equ	15073	;# 
  3310   003AE2                     I2C1SDAPPS      equ	15074	;# 
  3311   003AE3                     I2C2SCLPPS      equ	15075	;# 
  3312   003AE4                     I2C2SDAPPS      equ	15076	;# 
  3313   003AE5                     U1RXPPS         equ	15077	;# 
  3314   003AE6                     U1CTSPPS        equ	15078	;# 
  3315   003AE8                     U2RXPPS         equ	15080	;# 
  3316   003AE9                     U2CTSPPS        equ	15081	;# 
  3317   003BC9                     DMA2BUF         equ	15305	;# 
  3318   003BCA                     DMA2DCNT        equ	15306	;# 
  3319   003BCA                     DMA2DCNTL       equ	15306	;# 
  3320   003BCB                     DMA2DCNTH       equ	15307	;# 
  3321   003BCC                     DMA2DPTR        equ	15308	;# 
  3322   003BCC                     DMA2DPTRL       equ	15308	;# 
  3323   003BCD                     DMA2DPTRH       equ	15309	;# 
  3324   003BCE                     DMA2DSZ         equ	15310	;# 
  3325   003BCE                     DMA2DSZL        equ	15310	;# 
  3326   003BCF                     DMA2DSZH        equ	15311	;# 
  3327   003BD0                     DMA2DSA         equ	15312	;# 
  3328   003BD0                     DMA2DSAL        equ	15312	;# 
  3329   003BD1                     DMA2DSAH        equ	15313	;# 
  3330   003BD2                     DMA2SCNT        equ	15314	;# 
  3331   003BD2                     DMA2SCNTL       equ	15314	;# 
  3332   003BD3                     DMA2SCNTH       equ	15315	;# 
  3333   003BD4                     DMA2SPTR        equ	15316	;# 
  3334   003BD4                     DMA2SPTRL       equ	15316	;# 
  3335   003BD5                     DMA2SPTRH       equ	15317	;# 
  3336   003BD6                     DMA2SPTRU       equ	15318	;# 
  3337   003BD7                     DMA2SSZ         equ	15319	;# 
  3338   003BD7                     DMA2SSZL        equ	15319	;# 
  3339   003BD8                     DMA2SSZH        equ	15320	;# 
  3340   003BD9                     DMA2SSA         equ	15321	;# 
  3341   003BD9                     DMA2SSAL        equ	15321	;# 
  3342   003BDA                     DMA2SSAH        equ	15322	;# 
  3343   003BDB                     DMA2SSAU        equ	15323	;# 
  3344   003BDC                     DMA2CON0        equ	15324	;# 
  3345   003BDD                     DMA2CON1        equ	15325	;# 
  3346   003BDE                     DMA2AIRQ        equ	15326	;# 
  3347   003BDF                     DMA2SIRQ        equ	15327	;# 
  3348   003BE9                     DMA1BUF         equ	15337	;# 
  3349   003BEA                     DMA1DCNT        equ	15338	;# 
  3350   003BEA                     DMA1DCNTL       equ	15338	;# 
  3351   003BEB                     DMA1DCNTH       equ	15339	;# 
  3352   003BEC                     DMA1DPTR        equ	15340	;# 
  3353   003BEC                     DMA1DPTRL       equ	15340	;# 
  3354   003BED                     DMA1DPTRH       equ	15341	;# 
  3355   003BEE                     DMA1DSZ         equ	15342	;# 
  3356   003BEE                     DMA1DSZL        equ	15342	;# 
  3357   003BEF                     DMA1DSZH        equ	15343	;# 
  3358   003BF0                     DMA1DSA         equ	15344	;# 
  3359   003BF0                     DMA1DSAL        equ	15344	;# 
  3360   003BF1                     DMA1DSAH        equ	15345	;# 
  3361   003BF2                     DMA1SCNT        equ	15346	;# 
  3362   003BF2                     DMA1SCNTL       equ	15346	;# 
  3363   003BF3                     DMA1SCNTH       equ	15347	;# 
  3364   003BF4                     DMA1SPTR        equ	15348	;# 
  3365   003BF4                     DMA1SPTRL       equ	15348	;# 
  3366   003BF5                     DMA1SPTRH       equ	15349	;# 
  3367   003BF6                     DMA1SPTRU       equ	15350	;# 
  3368   003BF7                     DMA1SSZ         equ	15351	;# 
  3369   003BF7                     DMA1SSZL        equ	15351	;# 
  3370   003BF8                     DMA1SSZH        equ	15352	;# 
  3371   003BF9                     DMA1SSA         equ	15353	;# 
  3372   003BF9                     DMA1SSAL        equ	15353	;# 
  3373   003BFA                     DMA1SSAH        equ	15354	;# 
  3374   003BFB                     DMA1SSAU        equ	15355	;# 
  3375   003BFC                     DMA1CON0        equ	15356	;# 
  3376   003BFD                     DMA1CON1        equ	15357	;# 
  3377   003BFE                     DMA1AIRQ        equ	15358	;# 
  3378   003BFF                     DMA1SIRQ        equ	15359	;# 
  3379   003C56                     CLC4CON         equ	15446	;# 
  3380   003C57                     CLC4POL         equ	15447	;# 
  3381   003C58                     CLC4SEL0        equ	15448	;# 
  3382   003C59                     CLC4SEL1        equ	15449	;# 
  3383   003C5A                     CLC4SEL2        equ	15450	;# 
  3384   003C5B                     CLC4SEL3        equ	15451	;# 
  3385   003C5C                     CLC4GLS0        equ	15452	;# 
  3386   003C5D                     CLC4GLS1        equ	15453	;# 
  3387   003C5E                     CLC4GLS2        equ	15454	;# 
  3388   003C5F                     CLC4GLS3        equ	15455	;# 
  3389   003C60                     CLC3CON         equ	15456	;# 
  3390   003C61                     CLC3POL         equ	15457	;# 
  3391   003C62                     CLC3SEL0        equ	15458	;# 
  3392   003C63                     CLC3SEL1        equ	15459	;# 
  3393   003C64                     CLC3SEL2        equ	15460	;# 
  3394   003C65                     CLC3SEL3        equ	15461	;# 
  3395   003C66                     CLC3GLS0        equ	15462	;# 
  3396   003C67                     CLC3GLS1        equ	15463	;# 
  3397   003C68                     CLC3GLS2        equ	15464	;# 
  3398   003C69                     CLC3GLS3        equ	15465	;# 
  3399   003C6A                     CLC2CON         equ	15466	;# 
  3400   003C6B                     CLC2POL         equ	15467	;# 
  3401   003C6C                     CLC2SEL0        equ	15468	;# 
  3402   003C6D                     CLC2SEL1        equ	15469	;# 
  3403   003C6E                     CLC2SEL2        equ	15470	;# 
  3404   003C6F                     CLC2SEL3        equ	15471	;# 
  3405   003C70                     CLC2GLS0        equ	15472	;# 
  3406   003C71                     CLC2GLS1        equ	15473	;# 
  3407   003C72                     CLC2GLS2        equ	15474	;# 
  3408   003C73                     CLC2GLS3        equ	15475	;# 
  3409   003C74                     CLC1CON         equ	15476	;# 
  3410   003C75                     CLC1POL         equ	15477	;# 
  3411   003C76                     CLC1SEL0        equ	15478	;# 
  3412   003C77                     CLC1SEL1        equ	15479	;# 
  3413   003C78                     CLC1SEL2        equ	15480	;# 
  3414   003C79                     CLC1SEL3        equ	15481	;# 
  3415   003C7A                     CLC1GLS0        equ	15482	;# 
  3416   003C7B                     CLC1GLS1        equ	15483	;# 
  3417   003C7C                     CLC1GLS2        equ	15484	;# 
  3418   003C7D                     CLC1GLS3        equ	15485	;# 
  3419   003C7E                     CLCDATA0        equ	15486	;# 
  3420   003CE5                     CLKRCON         equ	15589	;# 
  3421   003CE6                     CLKRCLK         equ	15590	;# 
  3422   003CFA                     MD1CON0         equ	15610	;# 
  3423   003CFB                     MD1CON1         equ	15611	;# 
  3424   003CFC                     MD1SRC          equ	15612	;# 
  3425   003CFD                     MD1CARL         equ	15613	;# 
  3426   003CFE                     MD1CARH         equ	15614	;# 
  3427   003D10                     SPI1RXB         equ	15632	;# 
  3428   003D11                     SPI1TXB         equ	15633	;# 
  3429   003D12                     SPI1TCNT        equ	15634	;# 
  3430   003D12                     SPI1TCNTL       equ	15634	;# 
  3431   003D13                     SPI1TCNTH       equ	15635	;# 
  3432   003D14                     SPI1CON0        equ	15636	;# 
  3433   003D15                     SPI1CON1        equ	15637	;# 
  3434   003D16                     SPI1CON2        equ	15638	;# 
  3435   003D17                     SPI1STATUS      equ	15639	;# 
  3436   003D18                     SPI1TWIDTH      equ	15640	;# 
  3437   003D19                     SPI1BAUD        equ	15641	;# 
  3438   003D1A                     SPI1INTF        equ	15642	;# 
  3439   003D1B                     SPI1INTE        equ	15643	;# 
  3440   003D1C                     SPI1CLK         equ	15644	;# 
  3441   003D54                     I2C2RXB         equ	15700	;# 
  3442   003D55                     I2C2TXB         equ	15701	;# 
  3443   003D56                     I2C2CNT         equ	15702	;# 
  3444   003D57                     I2C2ADB0        equ	15703	;# 
  3445   003D58                     I2C2ADB1        equ	15704	;# 
  3446   003D59                     I2C2ADR0        equ	15705	;# 
  3447   003D5A                     I2C2ADR1        equ	15706	;# 
  3448   003D5B                     I2C2ADR2        equ	15707	;# 
  3449   003D5C                     I2C2ADR3        equ	15708	;# 
  3450   003D5D                     I2C2CON0        equ	15709	;# 
  3451   003D5E                     I2C2CON1        equ	15710	;# 
  3452   003D5F                     I2C2CON2        equ	15711	;# 
  3453   003D60                     I2C2ERR         equ	15712	;# 
  3454   003D61                     I2C2STAT0       equ	15713	;# 
  3455   003D62                     I2C2STAT1       equ	15714	;# 
  3456   003D63                     I2C2PIR         equ	15715	;# 
  3457   003D64                     I2C2PIE         equ	15716	;# 
  3458   003D65                     I2C2CLK         equ	15717	;# 
  3459   003D66                     I2C2BTO         equ	15718	;# 
  3460   003D6A                     I2C1RXB         equ	15722	;# 
  3461   003D6B                     I2C1TXB         equ	15723	;# 
  3462   003D6C                     I2C1CNT         equ	15724	;# 
  3463   003D6D                     I2C1ADB0        equ	15725	;# 
  3464   003D6E                     I2C1ADB1        equ	15726	;# 
  3465   003D6F                     I2C1ADR0        equ	15727	;# 
  3466   003D70                     I2C1ADR1        equ	15728	;# 
  3467   003D71                     I2C1ADR2        equ	15729	;# 
  3468   003D72                     I2C1ADR3        equ	15730	;# 
  3469   003D73                     I2C1CON0        equ	15731	;# 
  3470   003D74                     I2C1CON1        equ	15732	;# 
  3471   003D75                     I2C1CON2        equ	15733	;# 
  3472   003D76                     I2C1ERR         equ	15734	;# 
  3473   003D77                     I2C1STAT0       equ	15735	;# 
  3474   003D78                     I2C1STAT1       equ	15736	;# 
  3475   003D79                     I2C1PIR         equ	15737	;# 
  3476   003D7A                     I2C1PIE         equ	15738	;# 
  3477   003D7B                     I2C1CLK         equ	15739	;# 
  3478   003D7C                     I2C1BTO         equ	15740	;# 
  3479   003DD0                     U2RXB           equ	15824	;# 
  3480   003DD0                     U2RXBL          equ	15824	;# 
  3481   003DD2                     U2TXB           equ	15826	;# 
  3482   003DD2                     U2TXBL          equ	15826	;# 
  3483   003DD4                     U2P1            equ	15828	;# 
  3484   003DD4                     U2P1L           equ	15828	;# 
  3485   003DD6                     U2P2            equ	15830	;# 
  3486   003DD6                     U2P2L           equ	15830	;# 
  3487   003DD8                     U2P3            equ	15832	;# 
  3488   003DD8                     U2P3L           equ	15832	;# 
  3489   003DDA                     U2CON0          equ	15834	;# 
  3490   003DDB                     U2CON1          equ	15835	;# 
  3491   003DDC                     U2CON2          equ	15836	;# 
  3492   003DDD                     U2BRG           equ	15837	;# 
  3493   003DDD                     U2BRGL          equ	15837	;# 
  3494   003DDE                     U2BRGH          equ	15838	;# 
  3495   003DDF                     U2FIFO          equ	15839	;# 
  3496   003DE0                     U2UIR           equ	15840	;# 
  3497   003DE1                     U2ERRIR         equ	15841	;# 
  3498   003DE2                     U2ERRIE         equ	15842	;# 
  3499   003DE8                     U1RXB           equ	15848	;# 
  3500   003DE8                     U1RXBL          equ	15848	;# 
  3501   003DE9                     U1RXCHK         equ	15849	;# 
  3502   003DEA                     U1TXB           equ	15850	;# 
  3503   003DEA                     U1TXBL          equ	15850	;# 
  3504   003DEB                     U1TXCHK         equ	15851	;# 
  3505   003DEC                     U1P1            equ	15852	;# 
  3506   003DEC                     U1P1L           equ	15852	;# 
  3507   003DED                     U1P1H           equ	15853	;# 
  3508   003DEE                     U1P2            equ	15854	;# 
  3509   003DEE                     U1P2L           equ	15854	;# 
  3510   003DEF                     U1P2H           equ	15855	;# 
  3511   003DF0                     U1P3            equ	15856	;# 
  3512   003DF0                     U1P3L           equ	15856	;# 
  3513   003DF1                     U1P3H           equ	15857	;# 
  3514   003DF2                     U1CON0          equ	15858	;# 
  3515   003DF3                     U1CON1          equ	15859	;# 
  3516   003DF4                     U1CON2          equ	15860	;# 
  3517   003DF5                     U1BRG           equ	15861	;# 
  3518   003DF5                     U1BRGL          equ	15861	;# 
  3519   003DF6                     U1BRGH          equ	15862	;# 
  3520   003DF7                     U1FIFO          equ	15863	;# 
  3521   003DF8                     U1UIR           equ	15864	;# 
  3522   003DF9                     U1ERRIR         equ	15865	;# 
  3523   003DFA                     U1ERRIE         equ	15866	;# 
  3524   003E9C                     DAC1CON1        equ	16028	;# 
  3525   003E9E                     DAC1CON0        equ	16030	;# 
  3526   003EB8                     CM2CON0         equ	16056	;# 
  3527   003EB9                     CM2CON1         equ	16057	;# 
  3528   003EBA                     CM2NCH          equ	16058	;# 
  3529   003EBB                     CM2PCH          equ	16059	;# 
  3530   003EBC                     CM1CON0         equ	16060	;# 
  3531   003EBD                     CM1CON1         equ	16061	;# 
  3532   003EBE                     CM1NCH          equ	16062	;# 
  3533   003EBF                     CM1PCH          equ	16063	;# 
  3534   003EC0                     CMOUT           equ	16064	;# 
  3535   003EC1                     FVRCON          equ	16065	;# 
  3536   003EC3                     ZCDCON          equ	16067	;# 
  3537   003EC9                     HLVDCON0        equ	16073	;# 
  3538   003ECA                     HLVDCON1        equ	16074	;# 
  3539   003ED7                     ADCP            equ	16087	;# 
  3540   003EDE                     ADLTH           equ	16094	;# 
  3541   003EDE                     ADLTHL          equ	16094	;# 
  3542   003EDF                     ADLTHH          equ	16095	;# 
  3543   003EE0                     ADUTH           equ	16096	;# 
  3544   003EE0                     ADUTHL          equ	16096	;# 
  3545   003EE1                     ADUTHH          equ	16097	;# 
  3546   003EE2                     ADERR           equ	16098	;# 
  3547   003EE2                     ADERRL          equ	16098	;# 
  3548   003EE3                     ADERRH          equ	16099	;# 
  3549   003EE4                     ADSTPT          equ	16100	;# 
  3550   003EE4                     ADSTPTL         equ	16100	;# 
  3551   003EE5                     ADSTPTH         equ	16101	;# 
  3552   003EE6                     ADFLTR          equ	16102	;# 
  3553   003EE6                     ADFLTRL         equ	16102	;# 
  3554   003EE7                     ADFLTRH         equ	16103	;# 
  3555   003EE8                     ADACC           equ	16104	;# 
  3556   003EE8                     ADACCL          equ	16104	;# 
  3557   003EE9                     ADACCH          equ	16105	;# 
  3558   003EEA                     ADACCU          equ	16106	;# 
  3559   003EEB                     ADCNT           equ	16107	;# 
  3560   003EEC                     ADRPT           equ	16108	;# 
  3561   003EED                     ADPREV          equ	16109	;# 
  3562   003EED                     ADPREVL         equ	16109	;# 
  3563   003EEE                     ADPREVH         equ	16110	;# 
  3564   003EEF                     ADRES           equ	16111	;# 
  3565   003EEF                     ADRESL          equ	16111	;# 
  3566   003EF0                     ADRESH          equ	16112	;# 
  3567   003EF1                     ADPCH           equ	16113	;# 
  3568   003EF3                     ADACQ           equ	16115	;# 
  3569   003EF3                     ADACQL          equ	16115	;# 
  3570   003EF4                     ADACQH          equ	16116	;# 
  3571   003EF5                     ADCAP           equ	16117	;# 
  3572   003EF6                     ADPRE           equ	16118	;# 
  3573   003EF6                     ADPREL          equ	16118	;# 
  3574   003EF7                     ADPREH          equ	16119	;# 
  3575   003EF8                     ADCON0          equ	16120	;# 
  3576   003EF9                     ADCON1          equ	16121	;# 
  3577   003EFA                     ADCON2          equ	16122	;# 
  3578   003EFB                     ADCON3          equ	16123	;# 
  3579   003EFC                     ADSTAT          equ	16124	;# 
  3580   003EFD                     ADREF           equ	16125	;# 
  3581   003EFE                     ADACT           equ	16126	;# 
  3582   003EFF                     ADCLK           equ	16127	;# 
  3583   003F12                     SMT1TMR         equ	16146	;# 
  3584   003F12                     SMT1TMRL        equ	16146	;# 
  3585   003F13                     SMT1TMRH        equ	16147	;# 
  3586   003F14                     SMT1TMRU        equ	16148	;# 
  3587   003F15                     SMT1CPR         equ	16149	;# 
  3588   003F15                     SMT1CPRL        equ	16149	;# 
  3589   003F16                     SMT1CPRH        equ	16150	;# 
  3590   003F17                     SMT1CPRU        equ	16151	;# 
  3591   003F18                     SMT1CPW         equ	16152	;# 
  3592   003F18                     SMT1CPWL        equ	16152	;# 
  3593   003F19                     SMT1CPWH        equ	16153	;# 
  3594   003F1A                     SMT1CPWU        equ	16154	;# 
  3595   003F1B                     SMT1PR          equ	16155	;# 
  3596   003F1B                     SMT1PRL         equ	16155	;# 
  3597   003F1C                     SMT1PRH         equ	16156	;# 
  3598   003F1D                     SMT1PRU         equ	16157	;# 
  3599   003F1E                     SMT1CON0        equ	16158	;# 
  3600   003F1F                     SMT1CON1        equ	16159	;# 
  3601   003F20                     SMT1STAT        equ	16160	;# 
  3602   003F21                     SMT1CLK         equ	16161	;# 
  3603   003F22                     SMT1SIG         equ	16162	;# 
  3604   003F23                     SMT1WIN         equ	16163	;# 
  3605   003F38                     NCO1ACC         equ	16184	;# 
  3606   003F38                     NCO1ACCL        equ	16184	;# 
  3607   003F39                     NCO1ACCH        equ	16185	;# 
  3608   003F3A                     NCO1ACCU        equ	16186	;# 
  3609   003F3B                     NCO1INC         equ	16187	;# 
  3610   003F3B                     NCO1INCL        equ	16187	;# 
  3611   003F3C                     NCO1INCH        equ	16188	;# 
  3612   003F3D                     NCO1INCU        equ	16189	;# 
  3613   003F3E                     NCO1CON         equ	16190	;# 
  3614   003F3F                     NCO1CLK         equ	16191	;# 
  3615   003F40                     CWG3CLK         equ	16192	;# 
  3616   003F40                     CWG3CLKCON      equ	16192	;# 
  3617   003F41                     CWG3ISM         equ	16193	;# 
  3618   003F41                     CWG3DAT         equ	16193	;# 
  3619   003F42                     CWG3DBR         equ	16194	;# 
  3620   003F43                     CWG3DBF         equ	16195	;# 
  3621   003F44                     CWG3CON0        equ	16196	;# 
  3622   003F45                     CWG3CON1        equ	16197	;# 
  3623   003F46                     CWG3AS0         equ	16198	;# 
  3624   003F47                     CWG3AS1         equ	16199	;# 
  3625   003F48                     CWG3STR         equ	16200	;# 
  3626   003F49                     CWG2CLK         equ	16201	;# 
  3627   003F49                     CWG2CLKCON      equ	16201	;# 
  3628   003F4A                     CWG2ISM         equ	16202	;# 
  3629   003F4A                     CWG2DAT         equ	16202	;# 
  3630   003F4B                     CWG2DBR         equ	16203	;# 
  3631   003F4C                     CWG2DBF         equ	16204	;# 
  3632   003F4D                     CWG2CON0        equ	16205	;# 
  3633   003F4E                     CWG2CON1        equ	16206	;# 
  3634   003F4F                     CWG2AS0         equ	16207	;# 
  3635   003F50                     CWG2AS1         equ	16208	;# 
  3636   003F51                     CWG2STR         equ	16209	;# 
  3637   003F52                     CWG1CLK         equ	16210	;# 
  3638   003F52                     CWG1CLKCON      equ	16210	;# 
  3639   003F53                     CWG1ISM         equ	16211	;# 
  3640   003F53                     CWG1DAT         equ	16211	;# 
  3641   003F54                     CWG1DBR         equ	16212	;# 
  3642   003F55                     CWG1DBF         equ	16213	;# 
  3643   003F56                     CWG1CON0        equ	16214	;# 
  3644   003F57                     CWG1CON1        equ	16215	;# 
  3645   003F58                     CWG1AS0         equ	16216	;# 
  3646   003F59                     CWG1AS1         equ	16217	;# 
  3647   003F5A                     CWG1STR         equ	16218	;# 
  3648   003F5E                     CCPTMRS0        equ	16222	;# 
  3649   003F5F                     CCPTMRS1        equ	16223	;# 
  3650   003F60                     PWM8DC          equ	16224	;# 
  3651   003F60                     PWM8DCL         equ	16224	;# 
  3652   003F61                     PWM8DCH         equ	16225	;# 
  3653   003F62                     PWM8CON         equ	16226	;# 
  3654   003F64                     PWM7DC          equ	16228	;# 
  3655   003F64                     PWM7DCL         equ	16228	;# 
  3656   003F65                     PWM7DCH         equ	16229	;# 
  3657   003F66                     PWM7CON         equ	16230	;# 
  3658   003F68                     PWM6DC          equ	16232	;# 
  3659   003F68                     PWM6DCL         equ	16232	;# 
  3660   003F69                     PWM6DCH         equ	16233	;# 
  3661   003F6A                     PWM6CON         equ	16234	;# 
  3662   003F6C                     PWM5DC          equ	16236	;# 
  3663   003F6C                     PWM5DCL         equ	16236	;# 
  3664   003F6D                     PWM5DCH         equ	16237	;# 
  3665   003F6E                     PWM5CON         equ	16238	;# 
  3666   003F70                     CCPR4           equ	16240	;# 
  3667   003F70                     CCPR4L          equ	16240	;# 
  3668   003F71                     CCPR4H          equ	16241	;# 
  3669   003F72                     CCP4CON         equ	16242	;# 
  3670   003F73                     CCP4CAP         equ	16243	;# 
  3671   003F74                     CCPR3           equ	16244	;# 
  3672   003F74                     CCPR3L          equ	16244	;# 
  3673   003F75                     CCPR3H          equ	16245	;# 
  3674   003F76                     CCP3CON         equ	16246	;# 
  3675   003F77                     CCP3CAP         equ	16247	;# 
  3676   003F78                     CCPR2           equ	16248	;# 
  3677   003F78                     CCPR2L          equ	16248	;# 
  3678   003F79                     CCPR2H          equ	16249	;# 
  3679   003F7A                     CCP2CON         equ	16250	;# 
  3680   003F7B                     CCP2CAP         equ	16251	;# 
  3681   003F7C                     CCPR1           equ	16252	;# 
  3682   003F7C                     CCPR1L          equ	16252	;# 
  3683   003F7D                     CCPR1H          equ	16253	;# 
  3684   003F7E                     CCP1CON         equ	16254	;# 
  3685   003F7F                     CCP1CAP         equ	16255	;# 
  3686   003F92                     T6TMR           equ	16274	;# 
  3687   003F92                     TMR6            equ	16274	;# 
  3688   003F93                     T6PR            equ	16275	;# 
  3689   003F93                     PR6             equ	16275	;# 
  3690   003F94                     T6CON           equ	16276	;# 
  3691   003F95                     T6HLT           equ	16277	;# 
  3692   003F96                     T6CLKCON        equ	16278	;# 
  3693   003F96                     T6CLK           equ	16278	;# 
  3694   003F97                     T6RST           equ	16279	;# 
  3695   003F98                     TMR5            equ	16280	;# 
  3696   003F98                     TMR5L           equ	16280	;# 
  3697   003F99                     TMR5H           equ	16281	;# 
  3698   003F9A                     T5CON           equ	16282	;# 
  3699   003F9A                     TMR5CON         equ	16282	;# 
  3700   003F9B                     T5GCON          equ	16283	;# 
  3701   003F9B                     TMR5GCON        equ	16283	;# 
  3702   003F9C                     T5GATE          equ	16284	;# 
  3703   003F9C                     TMR5GATE        equ	16284	;# 
  3704   003F9D                     T5CLK           equ	16285	;# 
  3705   003F9D                     TMR5CLK         equ	16285	;# 
  3706   003F9D                     PR5             equ	16285	;# 
  3707   003F9E                     T4TMR           equ	16286	;# 
  3708   003F9E                     TMR4            equ	16286	;# 
  3709   003F9F                     T4PR            equ	16287	;# 
  3710   003F9F                     PR4             equ	16287	;# 
  3711   003FA0                     T4CON           equ	16288	;# 
  3712   003FA1                     T4HLT           equ	16289	;# 
  3713   003FA2                     T4CLKCON        equ	16290	;# 
  3714   003FA2                     T4CLK           equ	16290	;# 
  3715   003FA3                     T4RST           equ	16291	;# 
  3716   003FA4                     TMR3            equ	16292	;# 
  3717   003FA4                     TMR3L           equ	16292	;# 
  3718   003FA5                     TMR3H           equ	16293	;# 
  3719   003FA6                     T3CON           equ	16294	;# 
  3720   003FA6                     TMR3CON         equ	16294	;# 
  3721   003FA7                     T3GCON          equ	16295	;# 
  3722   003FA7                     TMR3GCON        equ	16295	;# 
  3723   003FA8                     T3GATE          equ	16296	;# 
  3724   003FA8                     TMR3GATE        equ	16296	;# 
  3725   003FA9                     T3CLK           equ	16297	;# 
  3726   003FA9                     TMR3CLK         equ	16297	;# 
  3727   003FA9                     PR3             equ	16297	;# 
  3728   003FAA                     T2TMR           equ	16298	;# 
  3729   003FAA                     TMR2            equ	16298	;# 
  3730   003FAB                     T2PR            equ	16299	;# 
  3731   003FAB                     PR2             equ	16299	;# 
  3732   003FAC                     T2CON           equ	16300	;# 
  3733   003FAD                     T2HLT           equ	16301	;# 
  3734   003FAE                     T2CLKCON        equ	16302	;# 
  3735   003FAE                     T2CLK           equ	16302	;# 
  3736   003FAF                     T2RST           equ	16303	;# 
  3737   003FB0                     TMR1            equ	16304	;# 
  3738   003FB0                     TMR1L           equ	16304	;# 
  3739   003FB1                     TMR1H           equ	16305	;# 
  3740   003FB2                     T1CON           equ	16306	;# 
  3741   003FB2                     TMR1CON         equ	16306	;# 
  3742   003FB3                     T1GCON          equ	16307	;# 
  3743   003FB3                     TMR1GCON        equ	16307	;# 
  3744   003FB4                     T1GATE          equ	16308	;# 
  3745   003FB4                     TMR1GATE        equ	16308	;# 
  3746   003FB5                     T1CLK           equ	16309	;# 
  3747   003FB5                     TMR1CLK         equ	16309	;# 
  3748   003FB5                     PR1             equ	16309	;# 
  3749   003FB6                     TMR0L           equ	16310	;# 
  3750   003FB6                     TMR0            equ	16310	;# 
  3751   003FB7                     TMR0H           equ	16311	;# 
  3752   003FB7                     PR0             equ	16311	;# 
  3753   003FB8                     T0CON0          equ	16312	;# 
  3754   003FB9                     T0CON1          equ	16313	;# 
  3755   003FBA                     LATA            equ	16314	;# 
  3756   003FBB                     LATB            equ	16315	;# 
  3757   003FBC                     LATC            equ	16316	;# 
  3758   003FBD                     LATD            equ	16317	;# 
  3759   003FBE                     LATE            equ	16318	;# 
  3760   003FC2                     TRISA           equ	16322	;# 
  3761   003FC3                     TRISB           equ	16323	;# 
  3762   003FC4                     TRISC           equ	16324	;# 
  3763   003FC5                     TRISD           equ	16325	;# 
  3764   003FC6                     TRISE           equ	16326	;# 
  3765   003FCA                     PORTA           equ	16330	;# 
  3766   003FCB                     PORTB           equ	16331	;# 
  3767   003FCC                     PORTC           equ	16332	;# 
  3768   003FCD                     PORTD           equ	16333	;# 
  3769   003FCE                     PORTE           equ	16334	;# 
  3770   003FD2                     INTCON0         equ	16338	;# 
  3771   003FD3                     INTCON1         equ	16339	;# 
  3772   003FD4                     IVTLOCK         equ	16340	;# 
  3773   003FD5                     IVTBASE         equ	16341	;# 
  3774   003FD5                     IVTBASEL        equ	16341	;# 
  3775   003FD6                     IVTBASEH        equ	16342	;# 
  3776   003FD7                     IVTBASEU        equ	16343	;# 
  3777   003FD8                     STATUS          equ	16344	;# 
  3778   003FD9                     FSR2            equ	16345	;# 
  3779   003FD9                     FSR2L           equ	16345	;# 
  3780   003FDA                     FSR2H           equ	16346	;# 
  3781   003FDB                     PLUSW2          equ	16347	;# 
  3782   003FDC                     PREINC2         equ	16348	;# 
  3783   003FDD                     POSTDEC2        equ	16349	;# 
  3784   003FDE                     POSTINC2        equ	16350	;# 
  3785   003FDF                     INDF2           equ	16351	;# 
  3786   003FE0                     BSR             equ	16352	;# 
  3787   003FE1                     FSR1            equ	16353	;# 
  3788   003FE1                     FSR1L           equ	16353	;# 
  3789   003FE2                     FSR1H           equ	16354	;# 
  3790   003FE3                     PLUSW1          equ	16355	;# 
  3791   003FE4                     PREINC1         equ	16356	;# 
  3792   003FE5                     POSTDEC1        equ	16357	;# 
  3793   003FE6                     POSTINC1        equ	16358	;# 
  3794   003FE7                     INDF1           equ	16359	;# 
  3795   003FE8                     WREG            equ	16360	;# 
  3796   003FE9                     FSR0            equ	16361	;# 
  3797   003FE9                     FSR0L           equ	16361	;# 
  3798   003FEA                     FSR0H           equ	16362	;# 
  3799   003FEB                     PLUSW0          equ	16363	;# 
  3800   003FEC                     PREINC0         equ	16364	;# 
  3801   003FED                     POSTDEC0        equ	16365	;# 
  3802   003FEE                     POSTINC0        equ	16366	;# 
  3803   003FEF                     INDF0           equ	16367	;# 
  3804   003FF0                     PCON0           equ	16368	;# 
  3805   003FF1                     PCON1           equ	16369	;# 
  3806   003FF3                     PROD            equ	16371	;# 
  3807   003FF3                     PRODL           equ	16371	;# 
  3808   003FF4                     PRODH           equ	16372	;# 
  3809   003FF5                     TABLAT          equ	16373	;# 
  3810   003FF6                     TBLPTR          equ	16374	;# 
  3811   003FF6                     TBLPTRL         equ	16374	;# 
  3812   003FF7                     TBLPTRH         equ	16375	;# 
  3813   003FF8                     TBLPTRU         equ	16376	;# 
  3814   003FF9                     PCLAT           equ	16377	;# 
  3815   003FF9                     PCL             equ	16377	;# 
  3816   003FFA                     PCLATH          equ	16378	;# 
  3817   003FFB                     PCLATU          equ	16379	;# 
  3818   003FFC                     STKPTR          equ	16380	;# 
  3819   003FFD                     TOS             equ	16381	;# 
  3820   003FFD                     TOSL            equ	16381	;# 
  3821   003FFE                     TOSH            equ	16382	;# 
  3822   003FFF                     TOSU            equ	16383	;# 
  3823   003880                     STATUS_CSHAD    equ	14464	;# 
  3824   003881                     WREG_CSHAD      equ	14465	;# 
  3825   003882                     BSR_CSHAD       equ	14466	;# 
  3826   003883                     SHADCON         equ	14467	;# 
  3827   003884                     STATUS_SHAD     equ	14468	;# 
  3828   003885                     WREG_SHAD       equ	14469	;# 
  3829   003886                     BSR_SHAD        equ	14470	;# 
  3830   003887                     PCLATH_SHAD     equ	14471	;# 
  3831   003888                     PCLATU_SHAD     equ	14472	;# 
  3832   003889                     FSR0SH          equ	14473	;# 
  3833   003889                     FSR0L_SHAD      equ	14473	;# 
  3834   00388A                     FSR0H_SHAD      equ	14474	;# 
  3835   00388B                     FSR1SH          equ	14475	;# 
  3836   00388B                     FSR1L_SHAD      equ	14475	;# 
  3837   00388C                     FSR1H_SHAD      equ	14476	;# 
  3838   00388D                     FSR2SH          equ	14477	;# 
  3839   00388D                     FSR2L_SHAD      equ	14477	;# 
  3840   00388E                     FSR2H_SHAD      equ	14478	;# 
  3841   00388F                     PRODSH          equ	14479	;# 
  3842   00388F                     PRODL_SHAD      equ	14479	;# 
  3843   003890                     PRODH_SHAD      equ	14480	;# 
  3844   00389D                     IVTADL          equ	14493	;# 
  3845   00389E                     IVTADH          equ	14494	;# 
  3846   00389F                     IVTADU          equ	14495	;# 
  3847   00395B                     WDTCON0         equ	14683	;# 
  3848   00395C                     WDTCON1         equ	14684	;# 
  3849   00395D                     WDTPSL          equ	14685	;# 
  3850   00395E                     WDTPSH          equ	14686	;# 
  3851   00395F                     WDTTMR          equ	14687	;# 
  3852   003960                     CRCDATA         equ	14688	;# 
  3853   003960                     CRCDATL         equ	14688	;# 
  3854   003961                     CRCDATH         equ	14689	;# 
  3855   003962                     CRCACC          equ	14690	;# 
  3856   003962                     CRCACCL         equ	14690	;# 
  3857   003963                     CRCACCH         equ	14691	;# 
  3858   003964                     CRCSHFT         equ	14692	;# 
  3859   003964                     CRCSHIFTL       equ	14692	;# 
  3860   003965                     CRCSHIFTH       equ	14693	;# 
  3861   003966                     CRCXOR          equ	14694	;# 
  3862   003966                     CRCXORL         equ	14694	;# 
  3863   003967                     CRCXORH         equ	14695	;# 
  3864   003968                     CRCCON0         equ	14696	;# 
  3865   003969                     CRCCON1         equ	14697	;# 
  3866   003976                     SCANLADR        equ	14710	;# 
  3867   003976                     SCANLADRL       equ	14710	;# 
  3868   003977                     SCANLADRH       equ	14711	;# 
  3869   003978                     SCANLADRU       equ	14712	;# 
  3870   003979                     SCANHADR        equ	14713	;# 
  3871   003979                     SCANHADRL       equ	14713	;# 
  3872   00397A                     SCANHADRH       equ	14714	;# 
  3873   00397B                     SCANHADRU       equ	14715	;# 
  3874   00397C                     SCANCON0        equ	14716	;# 
  3875   00397D                     SCANTRIG        equ	14717	;# 
  3876   003980                     IPR0            equ	14720	;# 
  3877   003981                     IPR1            equ	14721	;# 
  3878   003982                     IPR2            equ	14722	;# 
  3879   003983                     IPR3            equ	14723	;# 
  3880   003984                     IPR4            equ	14724	;# 
  3881   003985                     IPR5            equ	14725	;# 
  3882   003986                     IPR6            equ	14726	;# 
  3883   003987                     IPR7            equ	14727	;# 
  3884   003988                     IPR8            equ	14728	;# 
  3885   003989                     IPR9            equ	14729	;# 
  3886   00398A                     IPR10           equ	14730	;# 
  3887   003990                     PIE0            equ	14736	;# 
  3888   003991                     PIE1            equ	14737	;# 
  3889   003992                     PIE2            equ	14738	;# 
  3890   003993                     PIE3            equ	14739	;# 
  3891   003994                     PIE4            equ	14740	;# 
  3892   003995                     PIE5            equ	14741	;# 
  3893   003996                     PIE6            equ	14742	;# 
  3894   003997                     PIE7            equ	14743	;# 
  3895   003998                     PIE8            equ	14744	;# 
  3896   003999                     PIE9            equ	14745	;# 
  3897   00399A                     PIE10           equ	14746	;# 
  3898   0039A0                     PIR0            equ	14752	;# 
  3899   0039A1                     PIR1            equ	14753	;# 
  3900   0039A2                     PIR2            equ	14754	;# 
  3901   0039A3                     PIR3            equ	14755	;# 
  3902   0039A4                     PIR4            equ	14756	;# 
  3903   0039A5                     PIR5            equ	14757	;# 
  3904   0039A6                     PIR6            equ	14758	;# 
  3905   0039A7                     PIR7            equ	14759	;# 
  3906   0039A8                     PIR8            equ	14760	;# 
  3907   0039A9                     PIR9            equ	14761	;# 
  3908   0039AA                     PIR10           equ	14762	;# 
  3909   0039C0                     PMD0            equ	14784	;# 
  3910   0039C1                     PMD1            equ	14785	;# 
  3911   0039C2                     PMD2            equ	14786	;# 
  3912   0039C3                     PMD3            equ	14787	;# 
  3913   0039C4                     PMD4            equ	14788	;# 
  3914   0039C5                     PMD5            equ	14789	;# 
  3915   0039C6                     PMD6            equ	14790	;# 
  3916   0039C7                     PMD7            equ	14791	;# 
  3917   0039D0                     BORCON          equ	14800	;# 
  3918   0039D1                     VREGCON         equ	14801	;# 
  3919   0039D8                     CPUDOZE         equ	14808	;# 
  3920   0039D9                     OSCCON1         equ	14809	;# 
  3921   0039DA                     OSCCON2         equ	14810	;# 
  3922   0039DB                     OSCCON3         equ	14811	;# 
  3923   0039DC                     OSCSTAT         equ	14812	;# 
  3924   0039DC                     OSCSTAT1        equ	14812	;# 
  3925   0039DD                     OSCEN           equ	14813	;# 
  3926   0039DE                     OSCTUNE         equ	14814	;# 
  3927   0039DF                     OSCFRQ          equ	14815	;# 
  3928   0039E0                     NVMADRL         equ	14816	;# 
  3929   0039E1                     NVMADRH         equ	14817	;# 
  3930   0039E3                     NVMDAT          equ	14819	;# 
  3931   0039E5                     NVMCON1         equ	14821	;# 
  3932   0039E6                     NVMCON2         equ	14822	;# 
  3933   0039EF                     PRLOCK          equ	14831	;# 
  3934   0039F1                     ISRPR           equ	14833	;# 
  3935   0039F2                     MAINPR          equ	14834	;# 
  3936   0039F3                     DMA1PR          equ	14835	;# 
  3937   0039F4                     DMA2PR          equ	14836	;# 
  3938   0039F7                     SCANPR          equ	14839	;# 
  3939   003A00                     RA0PPS          equ	14848	;# 
  3940   003A01                     RA1PPS          equ	14849	;# 
  3941   003A02                     RA2PPS          equ	14850	;# 
  3942   003A03                     RA3PPS          equ	14851	;# 
  3943   003A04                     RA4PPS          equ	14852	;# 
  3944   003A05                     RA5PPS          equ	14853	;# 
  3945   003A06                     RA6PPS          equ	14854	;# 
  3946   003A07                     RA7PPS          equ	14855	;# 
  3947   003A08                     RB0PPS          equ	14856	;# 
  3948   003A09                     RB1PPS          equ	14857	;# 
  3949   003A0A                     RB2PPS          equ	14858	;# 
  3950   003A0B                     RB3PPS          equ	14859	;# 
  3951   003A0C                     RB4PPS          equ	14860	;# 
  3952   003A0D                     RB5PPS          equ	14861	;# 
  3953   003A0E                     RB6PPS          equ	14862	;# 
  3954   003A0F                     RB7PPS          equ	14863	;# 
  3955   003A10                     RC0PPS          equ	14864	;# 
  3956   003A11                     RC1PPS          equ	14865	;# 
  3957   003A12                     RC2PPS          equ	14866	;# 
  3958   003A13                     RC3PPS          equ	14867	;# 
  3959   003A14                     RC4PPS          equ	14868	;# 
  3960   003A15                     RC5PPS          equ	14869	;# 
  3961   003A16                     RC6PPS          equ	14870	;# 
  3962   003A17                     RC7PPS          equ	14871	;# 
  3963   003A18                     RD0PPS          equ	14872	;# 
  3964   003A19                     RD1PPS          equ	14873	;# 
  3965   003A1A                     RD2PPS          equ	14874	;# 
  3966   003A1B                     RD3PPS          equ	14875	;# 
  3967   003A1C                     RD4PPS          equ	14876	;# 
  3968   003A1D                     RD5PPS          equ	14877	;# 
  3969   003A1E                     RD6PPS          equ	14878	;# 
  3970   003A1F                     RD7PPS          equ	14879	;# 
  3971   003A20                     RE0PPS          equ	14880	;# 
  3972   003A21                     RE1PPS          equ	14881	;# 
  3973   003A22                     RE2PPS          equ	14882	;# 
  3974   003A40                     ANSELA          equ	14912	;# 
  3975   003A41                     WPUA            equ	14913	;# 
  3976   003A42                     ODCONA          equ	14914	;# 
  3977   003A43                     SLRCONA         equ	14915	;# 
  3978   003A44                     INLVLA          equ	14916	;# 
  3979   003A45                     IOCAP           equ	14917	;# 
  3980   003A46                     IOCAN           equ	14918	;# 
  3981   003A47                     IOCAF           equ	14919	;# 
  3982   003A50                     ANSELB          equ	14928	;# 
  3983   003A51                     WPUB            equ	14929	;# 
  3984   003A52                     ODCONB          equ	14930	;# 
  3985   003A53                     SLRCONB         equ	14931	;# 
  3986   003A54                     INLVLB          equ	14932	;# 
  3987   003A55                     IOCBP           equ	14933	;# 
  3988   003A56                     IOCBN           equ	14934	;# 
  3989   003A57                     IOCBF           equ	14935	;# 
  3990   003A5A                     RB1I2C          equ	14938	;# 
  3991   003A5B                     RB2I2C          equ	14939	;# 
  3992   003A60                     ANSELC          equ	14944	;# 
  3993   003A61                     WPUC            equ	14945	;# 
  3994   003A62                     ODCONC          equ	14946	;# 
  3995   003A63                     SLRCONC         equ	14947	;# 
  3996   003A64                     INLVLC          equ	14948	;# 
  3997   003A65                     IOCCP           equ	14949	;# 
  3998   003A66                     IOCCN           equ	14950	;# 
  3999   003A67                     IOCCF           equ	14951	;# 
  4000   003A6A                     RC3I2C          equ	14954	;# 
  4001   003A6B                     RC4I2C          equ	14955	;# 
  4002   003A70                     ANSELD          equ	14960	;# 
  4003   003A71                     WPUD            equ	14961	;# 
  4004   003A72                     ODCOND          equ	14962	;# 
  4005   003A73                     SLRCOND         equ	14963	;# 
  4006   003A74                     INLVLD          equ	14964	;# 
  4007   003A7A                     RD0I2C          equ	14970	;# 
  4008   003A7B                     RD1I2C          equ	14971	;# 
  4009   003A80                     ANSELE          equ	14976	;# 
  4010   003A81                     WPUE            equ	14977	;# 
  4011   003A82                     ODCONE          equ	14978	;# 
  4012   003A83                     SLRCONE         equ	14979	;# 
  4013   003A84                     INLVLE          equ	14980	;# 
  4014   003A85                     IOCEP           equ	14981	;# 
  4015   003A86                     IOCEN           equ	14982	;# 
  4016   003A87                     IOCEF           equ	14983	;# 
  4017   003ABF                     PPSLOCK         equ	15039	;# 
  4018   003AC0                     INT0PPS         equ	15040	;# 
  4019   003AC1                     INT1PPS         equ	15041	;# 
  4020   003AC2                     INT2PPS         equ	15042	;# 
  4021   003AC3                     T0CKIPPS        equ	15043	;# 
  4022   003AC4                     T1CKIPPS        equ	15044	;# 
  4023   003AC5                     T1GPPS          equ	15045	;# 
  4024   003AC6                     T3CKIPPS        equ	15046	;# 
  4025   003AC7                     T3GPPS          equ	15047	;# 
  4026   003AC8                     T5CKIPPS        equ	15048	;# 
  4027   003AC9                     T5GPPS          equ	15049	;# 
  4028   003ACA                     T2INPPS         equ	15050	;# 
  4029   003ACB                     T4INPPS         equ	15051	;# 
  4030   003ACC                     T6INPPS         equ	15052	;# 
  4031   003ACD                     CCP1PPS         equ	15053	;# 
  4032   003ACE                     CCP2PPS         equ	15054	;# 
  4033   003ACF                     CCP3PPS         equ	15055	;# 
  4034   003AD0                     CCP4PPS         equ	15056	;# 
  4035   003AD1                     SMT1WINPPS      equ	15057	;# 
  4036   003AD2                     SMT1SIGPPS      equ	15058	;# 
  4037   003AD3                     CWG1INPPS       equ	15059	;# 
  4038   003AD4                     CWG2INPPS       equ	15060	;# 
  4039   003AD5                     CWG3INPPS       equ	15061	;# 
  4040   003AD6                     MD1CARLPPS      equ	15062	;# 
  4041   003AD7                     MD1CARHPPS      equ	15063	;# 
  4042   003AD8                     MD1SRCPPS       equ	15064	;# 
  4043   003AD9                     CLCIN0PPS       equ	15065	;# 
  4044   003ADA                     CLCIN1PPS       equ	15066	;# 
  4045   003ADB                     CLCIN2PPS       equ	15067	;# 
  4046   003ADC                     CLCIN3PPS       equ	15068	;# 
  4047   003ADD                     ADACTPPS        equ	15069	;# 
  4048   003ADE                     SPI1SCKPPS      equ	15070	;# 
  4049   003ADF                     SPI1SDIPPS      equ	15071	;# 
  4050   003AE0                     SPI1SSPPS       equ	15072	;# 
  4051   003AE1                     I2C1SCLPPS      equ	15073	;# 
  4052   003AE2                     I2C1SDAPPS      equ	15074	;# 
  4053   003AE3                     I2C2SCLPPS      equ	15075	;# 
  4054   003AE4                     I2C2SDAPPS      equ	15076	;# 
  4055   003AE5                     U1RXPPS         equ	15077	;# 
  4056   003AE6                     U1CTSPPS        equ	15078	;# 
  4057   003AE8                     U2RXPPS         equ	15080	;# 
  4058   003AE9                     U2CTSPPS        equ	15081	;# 
  4059   003BC9                     DMA2BUF         equ	15305	;# 
  4060   003BCA                     DMA2DCNT        equ	15306	;# 
  4061   003BCA                     DMA2DCNTL       equ	15306	;# 
  4062   003BCB                     DMA2DCNTH       equ	15307	;# 
  4063   003BCC                     DMA2DPTR        equ	15308	;# 
  4064   003BCC                     DMA2DPTRL       equ	15308	;# 
  4065   003BCD                     DMA2DPTRH       equ	15309	;# 
  4066   003BCE                     DMA2DSZ         equ	15310	;# 
  4067   003BCE                     DMA2DSZL        equ	15310	;# 
  4068   003BCF                     DMA2DSZH        equ	15311	;# 
  4069   003BD0                     DMA2DSA         equ	15312	;# 
  4070   003BD0                     DMA2DSAL        equ	15312	;# 
  4071   003BD1                     DMA2DSAH        equ	15313	;# 
  4072   003BD2                     DMA2SCNT        equ	15314	;# 
  4073   003BD2                     DMA2SCNTL       equ	15314	;# 
  4074   003BD3                     DMA2SCNTH       equ	15315	;# 
  4075   003BD4                     DMA2SPTR        equ	15316	;# 
  4076   003BD4                     DMA2SPTRL       equ	15316	;# 
  4077   003BD5                     DMA2SPTRH       equ	15317	;# 
  4078   003BD6                     DMA2SPTRU       equ	15318	;# 
  4079   003BD7                     DMA2SSZ         equ	15319	;# 
  4080   003BD7                     DMA2SSZL        equ	15319	;# 
  4081   003BD8                     DMA2SSZH        equ	15320	;# 
  4082   003BD9                     DMA2SSA         equ	15321	;# 
  4083   003BD9                     DMA2SSAL        equ	15321	;# 
  4084   003BDA                     DMA2SSAH        equ	15322	;# 
  4085   003BDB                     DMA2SSAU        equ	15323	;# 
  4086   003BDC                     DMA2CON0        equ	15324	;# 
  4087   003BDD                     DMA2CON1        equ	15325	;# 
  4088   003BDE                     DMA2AIRQ        equ	15326	;# 
  4089   003BDF                     DMA2SIRQ        equ	15327	;# 
  4090   003BE9                     DMA1BUF         equ	15337	;# 
  4091   003BEA                     DMA1DCNT        equ	15338	;# 
  4092   003BEA                     DMA1DCNTL       equ	15338	;# 
  4093   003BEB                     DMA1DCNTH       equ	15339	;# 
  4094   003BEC                     DMA1DPTR        equ	15340	;# 
  4095   003BEC                     DMA1DPTRL       equ	15340	;# 
  4096   003BED                     DMA1DPTRH       equ	15341	;# 
  4097   003BEE                     DMA1DSZ         equ	15342	;# 
  4098   003BEE                     DMA1DSZL        equ	15342	;# 
  4099   003BEF                     DMA1DSZH        equ	15343	;# 
  4100   003BF0                     DMA1DSA         equ	15344	;# 
  4101   003BF0                     DMA1DSAL        equ	15344	;# 
  4102   003BF1                     DMA1DSAH        equ	15345	;# 
  4103   003BF2                     DMA1SCNT        equ	15346	;# 
  4104   003BF2                     DMA1SCNTL       equ	15346	;# 
  4105   003BF3                     DMA1SCNTH       equ	15347	;# 
  4106   003BF4                     DMA1SPTR        equ	15348	;# 
  4107   003BF4                     DMA1SPTRL       equ	15348	;# 
  4108   003BF5                     DMA1SPTRH       equ	15349	;# 
  4109   003BF6                     DMA1SPTRU       equ	15350	;# 
  4110   003BF7                     DMA1SSZ         equ	15351	;# 
  4111   003BF7                     DMA1SSZL        equ	15351	;# 
  4112   003BF8                     DMA1SSZH        equ	15352	;# 
  4113   003BF9                     DMA1SSA         equ	15353	;# 
  4114   003BF9                     DMA1SSAL        equ	15353	;# 
  4115   003BFA                     DMA1SSAH        equ	15354	;# 
  4116   003BFB                     DMA1SSAU        equ	15355	;# 
  4117   003BFC                     DMA1CON0        equ	15356	;# 
  4118   003BFD                     DMA1CON1        equ	15357	;# 
  4119   003BFE                     DMA1AIRQ        equ	15358	;# 
  4120   003BFF                     DMA1SIRQ        equ	15359	;# 
  4121   003C56                     CLC4CON         equ	15446	;# 
  4122   003C57                     CLC4POL         equ	15447	;# 
  4123   003C58                     CLC4SEL0        equ	15448	;# 
  4124   003C59                     CLC4SEL1        equ	15449	;# 
  4125   003C5A                     CLC4SEL2        equ	15450	;# 
  4126   003C5B                     CLC4SEL3        equ	15451	;# 
  4127   003C5C                     CLC4GLS0        equ	15452	;# 
  4128   003C5D                     CLC4GLS1        equ	15453	;# 
  4129   003C5E                     CLC4GLS2        equ	15454	;# 
  4130   003C5F                     CLC4GLS3        equ	15455	;# 
  4131   003C60                     CLC3CON         equ	15456	;# 
  4132   003C61                     CLC3POL         equ	15457	;# 
  4133   003C62                     CLC3SEL0        equ	15458	;# 
  4134   003C63                     CLC3SEL1        equ	15459	;# 
  4135   003C64                     CLC3SEL2        equ	15460	;# 
  4136   003C65                     CLC3SEL3        equ	15461	;# 
  4137   003C66                     CLC3GLS0        equ	15462	;# 
  4138   003C67                     CLC3GLS1        equ	15463	;# 
  4139   003C68                     CLC3GLS2        equ	15464	;# 
  4140   003C69                     CLC3GLS3        equ	15465	;# 
  4141   003C6A                     CLC2CON         equ	15466	;# 
  4142   003C6B                     CLC2POL         equ	15467	;# 
  4143   003C6C                     CLC2SEL0        equ	15468	;# 
  4144   003C6D                     CLC2SEL1        equ	15469	;# 
  4145   003C6E                     CLC2SEL2        equ	15470	;# 
  4146   003C6F                     CLC2SEL3        equ	15471	;# 
  4147   003C70                     CLC2GLS0        equ	15472	;# 
  4148   003C71                     CLC2GLS1        equ	15473	;# 
  4149   003C72                     CLC2GLS2        equ	15474	;# 
  4150   003C73                     CLC2GLS3        equ	15475	;# 
  4151   003C74                     CLC1CON         equ	15476	;# 
  4152   003C75                     CLC1POL         equ	15477	;# 
  4153   003C76                     CLC1SEL0        equ	15478	;# 
  4154   003C77                     CLC1SEL1        equ	15479	;# 
  4155   003C78                     CLC1SEL2        equ	15480	;# 
  4156   003C79                     CLC1SEL3        equ	15481	;# 
  4157   003C7A                     CLC1GLS0        equ	15482	;# 
  4158   003C7B                     CLC1GLS1        equ	15483	;# 
  4159   003C7C                     CLC1GLS2        equ	15484	;# 
  4160   003C7D                     CLC1GLS3        equ	15485	;# 
  4161   003C7E                     CLCDATA0        equ	15486	;# 
  4162   003CE5                     CLKRCON         equ	15589	;# 
  4163   003CE6                     CLKRCLK         equ	15590	;# 
  4164   003CFA                     MD1CON0         equ	15610	;# 
  4165   003CFB                     MD1CON1         equ	15611	;# 
  4166   003CFC                     MD1SRC          equ	15612	;# 
  4167   003CFD                     MD1CARL         equ	15613	;# 
  4168   003CFE                     MD1CARH         equ	15614	;# 
  4169   003D10                     SPI1RXB         equ	15632	;# 
  4170   003D11                     SPI1TXB         equ	15633	;# 
  4171   003D12                     SPI1TCNT        equ	15634	;# 
  4172   003D12                     SPI1TCNTL       equ	15634	;# 
  4173   003D13                     SPI1TCNTH       equ	15635	;# 
  4174   003D14                     SPI1CON0        equ	15636	;# 
  4175   003D15                     SPI1CON1        equ	15637	;# 
  4176   003D16                     SPI1CON2        equ	15638	;# 
  4177   003D17                     SPI1STATUS      equ	15639	;# 
  4178   003D18                     SPI1TWIDTH      equ	15640	;# 
  4179   003D19                     SPI1BAUD        equ	15641	;# 
  4180   003D1A                     SPI1INTF        equ	15642	;# 
  4181   003D1B                     SPI1INTE        equ	15643	;# 
  4182   003D1C                     SPI1CLK         equ	15644	;# 
  4183   003D54                     I2C2RXB         equ	15700	;# 
  4184   003D55                     I2C2TXB         equ	15701	;# 
  4185   003D56                     I2C2CNT         equ	15702	;# 
  4186   003D57                     I2C2ADB0        equ	15703	;# 
  4187   003D58                     I2C2ADB1        equ	15704	;# 
  4188   003D59                     I2C2ADR0        equ	15705	;# 
  4189   003D5A                     I2C2ADR1        equ	15706	;# 
  4190   003D5B                     I2C2ADR2        equ	15707	;# 
  4191   003D5C                     I2C2ADR3        equ	15708	;# 
  4192   003D5D                     I2C2CON0        equ	15709	;# 
  4193   003D5E                     I2C2CON1        equ	15710	;# 
  4194   003D5F                     I2C2CON2        equ	15711	;# 
  4195   003D60                     I2C2ERR         equ	15712	;# 
  4196   003D61                     I2C2STAT0       equ	15713	;# 
  4197   003D62                     I2C2STAT1       equ	15714	;# 
  4198   003D63                     I2C2PIR         equ	15715	;# 
  4199   003D64                     I2C2PIE         equ	15716	;# 
  4200   003D65                     I2C2CLK         equ	15717	;# 
  4201   003D66                     I2C2BTO         equ	15718	;# 
  4202   003D6A                     I2C1RXB         equ	15722	;# 
  4203   003D6B                     I2C1TXB         equ	15723	;# 
  4204   003D6C                     I2C1CNT         equ	15724	;# 
  4205   003D6D                     I2C1ADB0        equ	15725	;# 
  4206   003D6E                     I2C1ADB1        equ	15726	;# 
  4207   003D6F                     I2C1ADR0        equ	15727	;# 
  4208   003D70                     I2C1ADR1        equ	15728	;# 
  4209   003D71                     I2C1ADR2        equ	15729	;# 
  4210   003D72                     I2C1ADR3        equ	15730	;# 
  4211   003D73                     I2C1CON0        equ	15731	;# 
  4212   003D74                     I2C1CON1        equ	15732	;# 
  4213   003D75                     I2C1CON2        equ	15733	;# 
  4214   003D76                     I2C1ERR         equ	15734	;# 
  4215   003D77                     I2C1STAT0       equ	15735	;# 
  4216   003D78                     I2C1STAT1       equ	15736	;# 
  4217   003D79                     I2C1PIR         equ	15737	;# 
  4218   003D7A                     I2C1PIE         equ	15738	;# 
  4219   003D7B                     I2C1CLK         equ	15739	;# 
  4220   003D7C                     I2C1BTO         equ	15740	;# 
  4221   003DD0                     U2RXB           equ	15824	;# 
  4222   003DD0                     U2RXBL          equ	15824	;# 
  4223   003DD2                     U2TXB           equ	15826	;# 
  4224   003DD2                     U2TXBL          equ	15826	;# 
  4225   003DD4                     U2P1            equ	15828	;# 
  4226   003DD4                     U2P1L           equ	15828	;# 
  4227   003DD6                     U2P2            equ	15830	;# 
  4228   003DD6                     U2P2L           equ	15830	;# 
  4229   003DD8                     U2P3            equ	15832	;# 
  4230   003DD8                     U2P3L           equ	15832	;# 
  4231   003DDA                     U2CON0          equ	15834	;# 
  4232   003DDB                     U2CON1          equ	15835	;# 
  4233   003DDC                     U2CON2          equ	15836	;# 
  4234   003DDD                     U2BRG           equ	15837	;# 
  4235   003DDD                     U2BRGL          equ	15837	;# 
  4236   003DDE                     U2BRGH          equ	15838	;# 
  4237   003DDF                     U2FIFO          equ	15839	;# 
  4238   003DE0                     U2UIR           equ	15840	;# 
  4239   003DE1                     U2ERRIR         equ	15841	;# 
  4240   003DE2                     U2ERRIE         equ	15842	;# 
  4241   003DE8                     U1RXB           equ	15848	;# 
  4242   003DE8                     U1RXBL          equ	15848	;# 
  4243   003DE9                     U1RXCHK         equ	15849	;# 
  4244   003DEA                     U1TXB           equ	15850	;# 
  4245   003DEA                     U1TXBL          equ	15850	;# 
  4246   003DEB                     U1TXCHK         equ	15851	;# 
  4247   003DEC                     U1P1            equ	15852	;# 
  4248   003DEC                     U1P1L           equ	15852	;# 
  4249   003DED                     U1P1H           equ	15853	;# 
  4250   003DEE                     U1P2            equ	15854	;# 
  4251   003DEE                     U1P2L           equ	15854	;# 
  4252   003DEF                     U1P2H           equ	15855	;# 
  4253   003DF0                     U1P3            equ	15856	;# 
  4254   003DF0                     U1P3L           equ	15856	;# 
  4255   003DF1                     U1P3H           equ	15857	;# 
  4256   003DF2                     U1CON0          equ	15858	;# 
  4257   003DF3                     U1CON1          equ	15859	;# 
  4258   003DF4                     U1CON2          equ	15860	;# 
  4259   003DF5                     U1BRG           equ	15861	;# 
  4260   003DF5                     U1BRGL          equ	15861	;# 
  4261   003DF6                     U1BRGH          equ	15862	;# 
  4262   003DF7                     U1FIFO          equ	15863	;# 
  4263   003DF8                     U1UIR           equ	15864	;# 
  4264   003DF9                     U1ERRIR         equ	15865	;# 
  4265   003DFA                     U1ERRIE         equ	15866	;# 
  4266   003E9C                     DAC1CON1        equ	16028	;# 
  4267   003E9E                     DAC1CON0        equ	16030	;# 
  4268   003EB8                     CM2CON0         equ	16056	;# 
  4269   003EB9                     CM2CON1         equ	16057	;# 
  4270   003EBA                     CM2NCH          equ	16058	;# 
  4271   003EBB                     CM2PCH          equ	16059	;# 
  4272   003EBC                     CM1CON0         equ	16060	;# 
  4273   003EBD                     CM1CON1         equ	16061	;# 
  4274   003EBE                     CM1NCH          equ	16062	;# 
  4275   003EBF                     CM1PCH          equ	16063	;# 
  4276   003EC0                     CMOUT           equ	16064	;# 
  4277   003EC1                     FVRCON          equ	16065	;# 
  4278   003EC3                     ZCDCON          equ	16067	;# 
  4279   003EC9                     HLVDCON0        equ	16073	;# 
  4280   003ECA                     HLVDCON1        equ	16074	;# 
  4281   003ED7                     ADCP            equ	16087	;# 
  4282   003EDE                     ADLTH           equ	16094	;# 
  4283   003EDE                     ADLTHL          equ	16094	;# 
  4284   003EDF                     ADLTHH          equ	16095	;# 
  4285   003EE0                     ADUTH           equ	16096	;# 
  4286   003EE0                     ADUTHL          equ	16096	;# 
  4287   003EE1                     ADUTHH          equ	16097	;# 
  4288   003EE2                     ADERR           equ	16098	;# 
  4289   003EE2                     ADERRL          equ	16098	;# 
  4290   003EE3                     ADERRH          equ	16099	;# 
  4291   003EE4                     ADSTPT          equ	16100	;# 
  4292   003EE4                     ADSTPTL         equ	16100	;# 
  4293   003EE5                     ADSTPTH         equ	16101	;# 
  4294   003EE6                     ADFLTR          equ	16102	;# 
  4295   003EE6                     ADFLTRL         equ	16102	;# 
  4296   003EE7                     ADFLTRH         equ	16103	;# 
  4297   003EE8                     ADACC           equ	16104	;# 
  4298   003EE8                     ADACCL          equ	16104	;# 
  4299   003EE9                     ADACCH          equ	16105	;# 
  4300   003EEA                     ADACCU          equ	16106	;# 
  4301   003EEB                     ADCNT           equ	16107	;# 
  4302   003EEC                     ADRPT           equ	16108	;# 
  4303   003EED                     ADPREV          equ	16109	;# 
  4304   003EED                     ADPREVL         equ	16109	;# 
  4305   003EEE                     ADPREVH         equ	16110	;# 
  4306   003EEF                     ADRES           equ	16111	;# 
  4307   003EEF                     ADRESL          equ	16111	;# 
  4308   003EF0                     ADRESH          equ	16112	;# 
  4309   003EF1                     ADPCH           equ	16113	;# 
  4310   003EF3                     ADACQ           equ	16115	;# 
  4311   003EF3                     ADACQL          equ	16115	;# 
  4312   003EF4                     ADACQH          equ	16116	;# 
  4313   003EF5                     ADCAP           equ	16117	;# 
  4314   003EF6                     ADPRE           equ	16118	;# 
  4315   003EF6                     ADPREL          equ	16118	;# 
  4316   003EF7                     ADPREH          equ	16119	;# 
  4317   003EF8                     ADCON0          equ	16120	;# 
  4318   003EF9                     ADCON1          equ	16121	;# 
  4319   003EFA                     ADCON2          equ	16122	;# 
  4320   003EFB                     ADCON3          equ	16123	;# 
  4321   003EFC                     ADSTAT          equ	16124	;# 
  4322   003EFD                     ADREF           equ	16125	;# 
  4323   003EFE                     ADACT           equ	16126	;# 
  4324   003EFF                     ADCLK           equ	16127	;# 
  4325   003F12                     SMT1TMR         equ	16146	;# 
  4326   003F12                     SMT1TMRL        equ	16146	;# 
  4327   003F13                     SMT1TMRH        equ	16147	;# 
  4328   003F14                     SMT1TMRU        equ	16148	;# 
  4329   003F15                     SMT1CPR         equ	16149	;# 
  4330   003F15                     SMT1CPRL        equ	16149	;# 
  4331   003F16                     SMT1CPRH        equ	16150	;# 
  4332   003F17                     SMT1CPRU        equ	16151	;# 
  4333   003F18                     SMT1CPW         equ	16152	;# 
  4334   003F18                     SMT1CPWL        equ	16152	;# 
  4335   003F19                     SMT1CPWH        equ	16153	;# 
  4336   003F1A                     SMT1CPWU        equ	16154	;# 
  4337   003F1B                     SMT1PR          equ	16155	;# 
  4338   003F1B                     SMT1PRL         equ	16155	;# 
  4339   003F1C                     SMT1PRH         equ	16156	;# 
  4340   003F1D                     SMT1PRU         equ	16157	;# 
  4341   003F1E                     SMT1CON0        equ	16158	;# 
  4342   003F1F                     SMT1CON1        equ	16159	;# 
  4343   003F20                     SMT1STAT        equ	16160	;# 
  4344   003F21                     SMT1CLK         equ	16161	;# 
  4345   003F22                     SMT1SIG         equ	16162	;# 
  4346   003F23                     SMT1WIN         equ	16163	;# 
  4347   003F38                     NCO1ACC         equ	16184	;# 
  4348   003F38                     NCO1ACCL        equ	16184	;# 
  4349   003F39                     NCO1ACCH        equ	16185	;# 
  4350   003F3A                     NCO1ACCU        equ	16186	;# 
  4351   003F3B                     NCO1INC         equ	16187	;# 
  4352   003F3B                     NCO1INCL        equ	16187	;# 
  4353   003F3C                     NCO1INCH        equ	16188	;# 
  4354   003F3D                     NCO1INCU        equ	16189	;# 
  4355   003F3E                     NCO1CON         equ	16190	;# 
  4356   003F3F                     NCO1CLK         equ	16191	;# 
  4357   003F40                     CWG3CLK         equ	16192	;# 
  4358   003F40                     CWG3CLKCON      equ	16192	;# 
  4359   003F41                     CWG3ISM         equ	16193	;# 
  4360   003F41                     CWG3DAT         equ	16193	;# 
  4361   003F42                     CWG3DBR         equ	16194	;# 
  4362   003F43                     CWG3DBF         equ	16195	;# 
  4363   003F44                     CWG3CON0        equ	16196	;# 
  4364   003F45                     CWG3CON1        equ	16197	;# 
  4365   003F46                     CWG3AS0         equ	16198	;# 
  4366   003F47                     CWG3AS1         equ	16199	;# 
  4367   003F48                     CWG3STR         equ	16200	;# 
  4368   003F49                     CWG2CLK         equ	16201	;# 
  4369   003F49                     CWG2CLKCON      equ	16201	;# 
  4370   003F4A                     CWG2ISM         equ	16202	;# 
  4371   003F4A                     CWG2DAT         equ	16202	;# 
  4372   003F4B                     CWG2DBR         equ	16203	;# 
  4373   003F4C                     CWG2DBF         equ	16204	;# 
  4374   003F4D                     CWG2CON0        equ	16205	;# 
  4375   003F4E                     CWG2CON1        equ	16206	;# 
  4376   003F4F                     CWG2AS0         equ	16207	;# 
  4377   003F50                     CWG2AS1         equ	16208	;# 
  4378   003F51                     CWG2STR         equ	16209	;# 
  4379   003F52                     CWG1CLK         equ	16210	;# 
  4380   003F52                     CWG1CLKCON      equ	16210	;# 
  4381   003F53                     CWG1ISM         equ	16211	;# 
  4382   003F53                     CWG1DAT         equ	16211	;# 
  4383   003F54                     CWG1DBR         equ	16212	;# 
  4384   003F55                     CWG1DBF         equ	16213	;# 
  4385   003F56                     CWG1CON0        equ	16214	;# 
  4386   003F57                     CWG1CON1        equ	16215	;# 
  4387   003F58                     CWG1AS0         equ	16216	;# 
  4388   003F59                     CWG1AS1         equ	16217	;# 
  4389   003F5A                     CWG1STR         equ	16218	;# 
  4390   003F5E                     CCPTMRS0        equ	16222	;# 
  4391   003F5F                     CCPTMRS1        equ	16223	;# 
  4392   003F60                     PWM8DC          equ	16224	;# 
  4393   003F60                     PWM8DCL         equ	16224	;# 
  4394   003F61                     PWM8DCH         equ	16225	;# 
  4395   003F62                     PWM8CON         equ	16226	;# 
  4396   003F64                     PWM7DC          equ	16228	;# 
  4397   003F64                     PWM7DCL         equ	16228	;# 
  4398   003F65                     PWM7DCH         equ	16229	;# 
  4399   003F66                     PWM7CON         equ	16230	;# 
  4400   003F68                     PWM6DC          equ	16232	;# 
  4401   003F68                     PWM6DCL         equ	16232	;# 
  4402   003F69                     PWM6DCH         equ	16233	;# 
  4403   003F6A                     PWM6CON         equ	16234	;# 
  4404   003F6C                     PWM5DC          equ	16236	;# 
  4405   003F6C                     PWM5DCL         equ	16236	;# 
  4406   003F6D                     PWM5DCH         equ	16237	;# 
  4407   003F6E                     PWM5CON         equ	16238	;# 
  4408   003F70                     CCPR4           equ	16240	;# 
  4409   003F70                     CCPR4L          equ	16240	;# 
  4410   003F71                     CCPR4H          equ	16241	;# 
  4411   003F72                     CCP4CON         equ	16242	;# 
  4412   003F73                     CCP4CAP         equ	16243	;# 
  4413   003F74                     CCPR3           equ	16244	;# 
  4414   003F74                     CCPR3L          equ	16244	;# 
  4415   003F75                     CCPR3H          equ	16245	;# 
  4416   003F76                     CCP3CON         equ	16246	;# 
  4417   003F77                     CCP3CAP         equ	16247	;# 
  4418   003F78                     CCPR2           equ	16248	;# 
  4419   003F78                     CCPR2L          equ	16248	;# 
  4420   003F79                     CCPR2H          equ	16249	;# 
  4421   003F7A                     CCP2CON         equ	16250	;# 
  4422   003F7B                     CCP2CAP         equ	16251	;# 
  4423   003F7C                     CCPR1           equ	16252	;# 
  4424   003F7C                     CCPR1L          equ	16252	;# 
  4425   003F7D                     CCPR1H          equ	16253	;# 
  4426   003F7E                     CCP1CON         equ	16254	;# 
  4427   003F7F                     CCP1CAP         equ	16255	;# 
  4428   003F92                     T6TMR           equ	16274	;# 
  4429   003F92                     TMR6            equ	16274	;# 
  4430   003F93                     T6PR            equ	16275	;# 
  4431   003F93                     PR6             equ	16275	;# 
  4432   003F94                     T6CON           equ	16276	;# 
  4433   003F95                     T6HLT           equ	16277	;# 
  4434   003F96                     T6CLKCON        equ	16278	;# 
  4435   003F96                     T6CLK           equ	16278	;# 
  4436   003F97                     T6RST           equ	16279	;# 
  4437   003F98                     TMR5            equ	16280	;# 
  4438   003F98                     TMR5L           equ	16280	;# 
  4439   003F99                     TMR5H           equ	16281	;# 
  4440   003F9A                     T5CON           equ	16282	;# 
  4441   003F9A                     TMR5CON         equ	16282	;# 
  4442   003F9B                     T5GCON          equ	16283	;# 
  4443   003F9B                     TMR5GCON        equ	16283	;# 
  4444   003F9C                     T5GATE          equ	16284	;# 
  4445   003F9C                     TMR5GATE        equ	16284	;# 
  4446   003F9D                     T5CLK           equ	16285	;# 
  4447   003F9D                     TMR5CLK         equ	16285	;# 
  4448   003F9D                     PR5             equ	16285	;# 
  4449   003F9E                     T4TMR           equ	16286	;# 
  4450   003F9E                     TMR4            equ	16286	;# 
  4451   003F9F                     T4PR            equ	16287	;# 
  4452   003F9F                     PR4             equ	16287	;# 
  4453   003FA0                     T4CON           equ	16288	;# 
  4454   003FA1                     T4HLT           equ	16289	;# 
  4455   003FA2                     T4CLKCON        equ	16290	;# 
  4456   003FA2                     T4CLK           equ	16290	;# 
  4457   003FA3                     T4RST           equ	16291	;# 
  4458   003FA4                     TMR3            equ	16292	;# 
  4459   003FA4                     TMR3L           equ	16292	;# 
  4460   003FA5                     TMR3H           equ	16293	;# 
  4461   003FA6                     T3CON           equ	16294	;# 
  4462   003FA6                     TMR3CON         equ	16294	;# 
  4463   003FA7                     T3GCON          equ	16295	;# 
  4464   003FA7                     TMR3GCON        equ	16295	;# 
  4465   003FA8                     T3GATE          equ	16296	;# 
  4466   003FA8                     TMR3GATE        equ	16296	;# 
  4467   003FA9                     T3CLK           equ	16297	;# 
  4468   003FA9                     TMR3CLK         equ	16297	;# 
  4469   003FA9                     PR3             equ	16297	;# 
  4470   003FAA                     T2TMR           equ	16298	;# 
  4471   003FAA                     TMR2            equ	16298	;# 
  4472   003FAB                     T2PR            equ	16299	;# 
  4473   003FAB                     PR2             equ	16299	;# 
  4474   003FAC                     T2CON           equ	16300	;# 
  4475   003FAD                     T2HLT           equ	16301	;# 
  4476   003FAE                     T2CLKCON        equ	16302	;# 
  4477   003FAE                     T2CLK           equ	16302	;# 
  4478   003FAF                     T2RST           equ	16303	;# 
  4479   003FB0                     TMR1            equ	16304	;# 
  4480   003FB0                     TMR1L           equ	16304	;# 
  4481   003FB1                     TMR1H           equ	16305	;# 
  4482   003FB2                     T1CON           equ	16306	;# 
  4483   003FB2                     TMR1CON         equ	16306	;# 
  4484   003FB3                     T1GCON          equ	16307	;# 
  4485   003FB3                     TMR1GCON        equ	16307	;# 
  4486   003FB4                     T1GATE          equ	16308	;# 
  4487   003FB4                     TMR1GATE        equ	16308	;# 
  4488   003FB5                     T1CLK           equ	16309	;# 
  4489   003FB5                     TMR1CLK         equ	16309	;# 
  4490   003FB5                     PR1             equ	16309	;# 
  4491   003FB6                     TMR0L           equ	16310	;# 
  4492   003FB6                     TMR0            equ	16310	;# 
  4493   003FB7                     TMR0H           equ	16311	;# 
  4494   003FB7                     PR0             equ	16311	;# 
  4495   003FB8                     T0CON0          equ	16312	;# 
  4496   003FB9                     T0CON1          equ	16313	;# 
  4497   003FBA                     LATA            equ	16314	;# 
  4498   003FBB                     LATB            equ	16315	;# 
  4499   003FBC                     LATC            equ	16316	;# 
  4500   003FBD                     LATD            equ	16317	;# 
  4501   003FBE                     LATE            equ	16318	;# 
  4502   003FC2                     TRISA           equ	16322	;# 
  4503   003FC3                     TRISB           equ	16323	;# 
  4504   003FC4                     TRISC           equ	16324	;# 
  4505   003FC5                     TRISD           equ	16325	;# 
  4506   003FC6                     TRISE           equ	16326	;# 
  4507   003FCA                     PORTA           equ	16330	;# 
  4508   003FCB                     PORTB           equ	16331	;# 
  4509   003FCC                     PORTC           equ	16332	;# 
  4510   003FCD                     PORTD           equ	16333	;# 
  4511   003FCE                     PORTE           equ	16334	;# 
  4512   003FD2                     INTCON0         equ	16338	;# 
  4513   003FD3                     INTCON1         equ	16339	;# 
  4514   003FD4                     IVTLOCK         equ	16340	;# 
  4515   003FD5                     IVTBASE         equ	16341	;# 
  4516   003FD5                     IVTBASEL        equ	16341	;# 
  4517   003FD6                     IVTBASEH        equ	16342	;# 
  4518   003FD7                     IVTBASEU        equ	16343	;# 
  4519   003FD8                     STATUS          equ	16344	;# 
  4520   003FD9                     FSR2            equ	16345	;# 
  4521   003FD9                     FSR2L           equ	16345	;# 
  4522   003FDA                     FSR2H           equ	16346	;# 
  4523   003FDB                     PLUSW2          equ	16347	;# 
  4524   003FDC                     PREINC2         equ	16348	;# 
  4525   003FDD                     POSTDEC2        equ	16349	;# 
  4526   003FDE                     POSTINC2        equ	16350	;# 
  4527   003FDF                     INDF2           equ	16351	;# 
  4528   003FE0                     BSR             equ	16352	;# 
  4529   003FE1                     FSR1            equ	16353	;# 
  4530   003FE1                     FSR1L           equ	16353	;# 
  4531   003FE2                     FSR1H           equ	16354	;# 
  4532   003FE3                     PLUSW1          equ	16355	;# 
  4533   003FE4                     PREINC1         equ	16356	;# 
  4534   003FE5                     POSTDEC1        equ	16357	;# 
  4535   003FE6                     POSTINC1        equ	16358	;# 
  4536   003FE7                     INDF1           equ	16359	;# 
  4537   003FE8                     WREG            equ	16360	;# 
  4538   003FE9                     FSR0            equ	16361	;# 
  4539   003FE9                     FSR0L           equ	16361	;# 
  4540   003FEA                     FSR0H           equ	16362	;# 
  4541   003FEB                     PLUSW0          equ	16363	;# 
  4542   003FEC                     PREINC0         equ	16364	;# 
  4543   003FED                     POSTDEC0        equ	16365	;# 
  4544   003FEE                     POSTINC0        equ	16366	;# 
  4545   003FEF                     INDF0           equ	16367	;# 
  4546   003FF0                     PCON0           equ	16368	;# 
  4547   003FF1                     PCON1           equ	16369	;# 
  4548   003FF3                     PROD            equ	16371	;# 
  4549   003FF3                     PRODL           equ	16371	;# 
  4550   003FF4                     PRODH           equ	16372	;# 
  4551   003FF5                     TABLAT          equ	16373	;# 
  4552   003FF6                     TBLPTR          equ	16374	;# 
  4553   003FF6                     TBLPTRL         equ	16374	;# 
  4554   003FF7                     TBLPTRH         equ	16375	;# 
  4555   003FF8                     TBLPTRU         equ	16376	;# 
  4556   003FF9                     PCLAT           equ	16377	;# 
  4557   003FF9                     PCL             equ	16377	;# 
  4558   003FFA                     PCLATH          equ	16378	;# 
  4559   003FFB                     PCLATU          equ	16379	;# 
  4560   003FFC                     STKPTR          equ	16380	;# 
  4561   003FFD                     TOS             equ	16381	;# 
  4562   003FFD                     TOSL            equ	16381	;# 
  4563   003FFE                     TOSH            equ	16382	;# 
  4564   003FFF                     TOSU            equ	16383	;# 
  4565                           
  4566 ;; Function _INT0_DefaultInterruptHandler is unused but had its address taken
  4567   000000                     _INT0_DefaultInterruptHandler equ	0
  4568                           
  4569 ;; Function _INT1_DefaultInterruptHandler is unused but had its address taken
  4570   000000                     _INT1_DefaultInterruptHandler equ	0
  4571                           
  4572 ;; Function _INT2_DefaultInterruptHandler is unused but had its address taken
  4573   000000                     _INT2_DefaultInterruptHandler equ	0
  4574                           
  4575 ;; Function _UART2_Deinitialize is unused but had its address taken
  4576   000000                     _UART2_Deinitialize equ	0
  4577                           
  4578 ;; Function _UART2_TransmitEnable is unused but had its address taken
  4579   000000                     _UART2_TransmitEnable equ	0
  4580                           
  4581 ;; Function _UART2_TransmitDisable is unused but had its address taken
  4582   000000                     _UART2_TransmitDisable equ	0
  4583                           
  4584 ;; Function _UART2_AutoBaudSet is unused but had its address taken
  4585   000000                     _UART2_AutoBaudSet equ	0
  4586                           
  4587 ;; Function _UART2_AutoBaudQuery is unused but had its address taken
  4588   000000                     _UART2_AutoBaudQuery equ	0
  4589                           
  4590 ;; Function _UART2_IsRxReady is unused but had its address taken
  4591   000000                     _UART2_IsRxReady equ	0
  4592                           
  4593 ;; Function _UART2_IsTxDone is unused but had its address taken
  4594   000000                     _UART2_IsTxDone equ	0
  4595                           
  4596 ;; Function _UART2_ErrorGet is unused but had its address taken
  4597   000000                     _UART2_ErrorGet equ	0
  4598                           
  4599 ;; Function _UART2_Read is unused but had its address taken
  4600   000000                     _UART2_Read     equ	0
  4601                           
  4602 ;; Function _UART2_DefaultFramingErrorCallback is unused but had its address taken
  4603   000000                     _UART2_DefaultFramingErrorCallback equ	0
  4604                           
  4605 ;; Function _UART2_DefaultOverrunErrorCallback is unused but had its address taken
  4606   000000                     _UART2_DefaultOverrunErrorCallback equ	0
  4607                           
  4608 ;; Function _UART2_DefaultParityErrorCallback is unused but had its address taken
  4609   000000                     _UART2_DefaultParityErrorCallback equ	0
  4610                           
  4611                           	psect	smallconst
  4612   002000                     __psmallconst:
  4613                           	callstack 0
  4614   002000  00                 	db	0
  4615   002001                     _UART2:
  4616                           	callstack 0
  4617   002001  76                 	db	low _UART2_Initialize
  4618   002002  26                 	db	high _UART2_Initialize
  4619   002003  00                 	db	low (_UART2_Initialize shr (0+16))
  4620   002004  00                 	db	0
  4621   002005  00                 	db	0
  4622   002006  00                 	db	0
  4623   002007  00                 	db	0
  4624   002008  00                 	db	0
  4625   002009  00                 	db	0
  4626   00200A  C8                 	db	low _UART2_Write
  4627   00200B  28                 	db	high _UART2_Write
  4628   00200C  00                 	db	low (_UART2_Write shr (0+16))
  4629   00200D  00                 	db	0
  4630   00200E  00                 	db	0
  4631   00200F  00                 	db	0
  4632   002010  94                 	db	low _UART2_IsTxReady
  4633   002011  27                 	db	high _UART2_IsTxReady
  4634   002012  00                 	db	low (_UART2_IsTxReady shr (0+16))
  4635   002013  00                 	db	0
  4636   002014  00                 	db	0
  4637   002015  00                 	db	0
  4638   002016  00                 	db	0
  4639   002017  00                 	db	0
  4640   002018  00                 	db	0
  4641   002019  00                 	db	0
  4642   00201A  00                 	db	0
  4643   00201B  00                 	db	0
  4644   00201C  00                 	db	0
  4645   00201D  00                 	db	0
  4646   00201E  00                 	db	0
  4647   00201F  00                 	db	0
  4648   002020  00                 	db	0
  4649   002021  00                 	db	0
  4650   002022  00                 	db	0
  4651   002023  00                 	db	0
  4652   002024  00                 	db	0
  4653   002025  00                 	db	0
  4654   002026  00                 	db	0
  4655   002027  00                 	db	0
  4656   002028  00                 	db	0
  4657   002029  00                 	db	0
  4658   00202A  00                 	db	0
  4659   00202B  00                 	db	0
  4660   00202C  00                 	db	0
  4661   00202D  00                 	db	0
  4662   00202E  00                 	db	0
  4663   00202F  00                 	db	0
  4664   002030  00                 	db	0
  4665   002031  00                 	db	0
  4666   002032  00                 	db	0
  4667   002033  00                 	db	0
  4668   002034  00                 	db	0
  4669   002035  00                 	db	0
  4670   002036  00                 	db	0
  4671   002037  00                 	db	0
  4672   002038  00                 	db	0
  4673   002039  00                 	db	0
  4674   00203A  00                 	db	0
  4675   00203B  00                 	db	0
  4676   00203C  00                 	db	0
  4677   00203D  00                 	db	low _UART2_FramingErrorCallbackRegister
  4678   00203E  28                 	db	high _UART2_FramingErrorCallbackRegister
  4679   00203F  00                 	db	low (_UART2_FramingErrorCallbackRegister shr (0+16))
  4680   002040  DE                 	db	low _UART2_OverrunErrorCallbackRegister
  4681   002041  27                 	db	high _UART2_OverrunErrorCallbackRegister
  4682   002042  00                 	db	low (_UART2_OverrunErrorCallbackRegister shr (0+16))
  4683   002043  BC                 	db	low _UART2_ParityErrorCallbackRegister
  4684   002044  27                 	db	high _UART2_ParityErrorCallbackRegister
  4685   002045  00                 	db	low (_UART2_ParityErrorCallbackRegister shr (0+16))
  4686   002046  00                 	db	0
  4687   002047  00                 	db	0
  4688   002048  00                 	db	0
  4689   002049                     __end_of_UART2:
  4690                           	callstack 0
  4691   0039A7                     _PIR7bits       set	14759
  4692   0039A5                     _PIR5bits       set	14757
  4693   0039A1                     _PIR1bits       set	14753
  4694   0039DE                     _OSCTUNE        set	14814
  4695   0039DF                     _OSCFRQ         set	14815
  4696   0039DD                     _OSCEN          set	14813
  4697   0039DB                     _OSCCON3        set	14811
  4698   0039D9                     _OSCCON1        set	14809
  4699   003A87                     _IOCEF          set	14983
  4700   003A86                     _IOCEN          set	14982
  4701   003A85                     _IOCEP          set	14981
  4702   003A67                     _IOCCF          set	14951
  4703   003A66                     _IOCCN          set	14950
  4704   003A65                     _IOCCP          set	14949
  4705   003A57                     _IOCBF          set	14935
  4706   003A56                     _IOCBN          set	14934
  4707   003A55                     _IOCBP          set	14933
  4708   003A47                     _IOCAF          set	14919
  4709   003A46                     _IOCAN          set	14918
  4710   003A45                     _IOCAP          set	14917
  4711   003A18                     _RD0PPS         set	14872
  4712   003AE8                     _U2RXPPS        set	15080
  4713   003A7B                     _RD1I2C         set	14971
  4714   003A7A                     _RD0I2C         set	14970
  4715   003A6B                     _RC4I2C         set	14955
  4716   003A6A                     _RC3I2C         set	14954
  4717   003A5B                     _RB2I2C         set	14939
  4718   003A5A                     _RB1I2C         set	14938
  4719   003A84                     _INLVLE         set	14980
  4720   003A74                     _INLVLD         set	14964
  4721   003A64                     _INLVLC         set	14948
  4722   003A54                     _INLVLB         set	14932
  4723   003A44                     _INLVLA         set	14916
  4724   003A83                     _SLRCONE        set	14979
  4725   003A73                     _SLRCOND        set	14963
  4726   003A63                     _SLRCONC        set	14947
  4727   003A53                     _SLRCONB        set	14931
  4728   003A43                     _SLRCONA        set	14915
  4729   003A81                     _WPUE           set	14977
  4730   003A71                     _WPUD           set	14961
  4731   003A61                     _WPUC           set	14945
  4732   003A51                     _WPUB           set	14929
  4733   003A41                     _WPUA           set	14913
  4734   003A80                     _ANSELE         set	14976
  4735   003A70                     _ANSELD         set	14960
  4736   003A60                     _ANSELC         set	14944
  4737   003A50                     _ANSELB         set	14928
  4738   003A40                     _ANSELA         set	14912
  4739   003A82                     _ODCONE         set	14978
  4740   003A72                     _ODCOND         set	14962
  4741   003A62                     _ODCONC         set	14946
  4742   003A52                     _ODCONB         set	14930
  4743   003A42                     _ODCONA         set	14914
  4744   003DDF                     _U2FIFObits     set	15839
  4745   003DE1                     _U2ERRIRbits    set	15841
  4746   003DE0                     _U2UIRbits      set	15840
  4747   003DDA                     _U2CON0bits     set	15834
  4748   003DDB                     _U2CON1bits     set	15835
  4749   003DD2                     _U2TXB          set	15826
  4750   003DD0                     _U2RXB          set	15824
  4751   003DE2                     _U2ERRIE        set	15842
  4752   003DE1                     _U2ERRIR        set	15841
  4753   003DE0                     _U2UIR          set	15840
  4754   003DDF                     _U2FIFO         set	15839
  4755   003DDE                     _U2BRGH         set	15838
  4756   003DDD                     _U2BRGL         set	15837
  4757   003DDC                     _U2CON2         set	15836
  4758   003DDB                     _U2CON1         set	15835
  4759   003DDA                     _U2CON0         set	15834
  4760   003DD8                     _U2P3L          set	15832
  4761   003DD6                     _U2P2L          set	15830
  4762   003DD4                     _U2P1L          set	15828
  4763   003FC6                     _TRISE          set	16326
  4764   003FC5                     _TRISD          set	16325
  4765   003FC4                     _TRISC          set	16324
  4766   003FC3                     _TRISB          set	16323
  4767   003FC2                     _TRISA          set	16322
  4768   003FBE                     _LATE           set	16318
  4769   003FBD                     _LATD           set	16317
  4770   003FBC                     _LATC           set	16316
  4771   003FBB                     _LATB           set	16315
  4772   003FBA                     _LATA           set	16314
  4773   003FD2                     _INTCON0bits    set	16338
  4774   002049                     STR_2:
  4775                           
  4776                           ; BSR set to: 57
  4777   002049  0D                 	db	13
  4778   00204A  0A                 	db	10
  4779   00204B  0D                 	db	13
  4780   00204C  0A                 	db	10
  4781   00204D  00                 	db	0
  4782   00204E                     STR_1:
  4783                           
  4784                           ; BSR set to: 57
  4785   00204E  25                 	db	37
  4786   00204F  64                 	db	100	;'d'
  4787   002050  20                 	db	32
  4788   002051  00                 	db	0
  4789   002052  00                 	db	0	; dummy byte at the end
  4790   002000                     __smallconst    set	__psmallconst
  4791   002000                     __mediumconst   set	__psmallconst
  4792   000003                     __activetblptr  equ	3
  4793                           
  4794                           ; #config settings
  4795                           
  4796                           	psect	cinit
  4797   002842                     __pcinit:
  4798                           	callstack 0
  4799   002842                     start_initialization:
  4800                           	callstack 0
  4801   002842                     __initialization:
  4802                           	callstack 0
  4803                           
  4804                           ; Clear objects allocated to BANK0 (32 bytes)
  4805   002842  EE00  F060         	lfsr	0,__pbssBANK0
  4806   002846  0E20               	movlw	32
  4807   002848                     clear_0:
  4808   002848  6AEE               	clrf	postinc0,c
  4809   00284A  06E8               	decf	wreg,f,c
  4810   00284C  E1FD               	bnz	clear_0
  4811                           
  4812                           ; Clear objects allocated to COMRAM (29 bytes)
  4813   00284E  EE00  F03A         	lfsr	0,__pbssCOMRAM
  4814   002852  0E1D               	movlw	29
  4815   002854                     clear_1:
  4816   002854  6AEE               	clrf	postinc0,c
  4817   002856  06E8               	decf	wreg,f,c
  4818   002858  E1FD               	bnz	clear_1
  4819   00285A                     end_of_initialization:
  4820                           	callstack 0
  4821   00285A                     __end_of__initialization:
  4822                           	callstack 0
  4823   00285A  0100               	movlb	0
  4824   00285C  EFE1  F011         	goto	_main	;jump to C main() function
  4825                           
  4826                           	psect	bssCOMRAM
  4827   00003A                     __pbssCOMRAM:
  4828                           	callstack 0
  4829   00003A                     _UART2_ParityErrorHandler:
  4830                           	callstack 0
  4831   00003A                     	ds	3
  4832   00003D                     _UART2_OverrunErrorHandler:
  4833                           	callstack 0
  4834   00003D                     	ds	3
  4835   000040                     _UART2_FramingErrorHandler:
  4836                           	callstack 0
  4837   000040                     	ds	3
  4838   000043                     _INT2_InterruptHandler:
  4839                           	callstack 0
  4840   000043                     	ds	3
  4841   000046                     _INT1_InterruptHandler:
  4842                           	callstack 0
  4843   000046                     	ds	3
  4844   000049                     _INT0_InterruptHandler:
  4845                           	callstack 0
  4846   000049                     	ds	3
  4847   00004C                     _width:
  4848                           	callstack 0
  4849   00004C                     	ds	2
  4850   00004E                     _prec:
  4851                           	callstack 0
  4852   00004E                     	ds	2
  4853   000050                     _uart2RxLastError:
  4854                           	callstack 0
  4855   000050                     	ds	2
  4856   000052                     _flags:
  4857                           	callstack 0
  4858   000052                     	ds	1
  4859   000053                     _seed:
  4860                           	callstack 0
  4861   000053                     	ds	4
  4862                           
  4863                           	psect	bssBANK0
  4864   000060                     __pbssBANK0:
  4865                           	callstack 0
  4866   000060                     _dbuf:
  4867                           	callstack 0
  4868   000060                     	ds	32
  4869                           
  4870                           	psect	cstackCOMRAM
  4871   000001                     __pcstackCOMRAM:
  4872                           	callstack 0
  4873   000001                     ?___awdiv:
  4874                           	callstack 0
  4875   000001                     ?___lmul:
  4876                           	callstack 0
  4877   000001                     _UART2_IsTxReady$745:
  4878                           	callstack 0
  4879   000001                     UART2_Write@txData:
  4880                           	callstack 0
  4881   000001                     ___awdiv@dividend:
  4882                           	callstack 0
  4883   000001                     INT0_SetInterruptHandler@InterruptHandler:
  4884                           	callstack 0
  4885   000001                     INT1_SetInterruptHandler@InterruptHandler:
  4886                           	callstack 0
  4887   000001                     INT2_SetInterruptHandler@InterruptHandler:
  4888                           	callstack 0
  4889   000001                     UART2_FramingErrorCallbackRegister@callbackHandler:
  4890                           	callstack 0
  4891   000001                     UART2_OverrunErrorCallbackRegister@callbackHandler:
  4892                           	callstack 0
  4893   000001                     UART2_ParityErrorCallbackRegister@callbackHandler:
  4894                           	callstack 0
  4895   000001                     ___lmul@multiplier:
  4896                           	callstack 0
  4897   000001                     
  4898                           ; 1 bytes @ 0x0
  4899   000001                     	ds	1
  4900   000002                     putch@txData:
  4901                           	callstack 0
  4902   000002                     
  4903                           ; 1 bytes @ 0x1
  4904   000002                     	ds	1
  4905   000003                     ___awdiv@divisor:
  4906                           	callstack 0
  4907   000003                     fputc@c:
  4908                           	callstack 0
  4909                           
  4910                           ; 2 bytes @ 0x2
  4911   000003                     	ds	1
  4912   000004                     
  4913                           ; 1 bytes @ 0x3
  4914   000004                     	ds	1
  4915   000005                     ___awdiv@counter:
  4916                           	callstack 0
  4917   000005                     fputc@fp:
  4918                           	callstack 0
  4919   000005                     ___lmul@multiplicand:
  4920                           	callstack 0
  4921   000005                     
  4922                           ; 1 bytes @ 0x4
  4923   000005                     	ds	1
  4924   000006                     ___awdiv@sign:
  4925                           	callstack 0
  4926                           
  4927                           ; 1 bytes @ 0x5
  4928   000006                     	ds	1
  4929   000007                     ___awdiv@quotient:
  4930                           	callstack 0
  4931   000007                     ??_fputc:
  4932                           
  4933                           ; 1 bytes @ 0x6
  4934   000007                     	ds	2
  4935   000009                     ___lmul@product:
  4936                           	callstack 0
  4937   000009                     
  4938                           ; 1 bytes @ 0x8
  4939   000009                     	ds	4
  4940   00000D                     ?_rand:
  4941                           	callstack 0
  4942                           
  4943                           ; 2 bytes @ 0xC
  4944   00000D                     	ds	2
  4945   00000F                     ??_rand:
  4946                           
  4947                           ; 1 bytes @ 0xE
  4948   00000F                     	ds	4
  4949   000013                     ?___awmod:
  4950                           	callstack 0
  4951   000013                     ___awmod@dividend:
  4952                           	callstack 0
  4953                           
  4954                           ; 2 bytes @ 0x12
  4955   000013                     	ds	2
  4956   000015                     ___awmod@divisor:
  4957                           	callstack 0
  4958                           
  4959                           ; 2 bytes @ 0x14
  4960   000015                     	ds	2
  4961   000017                     ___awmod@counter:
  4962                           	callstack 0
  4963   000017                     
  4964                           ; 1 bytes @ 0x16
  4965   000017                     	ds	1
  4966   000018                     ___awmod@sign:
  4967                           	callstack 0
  4968                           
  4969                           ; 1 bytes @ 0x17
  4970   000018                     	ds	1
  4971   000019                     ?_abs:
  4972                           	callstack 0
  4973   000019                     abs@a:
  4974                           	callstack 0
  4975                           
  4976                           ; 2 bytes @ 0x18
  4977   000019                     	ds	2
  4978   00001B                     ??_abs:
  4979                           
  4980                           ; 1 bytes @ 0x1A
  4981   00001B                     	ds	2
  4982   00001D                     vfpfcnvrt@fp:
  4983                           	callstack 0
  4984                           
  4985                           ; 2 bytes @ 0x1C
  4986   00001D                     	ds	2
  4987   00001F                     vfpfcnvrt@fmt:
  4988                           	callstack 0
  4989                           
  4990                           ; 1 bytes @ 0x1E
  4991   00001F                     	ds	1
  4992   000020                     vfpfcnvrt@ap:
  4993                           	callstack 0
  4994                           
  4995                           ; 1 bytes @ 0x1F
  4996   000020                     	ds	1
  4997   000021                     ??_vfpfcnvrt:
  4998                           
  4999                           ; 1 bytes @ 0x20
  5000   000021                     	ds	1
  5001   000022                     vfpfcnvrt@done:
  5002                           	callstack 0
  5003                           
  5004                           ; 1 bytes @ 0x21
  5005   000022                     	ds	1
  5006   000023                     vfpfcnvrt@cp:
  5007                           	callstack 0
  5008                           
  5009                           ; 1 bytes @ 0x22
  5010   000023                     	ds	1
  5011   000024                     vfpfcnvrt@convarg:
  5012                           	callstack 0
  5013                           
  5014                           ; 4 bytes @ 0x23
  5015   000024                     	ds	4
  5016   000028                     vfpfcnvrt@c:
  5017                           	callstack 0
  5018                           
  5019                           ; 1 bytes @ 0x27
  5020   000028                     	ds	1
  5021   000029                     ?_vfprintf:
  5022                           	callstack 0
  5023   000029                     vfprintf@fp:
  5024                           	callstack 0
  5025                           
  5026                           ; 2 bytes @ 0x28
  5027   000029                     	ds	2
  5028   00002B                     vfprintf@fmt:
  5029                           	callstack 0
  5030                           
  5031                           ; 1 bytes @ 0x2A
  5032   00002B                     	ds	1
  5033   00002C                     vfprintf@ap:
  5034                           	callstack 0
  5035                           
  5036                           ; 1 bytes @ 0x2B
  5037   00002C                     	ds	1
  5038   00002D                     vfprintf@cfmt:
  5039                           	callstack 0
  5040   00002D                     
  5041                           ; 1 bytes @ 0x2C
  5042   00002D                     	ds	1
  5043   00002E                     ?_printf:
  5044                           	callstack 0
  5045   00002E                     printf@fmt:
  5046                           	callstack 0
  5047                           
  5048                           ; 1 bytes @ 0x2D
  5049   00002E                     	ds	3
  5050   000031                     printf@ap:
  5051                           	callstack 0
  5052   000031                     
  5053                           ; 1 bytes @ 0x30
  5054   000031                     	ds	1
  5055   000032                     ??_main:
  5056                           
  5057                           ; 1 bytes @ 0x31
  5058   000032                     	ds	2
  5059   000034                     main@num:
  5060                           	callstack 0
  5061                           
  5062                           ; 2 bytes @ 0x33
  5063   000034                     	ds	2
  5064   000036                     main@i:
  5065                           	callstack 0
  5066                           
  5067                           ; 2 bytes @ 0x35
  5068   000036                     	ds	2
  5069   000038                     main@j:
  5070                           	callstack 0
  5071                           
  5072                           ; 2 bytes @ 0x37
  5073   000038                     	ds	2
  5074                           
  5075 ;;
  5076 ;;Main: autosize = 0, tempsize = 2, incstack = 0, save=0
  5077 ;;
  5078 ;; *************** function _main *****************
  5079 ;; Defined at:
  5080 ;;		line 42 in file "main.c"
  5081 ;; Parameters:    Size  Location     Type
  5082 ;;		None
  5083 ;; Auto vars:     Size  Location     Type
  5084 ;;  j               2   55[COMRAM] int 
  5085 ;;  i               2   53[COMRAM] int 
  5086 ;;  num             2   51[COMRAM] int 
  5087 ;; Return value:  Size  Location     Type
  5088 ;;                  2  302[None  ] int 
  5089 ;; Registers used:
  5090 ;;		wreg, fsr1l, fsr1h, fsr2l, fsr2h, status,2, status,0, tblptrl, tblptrh, tblptru, cstack
  5091 ;; Tracked objects:
  5092 ;;		On entry : 0/0
  5093 ;;		On exit  : 0/0
  5094 ;;		Unchanged: 0/0
  5095 ;; Data sizes:     COMRAM   BANK0   BANK1   BANK2   BANK3   BANK4   BANK5   BANK6   BANK7   BANK8   BANK9  BANK10  BANK1
      +1  BANK12  BANK13  BANK14  BANK15  BANK16  BANK17  BANK18  BANK19  BANK20  BANK21  BANK22  BANK23  BANK24  BANK25  BANK2
      +6  BANK27  BANK28  BANK29  BANK30  BANK31
  5096 ;;      Params:         0       0       0       0       0       0       0       0       0       0       0       0       
      +0       0       0       0       0       0       0       0       0       0       0       0       0       0       0       
      +0       0       0       0       0       0
  5097 ;;      Locals:         6       0       0       0       0       0       0       0       0       0       0       0       
      +0       0       0       0       0       0       0       0       0       0       0       0       0       0       0       
      +0       0       0       0       0       0
  5098 ;;      Temps:          2       0       0       0       0       0       0       0       0       0       0       0       
      +0       0       0       0       0       0       0       0       0       0       0       0       0       0       0       
      +0       0       0       0       0       0
  5099 ;;      Totals:         8       0       0       0       0       0       0       0       0       0       0       0       
      +0       0       0       0       0       0       0       0       0       0       0       0       0       0       0       
      +0       0       0       0       0       0
  5100 ;;Total ram usage:        8 bytes
  5101 ;; Hardware stack levels required when called: 6
  5102 ;; This function calls:
  5103 ;;		_SYSTEM_Initialize
  5104 ;;		_UART2_Initialize
  5105 ;;		___awmod
  5106 ;;		_printf
  5107 ;;		_rand
  5108 ;; This function is called by:
  5109 ;;		Startup code after reset
  5110 ;; This function uses a non-reentrant model
  5111 ;;
  5112                           
  5113                           	psect	text0
  5114   0023C2                     __ptext0:
  5115                           	callstack 0
  5116   0023C2                     _main:
  5117                           	callstack 25
  5118   0023C2                     
  5119                           ;main.c: 44:     SYSTEM_Initialize();
  5120   0023C2  EC3D  F014         	call	_SYSTEM_Initialize	;wreg free
  5121                           
  5122                           ;main.c: 45:     UART2_Initialize();
  5123   0023C6  EC3B  F013         	call	_UART2_Initialize	;wreg free
  5124   0023CA                     l2018:
  5125                           
  5126                           ;main.c: 50:     {;main.c: 51:         for (int i = 0; i < 30; i++)
  5127   0023CA  6A37               	clrf	(main@i+1)^0,c
  5128   0023CC  0E00               	movlw	0
  5129   0023CE  6E36               	movwf	main@i^0,c
  5130   0023D0                     l2024:
  5131                           
  5132                           ;main.c: 52:         {;main.c: 53:             num = (rand() % 100) + 1;
  5133   0023D0  ECD0  F012         	call	_rand	;wreg free
  5134   0023D4  C00D  F013         	movff	?_rand,___awmod@dividend
  5135   0023D8  C00E  F014         	movff	?_rand+1,___awmod@dividend+1
  5136   0023DC  6A16               	clrf	(___awmod@divisor+1)^0,c
  5137   0023DE  0E64               	movlw	100
  5138   0023E0  6E15               	movwf	___awmod@divisor^0,c
  5139   0023E2  EC38  F012         	call	___awmod	;wreg free
  5140   0023E6  0E01               	movlw	1
  5141   0023E8  2413               	addwf	?___awmod^0,w,c
  5142   0023EA  6E34               	movwf	main@num^0,c
  5143   0023EC  0E00               	movlw	0
  5144   0023EE  2014               	addwfc	(?___awmod+1)^0,w,c
  5145   0023F0  6E35               	movwf	(main@num+1)^0,c
  5146   0023F2                     
  5147                           ;main.c: 55:             printf("%d ", num);
  5148   0023F2  0E4E               	movlw	low STR_1
  5149   0023F4  6E2E               	movwf	printf@fmt^0,c
  5150   0023F6  C034  F02F         	movff	main@num,?_printf+1
  5151   0023FA  C035  F030         	movff	main@num+1,?_printf+2
  5152   0023FE  EC30  F014         	call	_printf	;wreg free
  5153   002402                     
  5154                           ;main.c: 56:         }
  5155   002402  4A36               	infsnz	main@i^0,f,c
  5156   002404  2A37               	incf	(main@i+1)^0,f,c
  5157   002406  BE37               	btfsc	(main@i+1)^0,7,c
  5158   002408  EF0F  F012         	goto	u961
  5159   00240C  5037               	movf	(main@i+1)^0,w,c
  5160   00240E  E109               	bnz	u960
  5161   002410  0E1E               	movlw	30
  5162   002412  5C36               	subwf	main@i^0,w,c
  5163   002414  A0D8               	btfss	status,0,c
  5164   002416  EF0F  F012         	goto	u961
  5165   00241A  EF11  F012         	goto	u960
  5166   00241E                     u961:
  5167   00241E  EFE8  F011         	goto	l2024
  5168   002422                     u960:
  5169   002422                     
  5170                           ;main.c: 58:         printf("\r\n\r\n");
  5171   002422  0E49               	movlw	low STR_2
  5172   002424  6E2E               	movwf	printf@fmt^0,c
  5173   002426  EC30  F014         	call	_printf	;wreg free
  5174   00242A                     
  5175                           ;main.c: 60:         for (int j = 0; j < 10; j++)
  5176   00242A  6A39               	clrf	(main@j+1)^0,c
  5177   00242C  0E00               	movlw	0
  5178   00242E  6E38               	movwf	main@j^0,c
  5179   002430                     l2040:
  5180                           
  5181                           ;main.c: 61:         {;main.c: 62:             _delay((unsigned long)((1000)*(64000000U/
      +                          4000.0)));
  5182   002430  0E52               	movlw	82
  5183   002432  6E33               	movwf	(??_main+1)^0,c
  5184   002434  0E2B               	movlw	43
  5185   002436  6E32               	movwf	??_main^0,c
  5186   002438  0E00               	movlw	0
  5187   00243A                     u987:
  5188   00243A  2EE8               	decfsz	wreg,f,c
  5189   00243C  D7FE               	bra	u987
  5190   00243E  2E32               	decfsz	??_main^0,f,c
  5191   002440  D7FC               	bra	u987
  5192   002442  2E33               	decfsz	(??_main+1)^0,f,c
  5193   002444  D7FA               	bra	u987
  5194   002446  D000               	nop2	
  5195   002448                     
  5196                           ;main.c: 63:         }
  5197   002448  4A38               	infsnz	main@j^0,f,c
  5198   00244A  2A39               	incf	(main@j+1)^0,f,c
  5199   00244C  BE39               	btfsc	(main@j+1)^0,7,c
  5200   00244E  EF32  F012         	goto	u971
  5201   002452  5039               	movf	(main@j+1)^0,w,c
  5202   002454  E109               	bnz	u970
  5203   002456  0E0A               	movlw	10
  5204   002458  5C38               	subwf	main@j^0,w,c
  5205   00245A  A0D8               	btfss	status,0,c
  5206   00245C  EF32  F012         	goto	u971
  5207   002460  EF34  F012         	goto	u970
  5208   002464                     u971:
  5209   002464  EF18  F012         	goto	l2040
  5210   002468                     u970:
  5211   002468  EFE5  F011         	goto	l2018
  5212   00246C  EFFE  F0FF         	goto	start
  5213   002470                     __end_of_main:
  5214                           	callstack 0
  5215                           
  5216 ;; *************** function _rand *****************
  5217 ;; Defined at:
  5218 ;;		line 11 in file "/Applications/microchip/xc8/v3.10/pic/sources/c99/common/rand.c"
  5219 ;; Parameters:    Size  Location     Type
  5220 ;;		None
  5221 ;; Auto vars:     Size  Location     Type
  5222 ;;		None
  5223 ;; Return value:  Size  Location     Type
  5224 ;;                  2   12[COMRAM] int 
  5225 ;; Registers used:
  5226 ;;		wreg, status,2, status,0, cstack
  5227 ;; Tracked objects:
  5228 ;;		On entry : 0/0
  5229 ;;		On exit  : 0/0
  5230 ;;		Unchanged: 0/0
  5231 ;; Data sizes:     COMRAM   BANK0   BANK1   BANK2   BANK3   BANK4   BANK5   BANK6   BANK7   BANK8   BANK9  BANK10  BANK1
      +1  BANK12  BANK13  BANK14  BANK15  BANK16  BANK17  BANK18  BANK19  BANK20  BANK21  BANK22  BANK23  BANK24  BANK25  BANK2
      +6  BANK27  BANK28  BANK29  BANK30  BANK31
  5232 ;;      Params:         2       0       0       0       0       0       0       0       0       0       0       0       
      +0       0       0       0       0       0       0       0       0       0       0       0       0       0       0       
      +0       0       0       0       0       0
  5233 ;;      Locals:         0       0       0       0       0       0       0       0       0       0       0       0       
      +0       0       0       0       0       0       0       0       0       0       0       0       0       0       0       
      +0       0       0       0       0       0
  5234 ;;      Temps:          4       0       0       0       0       0       0       0       0       0       0       0       
      +0       0       0       0       0       0       0       0       0       0       0       0       0       0       0       
      +0       0       0       0       0       0
  5235 ;;      Totals:         6       0       0       0       0       0       0       0       0       0       0       0       
      +0       0       0       0       0       0       0       0       0       0       0       0       0       0       0       
      +0       0       0       0       0       0
  5236 ;;Total ram usage:        6 bytes
  5237 ;; Hardware stack levels used: 1
  5238 ;; Hardware stack levels required when called: 1
  5239 ;; This function calls:
  5240 ;;		___lmul
  5241 ;; This function is called by:
  5242 ;;		_main
  5243 ;; This function uses a non-reentrant model
  5244 ;;
  5245                           
  5246                           	psect	text1
  5247   0025A0                     __ptext1:
  5248                           	callstack 0
  5249   0025A0                     _rand:
  5250                           	callstack 29
  5251   0025A0  C053  F001         	movff	_seed,___lmul@multiplier
  5252   0025A4  C054  F002         	movff	_seed+1,___lmul@multiplier+1
  5253   0025A8  C055  F003         	movff	_seed+2,___lmul@multiplier+2
  5254   0025AC  C056  F004         	movff	_seed+3,___lmul@multiplier+3
  5255   0025B0  0E2D               	movlw	45
  5256   0025B2  6E05               	movwf	___lmul@multiplicand^0,c
  5257   0025B4  0E7F               	movlw	127
  5258   0025B6  6E06               	movwf	(___lmul@multiplicand+1)^0,c
  5259   0025B8  0E95               	movlw	149
  5260   0025BA  6E07               	movwf	(___lmul@multiplicand+2)^0,c
  5261   0025BC  0E4C               	movlw	76
  5262   0025BE  6E08               	movwf	(___lmul@multiplicand+3)^0,c
  5263   0025C0  EC06  F013         	call	___lmul	;wreg free
  5264   0025C4  0E01               	movlw	1
  5265   0025C6  2401               	addwf	?___lmul^0,w,c
  5266   0025C8  6E53               	movwf	_seed^0,c
  5267   0025CA  0E00               	movlw	0
  5268   0025CC  2002               	addwfc	(?___lmul+1)^0,w,c
  5269   0025CE  6E54               	movwf	(_seed+1)^0,c
  5270   0025D0  0E00               	movlw	0
  5271   0025D2  2003               	addwfc	(?___lmul+2)^0,w,c
  5272   0025D4  6E55               	movwf	(_seed+2)^0,c
  5273   0025D6  0E00               	movlw	0
  5274   0025D8  2004               	addwfc	(?___lmul+3)^0,w,c
  5275   0025DA  6E56               	movwf	(_seed+3)^0,c
  5276   0025DC  C053  F00F         	movff	_seed,??_rand
  5277   0025E0  C054  F010         	movff	_seed+1,??_rand+1
  5278   0025E4  C055  F011         	movff	_seed+2,??_rand+2
  5279   0025E8  C056  F012         	movff	_seed+3,??_rand+3
  5280   0025EC  0E12               	movlw	18
  5281   0025EE  EFFE  F012         	goto	u950
  5282   0025F2                     u955:
  5283   0025F2  90D8               	bcf	status,0,c
  5284   0025F4  3212               	rrcf	(??_rand+3)^0,f,c
  5285   0025F6  3211               	rrcf	(??_rand+2)^0,f,c
  5286   0025F8  3210               	rrcf	(??_rand+1)^0,f,c
  5287   0025FA  320F               	rrcf	??_rand^0,f,c
  5288   0025FC                     u950:
  5289   0025FC  2EE8               	decfsz	wreg,f,c
  5290   0025FE  EFF9  F012         	goto	u955
  5291   002602  C00F  F00D         	movff	??_rand,?_rand
  5292   002606  C010  F00E         	movff	??_rand+1,?_rand+1
  5293   00260A  0012               	return		;funcret
  5294   00260C                     __end_of_rand:
  5295                           	callstack 0
  5296                           
  5297 ;; *************** function ___lmul *****************
  5298 ;; Defined at:
  5299 ;;		line 15 in file "/Applications/microchip/xc8/v3.10/pic/sources/c99/common/Umul32.c"
  5300 ;; Parameters:    Size  Location     Type
  5301 ;;  multiplier      4    0[COMRAM] unsigned long 
  5302 ;;  multiplicand    4    4[COMRAM] unsigned long 
  5303 ;; Auto vars:     Size  Location     Type
  5304 ;;  product         4    8[COMRAM] unsigned long 
  5305 ;; Return value:  Size  Location     Type
  5306 ;;                  4    0[COMRAM] unsigned long 
  5307 ;; Registers used:
  5308 ;;		wreg, status,2, status,0
  5309 ;; Tracked objects:
  5310 ;;		On entry : 0/0
  5311 ;;		On exit  : 0/0
  5312 ;;		Unchanged: 0/0
  5313 ;; Data sizes:     COMRAM   BANK0   BANK1   BANK2   BANK3   BANK4   BANK5   BANK6   BANK7   BANK8   BANK9  BANK10  BANK1
      +1  BANK12  BANK13  BANK14  BANK15  BANK16  BANK17  BANK18  BANK19  BANK20  BANK21  BANK22  BANK23  BANK24  BANK25  BANK2
      +6  BANK27  BANK28  BANK29  BANK30  BANK31
  5314 ;;      Params:         8       0       0       0       0       0       0       0       0       0       0       0       
      +0       0       0       0       0       0       0       0       0       0       0       0       0       0       0       
      +0       0       0       0       0       0
  5315 ;;      Locals:         4       0       0       0       0       0       0       0       0       0       0       0       
      +0       0       0       0       0       0       0       0       0       0       0       0       0       0       0       
      +0       0       0       0       0       0
  5316 ;;      Temps:          0       0       0       0       0       0       0       0       0       0       0       0       
      +0       0       0       0       0       0       0       0       0       0       0       0       0       0       0       
      +0       0       0       0       0       0
  5317 ;;      Totals:        12       0       0       0       0       0       0       0       0       0       0       0       
      +0       0       0       0       0       0       0       0       0       0       0       0       0       0       0       
      +0       0       0       0       0       0
  5318 ;;Total ram usage:       12 bytes
  5319 ;; Hardware stack levels used: 1
  5320 ;; This function calls:
  5321 ;;		Nothing
  5322 ;; This function is called by:
  5323 ;;		_rand
  5324 ;; This function uses a non-reentrant model
  5325 ;;
  5326                           
  5327                           	psect	text2
  5328   00260C                     __ptext2:
  5329                           	callstack 0
  5330   00260C                     ___lmul:
  5331                           	callstack 29
  5332   00260C  0E00               	movlw	0
  5333   00260E  6E09               	movwf	___lmul@product^0,c
  5334   002610  0E00               	movlw	0
  5335   002612  6E0A               	movwf	(___lmul@product+1)^0,c
  5336   002614  0E00               	movlw	0
  5337   002616  6E0B               	movwf	(___lmul@product+2)^0,c
  5338   002618  0E00               	movlw	0
  5339   00261A  6E0C               	movwf	(___lmul@product+3)^0,c
  5340   00261C                     l1980:
  5341   00261C  A001               	btfss	___lmul@multiplier^0,0,c
  5342   00261E  EF13  F013         	goto	u921
  5343   002622  EF15  F013         	goto	u920
  5344   002626                     u921:
  5345   002626  EF1D  F013         	goto	l1984
  5346   00262A                     u920:
  5347   00262A  5005               	movf	___lmul@multiplicand^0,w,c
  5348   00262C  2609               	addwf	___lmul@product^0,f,c
  5349   00262E  5006               	movf	(___lmul@multiplicand+1)^0,w,c
  5350   002630  220A               	addwfc	(___lmul@product+1)^0,f,c
  5351   002632  5007               	movf	(___lmul@multiplicand+2)^0,w,c
  5352   002634  220B               	addwfc	(___lmul@product+2)^0,f,c
  5353   002636  5008               	movf	(___lmul@multiplicand+3)^0,w,c
  5354   002638  220C               	addwfc	(___lmul@product+3)^0,f,c
  5355   00263A                     l1984:
  5356   00263A  90D8               	bcf	status,0,c
  5357   00263C  3605               	rlcf	___lmul@multiplicand^0,f,c
  5358   00263E  3606               	rlcf	(___lmul@multiplicand+1)^0,f,c
  5359   002640  3607               	rlcf	(___lmul@multiplicand+2)^0,f,c
  5360   002642  3608               	rlcf	(___lmul@multiplicand+3)^0,f,c
  5361   002644  90D8               	bcf	status,0,c
  5362   002646  3204               	rrcf	(___lmul@multiplier+3)^0,f,c
  5363   002648  3203               	rrcf	(___lmul@multiplier+2)^0,f,c
  5364   00264A  3202               	rrcf	(___lmul@multiplier+1)^0,f,c
  5365   00264C  3201               	rrcf	___lmul@multiplier^0,f,c
  5366   00264E  5001               	movf	___lmul@multiplier^0,w,c
  5367   002650  1002               	iorwf	(___lmul@multiplier+1)^0,w,c
  5368   002652  1003               	iorwf	(___lmul@multiplier+2)^0,w,c
  5369   002654  1004               	iorwf	(___lmul@multiplier+3)^0,w,c
  5370   002656  A4D8               	btfss	status,2,c
  5371   002658  EF30  F013         	goto	u931
  5372   00265C  EF32  F013         	goto	u930
  5373   002660                     u931:
  5374   002660  EF0E  F013         	goto	l1980
  5375   002664                     u930:
  5376   002664  C009  F001         	movff	___lmul@product,?___lmul
  5377   002668  C00A  F002         	movff	___lmul@product+1,?___lmul+1
  5378   00266C  C00B  F003         	movff	___lmul@product+2,?___lmul+2
  5379   002670  C00C  F004         	movff	___lmul@product+3,?___lmul+3
  5380   002674  0012               	return		;funcret
  5381   002676                     __end_of___lmul:
  5382                           	callstack 0
  5383                           
  5384 ;; *************** function _printf *****************
  5385 ;; Defined at:
  5386 ;;		line 5 in file "/Applications/microchip/xc8/v3.10/pic/sources/c99/common/printf.c"
  5387 ;; Parameters:    Size  Location     Type
  5388 ;;  fmt             1   45[COMRAM] PTR const unsigned char 
  5389 ;;		 -> STR_2(5), STR_1(4), 
  5390 ;; Auto vars:     Size  Location     Type
  5391 ;;  ret             2    0        int 
  5392 ;;  ap              1   48[COMRAM] PTR void [1]
  5393 ;;		 -> ?_printf(2), 
  5394 ;; Return value:  Size  Location     Type
  5395 ;;                  2   45[COMRAM] int 
  5396 ;; Registers used:
  5397 ;;		wreg, fsr1l, fsr1h, fsr2l, fsr2h, status,2, status,0, tblptrl, tblptrh, tblptru, cstack
  5398 ;; Tracked objects:
  5399 ;;		On entry : 0/0
  5400 ;;		On exit  : 0/0
  5401 ;;		Unchanged: 0/0
  5402 ;; Data sizes:     COMRAM   BANK0   BANK1   BANK2   BANK3   BANK4   BANK5   BANK6   BANK7   BANK8   BANK9  BANK10  BANK1
      +1  BANK12  BANK13  BANK14  BANK15  BANK16  BANK17  BANK18  BANK19  BANK20  BANK21  BANK22  BANK23  BANK24  BANK25  BANK2
      +6  BANK27  BANK28  BANK29  BANK30  BANK31
  5403 ;;      Params:         3       0       0       0       0       0       0       0       0       0       0       0       
      +0       0       0       0       0       0       0       0       0       0       0       0       0       0       0       
      +0       0       0       0       0       0
  5404 ;;      Locals:         1       0       0       0       0       0       0       0       0       0       0       0       
      +0       0       0       0       0       0       0       0       0       0       0       0       0       0       0       
      +0       0       0       0       0       0
  5405 ;;      Temps:          0       0       0       0       0       0       0       0       0       0       0       0       
      +0       0       0       0       0       0       0       0       0       0       0       0       0       0       0       
      +0       0       0       0       0       0
  5406 ;;      Totals:         4       0       0       0       0       0       0       0       0       0       0       0       
      +0       0       0       0       0       0       0       0       0       0       0       0       0       0       0       
      +0       0       0       0       0       0
  5407 ;;Total ram usage:        4 bytes
  5408 ;; Hardware stack levels used: 1
  5409 ;; Hardware stack levels required when called: 5
  5410 ;; This function calls:
  5411 ;;		_vfprintf
  5412 ;; This function is called by:
  5413 ;;		_main
  5414 ;; This function uses a non-reentrant model
  5415 ;;
  5416                           
  5417                           	psect	text3
  5418   002860                     __ptext3:
  5419                           	callstack 0
  5420   002860                     _printf:
  5421                           	callstack 25
  5422   002860  0E2F               	movlw	low (?_printf+1)
  5423   002862  6E31               	movwf	printf@ap^0,c
  5424   002864  0E00               	movlw	0
  5425   002866  6E29               	movwf	vfprintf@fp^0,c
  5426   002868  0E00               	movlw	0
  5427   00286A  6E2A               	movwf	(vfprintf@fp+1)^0,c
  5428   00286C  C02E  F02B         	movff	printf@fmt,vfprintf@fmt
  5429   002870  0E31               	movlw	low printf@ap
  5430   002872  6E2C               	movwf	vfprintf@ap^0,c
  5431   002874  EC6A  F013         	call	_vfprintf	;wreg free
  5432   002878  0012               	return		;funcret
  5433   00287A                     __end_of_printf:
  5434                           	callstack 0
  5435                           
  5436 ;; *************** function _vfprintf *****************
  5437 ;; Defined at:
  5438 ;;		line 1817 in file "/Applications/microchip/xc8/v3.10/pic/sources/c99/common/doprnt.c"
  5439 ;; Parameters:    Size  Location     Type
  5440 ;;  fp              2   40[COMRAM] PTR struct _IO_FILE
  5441 ;;		 -> NULL(0), 
  5442 ;;  fmt             1   42[COMRAM] PTR const unsigned char 
  5443 ;;		 -> STR_2(5), STR_1(4), 
  5444 ;;  ap              1   43[COMRAM] PTR PTR void 
  5445 ;;		 -> printf@ap(1), 
  5446 ;; Auto vars:     Size  Location     Type
  5447 ;;  cfmt            1   44[COMRAM] PTR unsigned char 
  5448 ;;		 -> STR_2(5), STR_1(4), 
  5449 ;; Return value:  Size  Location     Type
  5450 ;;                  2   40[COMRAM] int 
  5451 ;; Registers used:
  5452 ;;		wreg, fsr1l, fsr1h, fsr2l, fsr2h, status,2, status,0, tblptrl, tblptrh, tblptru, cstack
  5453 ;; Tracked objects:
  5454 ;;		On entry : 0/0
  5455 ;;		On exit  : 0/0
  5456 ;;		Unchanged: 0/0
  5457 ;; Data sizes:     COMRAM   BANK0   BANK1   BANK2   BANK3   BANK4   BANK5   BANK6   BANK7   BANK8   BANK9  BANK10  BANK1
      +1  BANK12  BANK13  BANK14  BANK15  BANK16  BANK17  BANK18  BANK19  BANK20  BANK21  BANK22  BANK23  BANK24  BANK25  BANK2
      +6  BANK27  BANK28  BANK29  BANK30  BANK31
  5458 ;;      Params:         4       0       0       0       0       0       0       0       0       0       0       0       
      +0       0       0       0       0       0       0       0       0       0       0       0       0       0       0       
      +0       0       0       0       0       0
  5459 ;;      Locals:         1       0       0       0       0       0       0       0       0       0       0       0       
      +0       0       0       0       0       0       0       0       0       0       0       0       0       0       0       
      +0       0       0       0       0       0
  5460 ;;      Temps:          0       0       0       0       0       0       0       0       0       0       0       0       
      +0       0       0       0       0       0       0       0       0       0       0       0       0       0       0       
      +0       0       0       0       0       0
  5461 ;;      Totals:         5       0       0       0       0       0       0       0       0       0       0       0       
      +0       0       0       0       0       0       0       0       0       0       0       0       0       0       0       
      +0       0       0       0       0       0
  5462 ;;Total ram usage:        5 bytes
  5463 ;; Hardware stack levels used: 1
  5464 ;; Hardware stack levels required when called: 4
  5465 ;; This function calls:
  5466 ;;		_vfpfcnvrt
  5467 ;; This function is called by:
  5468 ;;		_printf
  5469 ;; This function uses a non-reentrant model
  5470 ;;
  5471                           
  5472                           	psect	text4
  5473   0026D4                     __ptext4:
  5474                           	callstack 0
  5475   0026D4                     _vfprintf:
  5476                           	callstack 25
  5477   0026D4                     
  5478                           ;/Applications/microchip/xc8/v3.10/pic/sources/c99/common/doprnt.c: 1817: int vfprintf(F
      +                          ILE *fp, const char *fmt, va_list ap);/Applications/microchip/xc8/v3.10/pic/sources/c99/
      +                          common/doprnt.c: 1818: {;/Applications/microchip/xc8/v3.10/pic/sources/c99/common/doprnt
      +                          .c: 1820:     char *cfmt;;/Applications/microchip/xc8/v3.10/pic/sources/c99/common/doprn
      +                          t.c: 1822:     cfmt = (char *)fmt;
  5479   0026D4  C02B  F02D         	movff	vfprintf@fmt,vfprintf@cfmt
  5480                           
  5481                           ;/Applications/microchip/xc8/v3.10/pic/sources/c99/common/doprnt.c: 1826:     while (*cf
      +                          mt) {
  5482   0026D8  EF78  F013         	goto	l1992
  5483   0026DC                     l1990:
  5484                           
  5485                           ;/Applications/microchip/xc8/v3.10/pic/sources/c99/common/doprnt.c: 1830:    vfpfcnvrt(f
      +                          p, &cfmt, ap);
  5486   0026DC  C029  F01D         	movff	vfprintf@fp,vfpfcnvrt@fp
  5487   0026E0  C02A  F01E         	movff	vfprintf@fp+1,vfpfcnvrt@fp+1
  5488   0026E4  0E2D               	movlw	low vfprintf@cfmt
  5489   0026E6  6E1F               	movwf	vfpfcnvrt@fmt^0,c
  5490   0026E8  C02C  F020         	movff	vfprintf@ap,vfpfcnvrt@ap
  5491   0026EC  EC2A  F010         	call	_vfpfcnvrt	;wreg free
  5492   0026F0                     l1992:
  5493                           
  5494                           ;/Applications/microchip/xc8/v3.10/pic/sources/c99/common/doprnt.c: 1826:     while (*cf
      +                          mt) {
  5495   0026F0  0060  F0B7  FFF6   	movff	vfprintf@cfmt,tblptrl
  5496   0026F6                     	if	1	;There is more than 1 active tblptr byte
  5497   0026F6  0E20               	movlw	high __smallconst
  5498   0026F8  6EF7               	movwf	tblptrh,c
  5499   0026FA                     	endif
  5500   0026FA                     	if	0	;tblptru may be non-zero
  5501   0026FA                     	endif
  5502   0026FA                     	if	1	;Program memory is > 0xFFFF, there are 3 active tblptr bytes
  5503   0026FA  0E00               	movlw	low (__smallconst shr (0+16))
  5504   0026FC  6EF8               	movwf	tblptru,c
  5505   0026FE                     	endif
  5506   0026FE  0008               	tblrd		*
  5507   002700  50F5               	movf	tablat,w,c
  5508   002702  0900               	iorlw	0
  5509   002704  A4D8               	btfss	status,2,c
  5510   002706  EF87  F013         	goto	u941
  5511   00270A  EF89  F013         	goto	u940
  5512   00270E                     u941:
  5513   00270E  EF6E  F013         	goto	l1990
  5514   002712                     u940:
  5515   002712                     
  5516                           ;/Applications/microchip/xc8/v3.10/pic/sources/c99/common/doprnt.c: 1835:  return 0;
  5517   002712  6A2A               	clrf	(?_vfprintf+1)^0,c
  5518   002714  0E00               	movlw	0
  5519   002716  6E29               	movwf	?_vfprintf^0,c
  5520   002718  0012               	return		;funcret
  5521   00271A                     __end_of_vfprintf:
  5522                           	callstack 0
  5523                           
  5524 ;; *************** function _vfpfcnvrt *****************
  5525 ;; Defined at:
  5526 ;;		line 1177 in file "/Applications/microchip/xc8/v3.10/pic/sources/c99/common/doprnt.c"
  5527 ;; Parameters:    Size  Location     Type
  5528 ;;  fp              2   28[COMRAM] PTR struct _IO_FILE
  5529 ;;		 -> NULL(0), 
  5530 ;;  fmt             1   30[COMRAM] PTR PTR unsigned char 
  5531 ;;		 -> vfprintf@cfmt(1), 
  5532 ;;  ap              1   31[COMRAM] PTR PTR void 
  5533 ;;		 -> printf@ap(1), 
  5534 ;; Auto vars:     Size  Location     Type
  5535 ;;  convarg         4   35[COMRAM] struct .
  5536 ;;  c               1   39[COMRAM] unsigned char 
  5537 ;;  cp              1   34[COMRAM] PTR unsigned char 
  5538 ;;		 -> STR_2(5), STR_1(4), 
  5539 ;;  done            1   33[COMRAM] _Bool 
  5540 ;; Return value:  Size  Location     Type
  5541 ;;                  1    wreg      void 
  5542 ;; Registers used:
  5543 ;;		wreg, fsr1l, fsr1h, fsr2l, fsr2h, status,2, status,0, tblptrl, tblptrh, tblptru, cstack
  5544 ;; Tracked objects:
  5545 ;;		On entry : 0/0
  5546 ;;		On exit  : 0/0
  5547 ;;		Unchanged: 0/0
  5548 ;; Data sizes:     COMRAM   BANK0   BANK1   BANK2   BANK3   BANK4   BANK5   BANK6   BANK7   BANK8   BANK9  BANK10  BANK1
      +1  BANK12  BANK13  BANK14  BANK15  BANK16  BANK17  BANK18  BANK19  BANK20  BANK21  BANK22  BANK23  BANK24  BANK25  BANK2
      +6  BANK27  BANK28  BANK29  BANK30  BANK31
  5549 ;;      Params:         4       0       0       0       0       0       0       0       0       0       0       0       
      +0       0       0       0       0       0       0       0       0       0       0       0       0       0       0       
      +0       0       0       0       0       0
  5550 ;;      Locals:         7       0       0       0       0       0       0       0       0       0       0       0       
      +0       0       0       0       0       0       0       0       0       0       0       0       0       0       0       
      +0       0       0       0       0       0
  5551 ;;      Temps:          1       0       0       0       0       0       0       0       0       0       0       0       
      +0       0       0       0       0       0       0       0       0       0       0       0       0       0       0       
      +0       0       0       0       0       0
  5552 ;;      Totals:        12       0       0       0       0       0       0       0       0       0       0       0       
      +0       0       0       0       0       0       0       0       0       0       0       0       0       0       0       
      +0       0       0       0       0       0
  5553 ;;Total ram usage:       12 bytes
  5554 ;; Hardware stack levels used: 1
  5555 ;; Hardware stack levels required when called: 3
  5556 ;; This function calls:
  5557 ;;		___awdiv
  5558 ;;		___awmod
  5559 ;;		_abs
  5560 ;;		_fputc
  5561 ;; This function is called by:
  5562 ;;		_vfprintf
  5563 ;; This function uses a non-reentrant model
  5564 ;;
  5565                           
  5566                           	psect	text5
  5567   002054                     __ptext5:
  5568                           	callstack 0
  5569   002054                     _vfpfcnvrt:
  5570                           	callstack 25
  5571   002054                     
  5572                           ;/Applications/microchip/xc8/v3.10/pic/sources/c99/common/doprnt.c: 1177: vfpfcnvrt(FILE
      +                           *fp, char *fmt[], va_list ap);/Applications/microchip/xc8/v3.10/pic/sources/c99/common/
      +                          doprnt.c: 1178: {;/Applications/microchip/xc8/v3.10/pic/sources/c99/common/doprnt.c: 117
      +                          9:     char c, *cp;;/Applications/microchip/xc8/v3.10/pic/sources/c99/common/doprnt.c: 1
      +                          180:     _Bool done;;/Applications/microchip/xc8/v3.10/pic/sources/c99/common/doprnt.c: 
      +                          1188:  } convarg;;/Applications/microchip/xc8/v3.10/pic/sources/c99/common/doprnt.c: 120
      +                          1:     if ((*fmt)[0] == '%') {
  5573   002054  501F               	movf	vfpfcnvrt@fmt^0,w,c
  5574   002056  6ED9               	movwf	fsr2l,c
  5575   002058  6ADA               	clrf	fsr2h,c
  5576   00205A  006F FF7F FFF6     	movff	indf2,tblptrl
  5577   002060                     	if	1	;There is more than 1 active tblptr byte
  5578   002060  0E20               	movlw	high __smallconst
  5579   002062  6EF7               	movwf	tblptrh,c
  5580   002064                     	endif
  5581   002064                     	if	0	;tblptru may be non-zero
  5582   002064                     	endif
  5583   002064                     	if	1	;Program memory is > 0xFFFF, there are 3 active tblptr bytes
  5584   002064  0E00               	movlw	low (__smallconst shr (0+16))
  5585   002066  6EF8               	movwf	tblptru,c
  5586   002068                     	endif
  5587   002068  0008               	tblrd		*
  5588   00206A  50F5               	movf	tablat,w,c
  5589   00206C  0A25               	xorlw	37
  5590   00206E  A4D8               	btfss	status,2,c
  5591   002070  EF3C  F010         	goto	u821
  5592   002074  EF3E  F010         	goto	u820
  5593   002078                     u821:
  5594   002078  EFFE  F010         	goto	l1942
  5595   00207C                     u820:
  5596   00207C                     
  5597                           ;/Applications/microchip/xc8/v3.10/pic/sources/c99/common/doprnt.c: 1202:         ++*fmt
      +                          ;
  5598   00207C  501F               	movf	vfpfcnvrt@fmt^0,w,c
  5599   00207E  6ED9               	movwf	fsr2l,c
  5600   002080  6ADA               	clrf	fsr2h,c
  5601   002082  2ADF               	incf	indf2,f,c
  5602   002084                     
  5603                           ;/Applications/microchip/xc8/v3.10/pic/sources/c99/common/doprnt.c: 1204:         flags 
      +                          = width = 0;
  5604   002084  6A4D               	clrf	(_width+1)^0,c
  5605   002086  0E00               	movlw	0
  5606   002088  6E4C               	movwf	_width^0,c
  5607   00208A  C04C  F052         	movff	_width,_flags
  5608   00208E                     
  5609                           ;/Applications/microchip/xc8/v3.10/pic/sources/c99/common/doprnt.c: 1205:         prec =
      +                           -1;
  5610   00208E  684E               	setf	_prec^0,c
  5611   002090  684F               	setf	(_prec+1)^0,c
  5612   002092                     
  5613                           ;/Applications/microchip/xc8/v3.10/pic/sources/c99/common/doprnt.c: 1291:   cp = *fmt;
  5614   002092  501F               	movf	vfpfcnvrt@fmt^0,w,c
  5615   002094  6ED9               	movwf	fsr2l,c
  5616   002096  6ADA               	clrf	fsr2h,c
  5617   002098  50DF               	movf	indf2,w,c
  5618   00209A  6E23               	movwf	vfpfcnvrt@cp^0,c
  5619   00209C                     
  5620                           ;/Applications/microchip/xc8/v3.10/pic/sources/c99/common/doprnt.c: 1361:   if (*cp == '
      +                          d' || *cp == 'i') {
  5621   00209C  0060  F08F  FFF6   	movff	vfpfcnvrt@cp,tblptrl
  5622   0020A2                     	if	1	;There is more than 1 active tblptr byte
  5623   0020A2  0E20               	movlw	high __smallconst
  5624   0020A4  6EF7               	movwf	tblptrh,c
  5625   0020A6                     	endif
  5626   0020A6                     	if	0	;tblptru may be non-zero
  5627   0020A6                     	endif
  5628   0020A6                     	if	1	;Program memory is > 0xFFFF, there are 3 active tblptr bytes
  5629   0020A6  0E00               	movlw	low (__smallconst shr (0+16))
  5630   0020A8  6EF8               	movwf	tblptru,c
  5631   0020AA                     	endif
  5632   0020AA  0008               	tblrd		*
  5633   0020AC  50F5               	movf	tablat,w,c
  5634   0020AE  0A64               	xorlw	100
  5635   0020B0  B4D8               	btfsc	status,2,c
  5636   0020B2  EF5D  F010         	goto	u831
  5637   0020B6  EF5F  F010         	goto	u830
  5638   0020BA                     u831:
  5639   0020BA  EF70  F010         	goto	l1912
  5640   0020BE                     u830:
  5641   0020BE  0060  F08F  FFF6   	movff	vfpfcnvrt@cp,tblptrl
  5642   0020C4                     	if	1	;There is more than 1 active tblptr byte
  5643   0020C4  0E20               	movlw	high __smallconst
  5644   0020C6  6EF7               	movwf	tblptrh,c
  5645   0020C8                     	endif
  5646   0020C8                     	if	0	;tblptru may be non-zero
  5647   0020C8                     	endif
  5648   0020C8                     	if	1	;Program memory is > 0xFFFF, there are 3 active tblptr bytes
  5649   0020C8  0E00               	movlw	low (__smallconst shr (0+16))
  5650   0020CA  6EF8               	movwf	tblptru,c
  5651   0020CC                     	endif
  5652   0020CC  0008               	tblrd		*
  5653   0020CE  50F5               	movf	tablat,w,c
  5654   0020D0  0A69               	xorlw	105
  5655   0020D2  A4D8               	btfss	status,2,c
  5656   0020D4  EF6E  F010         	goto	u841
  5657   0020D8  EF70  F010         	goto	u840
  5658   0020DC                     u841:
  5659   0020DC  EFF8  F010         	goto	l1938
  5660   0020E0                     u840:
  5661   0020E0                     l1912:
  5662                           
  5663                           ;/Applications/microchip/xc8/v3.10/pic/sources/c99/common/doprnt.c: 1404:    convarg.sin
      +                          t = (vfpf_sint_t)(int)(*(int *)__va_arg(*(int **)ap, (int)0));
  5664   0020E0  5020               	movf	vfpfcnvrt@ap^0,w,c
  5665   0020E2  6ED9               	movwf	fsr2l,c
  5666   0020E4  6ADA               	clrf	fsr2h,c
  5667   0020E6  0E02               	movlw	2
  5668   0020E8  26DF               	addwf	indf2,f,c
  5669   0020EA  5CDF               	subwf	indf2,w,c
  5670   0020EC  6ED9               	movwf	fsr2l,c
  5671   0020EE  6ADA               	clrf	fsr2h,c
  5672   0020F0  006F FF78  F024    	movff	postinc2,vfpfcnvrt@convarg
  5673   0020F6  006F FF78  F025    	movff	postinc2,vfpfcnvrt@convarg+1
  5674   0020FC                     
  5675                           ;/Applications/microchip/xc8/v3.10/pic/sources/c99/common/doprnt.c: 1406:    *fmt = cp+1
      +                          ;
  5676   0020FC  501F               	movf	vfpfcnvrt@fmt^0,w,c
  5677   0020FE  6ED9               	movwf	fsr2l,c
  5678   002100  6ADA               	clrf	fsr2h,c
  5679   002102  2823               	incf	vfpfcnvrt@cp^0,w,c
  5680   002104  6EDF               	movwf	indf2,c
  5681   002106                     
  5682                           ;/Applications/microchip/xc8/v3.10/pic/sources/c99/common/doprnt.c: 1408:    c = sizeof(
      +                          dbuf);
  5683   002106  0E20               	movlw	32
  5684   002108  6E28               	movwf	vfpfcnvrt@c^0,c
  5685                           
  5686                           ;/Applications/microchip/xc8/v3.10/pic/sources/c99/common/doprnt.c: 1409:    done = conv
      +                          arg.sint < 0;
  5687   00210A  BE25               	btfsc	(vfpfcnvrt@convarg+1)^0,7,c
  5688   00210C  EF8A  F010         	goto	u851
  5689   002110  EF8D  F010         	goto	u850
  5690   002114                     u851:
  5691   002114  0E01               	movlw	1
  5692   002116  EF8E  F010         	goto	u860
  5693   00211A                     u850:
  5694   00211A  0E00               	movlw	0
  5695   00211C                     u860:
  5696   00211C  6E22               	movwf	vfpfcnvrt@done^0,c
  5697   00211E                     l1918:
  5698                           
  5699                           ;/Applications/microchip/xc8/v3.10/pic/sources/c99/common/doprnt.c: 1411:     dbuf[--c] 
      +                          = abs(convarg.sint % 10) + '0';
  5700   00211E  0628               	decf	vfpfcnvrt@c^0,f,c
  5701   002120  5028               	movf	vfpfcnvrt@c^0,w,c
  5702   002122  0F60               	addlw	low _dbuf
  5703   002124  6ED9               	movwf	fsr2l,c
  5704   002126  6ADA               	clrf	fsr2h,c
  5705   002128  C024  F013         	movff	vfpfcnvrt@convarg,___awmod@dividend
  5706   00212C  C025  F014         	movff	vfpfcnvrt@convarg+1,___awmod@dividend+1
  5707   002130  6A16               	clrf	(___awmod@divisor+1)^0,c
  5708   002132  0E0A               	movlw	10
  5709   002134  6E15               	movwf	___awmod@divisor^0,c
  5710   002136  EC38  F012         	call	___awmod	;wreg free
  5711   00213A  C013  F019         	movff	?___awmod,abs@a
  5712   00213E  C014  F01A         	movff	?___awmod+1,abs@a+1
  5713   002142  ECB0  F013         	call	_abs	;wreg free
  5714   002146  5019               	movf	?_abs^0,w,c
  5715   002148  0F30               	addlw	48
  5716   00214A  6EDF               	movwf	indf2,c
  5717   00214C                     
  5718                           ;/Applications/microchip/xc8/v3.10/pic/sources/c99/common/doprnt.c: 1412:     convarg.si
      +                          nt /= 10;
  5719   00214C  C024  F001         	movff	vfpfcnvrt@convarg,___awdiv@dividend
  5720   002150  C025  F002         	movff	vfpfcnvrt@convarg+1,___awdiv@dividend+1
  5721   002154  6A04               	clrf	(___awdiv@divisor+1)^0,c
  5722   002156  0E0A               	movlw	10
  5723   002158  6E03               	movwf	___awdiv@divisor^0,c
  5724   00215A  EC81  F011         	call	___awdiv	;wreg free
  5725   00215E  C001  F024         	movff	?___awdiv,vfpfcnvrt@convarg
  5726   002162  C002  F025         	movff	?___awdiv+1,vfpfcnvrt@convarg+1
  5727   002166                     
  5728                           ;/Applications/microchip/xc8/v3.10/pic/sources/c99/common/doprnt.c: 1416:    } while (co
      +                          nvarg.sint != 0 && c != 0);
  5729   002166  5024               	movf	vfpfcnvrt@convarg^0,w,c
  5730   002168  1025               	iorwf	(vfpfcnvrt@convarg+1)^0,w,c
  5731   00216A  B4D8               	btfsc	status,2,c
  5732   00216C  EFBA  F010         	goto	u871
  5733   002170  EFBC  F010         	goto	u870
  5734   002174                     u871:
  5735   002174  EFC4  F010         	goto	l1926
  5736   002178                     u870:
  5737   002178  5028               	movf	vfpfcnvrt@c^0,w,c
  5738   00217A  A4D8               	btfss	status,2,c
  5739   00217C  EFC2  F010         	goto	u881
  5740   002180  EFC4  F010         	goto	u880
  5741   002184                     u881:
  5742   002184  EF8F  F010         	goto	l1918
  5743   002188                     u880:
  5744   002188                     l1926:
  5745                           
  5746                           ;/Applications/microchip/xc8/v3.10/pic/sources/c99/common/doprnt.c: 1417:    if (c != 0 
      +                          && done) {
  5747   002188  5028               	movf	vfpfcnvrt@c^0,w,c
  5748   00218A  B4D8               	btfsc	status,2,c
  5749   00218C  EFCA  F010         	goto	u891
  5750   002190  EFCC  F010         	goto	u890
  5751   002194                     u891:
  5752   002194  EFED  F010         	goto	l1936
  5753   002198                     u890:
  5754   002198  5022               	movf	vfpfcnvrt@done^0,w,c
  5755   00219A  B4D8               	btfsc	status,2,c
  5756   00219C  EFD2  F010         	goto	u901
  5757   0021A0  EFD4  F010         	goto	u900
  5758   0021A4                     u901:
  5759   0021A4  EFED  F010         	goto	l1936
  5760   0021A8                     u900:
  5761   0021A8                     
  5762                           ;/Applications/microchip/xc8/v3.10/pic/sources/c99/common/doprnt.c: 1418:     dbuf[--c] 
      +                          = '-';
  5763   0021A8  0628               	decf	vfpfcnvrt@c^0,f,c
  5764   0021AA  5028               	movf	vfpfcnvrt@c^0,w,c
  5765   0021AC  0F60               	addlw	low _dbuf
  5766   0021AE  6ED9               	movwf	fsr2l,c
  5767   0021B0  6ADA               	clrf	fsr2h,c
  5768   0021B2  0E2D               	movlw	45
  5769   0021B4  6EDF               	movwf	indf2,c
  5770   0021B6  EFED  F010         	goto	l1936
  5771   0021BA                     l1932:
  5772                           
  5773                           ;/Applications/microchip/xc8/v3.10/pic/sources/c99/common/doprnt.c: 1424:     fputc(dbuf
      +                          [c++], fp);
  5774   0021BA  5028               	movf	vfpfcnvrt@c^0,w,c
  5775   0021BC  0F60               	addlw	low _dbuf
  5776   0021BE  6ED9               	movwf	fsr2l,c
  5777   0021C0  6ADA               	clrf	fsr2h,c
  5778   0021C2  50DF               	movf	indf2,w,c
  5779   0021C4  6E21               	movwf	??_vfpfcnvrt^0,c
  5780   0021C6  5021               	movf	??_vfpfcnvrt^0,w,c
  5781   0021C8  6E03               	movwf	fputc@c^0,c
  5782   0021CA  6A04               	clrf	(fputc@c+1)^0,c
  5783   0021CC  C01D  F005         	movff	vfpfcnvrt@fp,fputc@fp
  5784   0021D0  C01E  F006         	movff	vfpfcnvrt@fp+1,fputc@fp+1
  5785   0021D4  EC15  F011         	call	_fputc	;wreg free
  5786   0021D8  2A28               	incf	vfpfcnvrt@c^0,f,c
  5787   0021DA                     l1936:
  5788                           
  5789                           ;/Applications/microchip/xc8/v3.10/pic/sources/c99/common/doprnt.c: 1423:    while (c !=
      +                           sizeof(dbuf)) {
  5790   0021DA  0E20               	movlw	32
  5791   0021DC  1828               	xorwf	vfpfcnvrt@c^0,w,c
  5792   0021DE  A4D8               	btfss	status,2,c
  5793   0021E0  EFF4  F010         	goto	u911
  5794   0021E4  EFF6  F010         	goto	u910
  5795   0021E8                     u911:
  5796   0021E8  EFDD  F010         	goto	l1932
  5797   0021EC                     u910:
  5798   0021EC  EF14  F011         	goto	l1255
  5799   0021F0                     l1938:
  5800                           
  5801                           ;/Applications/microchip/xc8/v3.10/pic/sources/c99/common/doprnt.c: 1806:         ++*fmt
      +                          ;
  5802   0021F0  501F               	movf	vfpfcnvrt@fmt^0,w,c
  5803   0021F2  6ED9               	movwf	fsr2l,c
  5804   0021F4  6ADA               	clrf	fsr2h,c
  5805   0021F6  2ADF               	incf	indf2,f,c
  5806   0021F8  EF14  F011         	goto	l1255
  5807   0021FC                     l1942:
  5808                           
  5809                           ;/Applications/microchip/xc8/v3.10/pic/sources/c99/common/doprnt.c: 1811:     fputc((int
      +                          )(*fmt)[0], fp);
  5810   0021FC  501F               	movf	vfpfcnvrt@fmt^0,w,c
  5811   0021FE  6ED9               	movwf	fsr2l,c
  5812   002200  6ADA               	clrf	fsr2h,c
  5813   002202  006F FF7F FFF6     	movff	indf2,tblptrl
  5814   002208                     	if	1	;There is more than 1 active tblptr byte
  5815   002208  0E20               	movlw	high __smallconst
  5816   00220A  6EF7               	movwf	tblptrh,c
  5817   00220C                     	endif
  5818   00220C                     	if	0	;tblptru may be non-zero
  5819   00220C                     	endif
  5820   00220C                     	if	1	;Program memory is > 0xFFFF, there are 3 active tblptr bytes
  5821   00220C  0E00               	movlw	low (__smallconst shr (0+16))
  5822   00220E  6EF8               	movwf	tblptru,c
  5823   002210                     	endif
  5824   002210  0008               	tblrd		*
  5825   002212  50F5               	movf	tablat,w,c
  5826   002214  6E03               	movwf	fputc@c^0,c
  5827   002216  6A04               	clrf	(fputc@c+1)^0,c
  5828   002218  C01D  F005         	movff	vfpfcnvrt@fp,fputc@fp
  5829   00221C  C01E  F006         	movff	vfpfcnvrt@fp+1,fputc@fp+1
  5830   002220  EC15  F011         	call	_fputc	;wreg free
  5831   002224  EFF8  F010         	goto	l1938
  5832   002228                     l1255:
  5833   002228  0012               	return		;funcret
  5834   00222A                     __end_of_vfpfcnvrt:
  5835                           	callstack 0
  5836                           
  5837 ;; *************** function _fputc *****************
  5838 ;; Defined at:
  5839 ;;		line 8 in file "/Applications/microchip/xc8/v3.10/pic/sources/c99/common/nf_fputc.c"
  5840 ;; Parameters:    Size  Location     Type
  5841 ;;  c               2    2[COMRAM] int 
  5842 ;;  fp              2    4[COMRAM] PTR struct _IO_FILE
  5843 ;;		 -> NULL(0), 
  5844 ;; Auto vars:     Size  Location     Type
  5845 ;;		None
  5846 ;; Return value:  Size  Location     Type
  5847 ;;                  2    2[COMRAM] int 
  5848 ;; Registers used:
  5849 ;;		wreg, fsr1l, fsr1h, fsr2l, fsr2h, status,2, status,0, cstack
  5850 ;; Tracked objects:
  5851 ;;		On entry : 0/0
  5852 ;;		On exit  : 0/0
  5853 ;;		Unchanged: 0/0
  5854 ;; Data sizes:     COMRAM   BANK0   BANK1   BANK2   BANK3   BANK4   BANK5   BANK6   BANK7   BANK8   BANK9  BANK10  BANK1
      +1  BANK12  BANK13  BANK14  BANK15  BANK16  BANK17  BANK18  BANK19  BANK20  BANK21  BANK22  BANK23  BANK24  BANK25  BANK2
      +6  BANK27  BANK28  BANK29  BANK30  BANK31
  5855 ;;      Params:         4       0       0       0       0       0       0       0       0       0       0       0       
      +0       0       0       0       0       0       0       0       0       0       0       0       0       0       0       
      +0       0       0       0       0       0
  5856 ;;      Locals:         0       0       0       0       0       0       0       0       0       0       0       0       
      +0       0       0       0       0       0       0       0       0       0       0       0       0       0       0       
      +0       0       0       0       0       0
  5857 ;;      Temps:          5       0       0       0       0       0       0       0       0       0       0       0       
      +0       0       0       0       0       0       0       0       0       0       0       0       0       0       0       
      +0       0       0       0       0       0
  5858 ;;      Totals:         9       0       0       0       0       0       0       0       0       0       0       0       
      +0       0       0       0       0       0       0       0       0       0       0       0       0       0       0       
      +0       0       0       0       0       0
  5859 ;;Total ram usage:        9 bytes
  5860 ;; Hardware stack levels used: 1
  5861 ;; Hardware stack levels required when called: 2
  5862 ;; This function calls:
  5863 ;;		_putch
  5864 ;; This function is called by:
  5865 ;;		_vfpfcnvrt
  5866 ;; This function uses a non-reentrant model
  5867 ;;
  5868                           
  5869                           	psect	text6
  5870   00222A                     __ptext6:
  5871                           	callstack 0
  5872   00222A                     _fputc:
  5873                           	callstack 25
  5874   00222A  5005               	movf	fputc@fp^0,w,c
  5875   00222C  1006               	iorwf	(fputc@fp+1)^0,w,c
  5876   00222E  B4D8               	btfsc	status,2,c
  5877   002230  EF1C  F011         	goto	u741
  5878   002234  EF1E  F011         	goto	u740
  5879   002238                     u741:
  5880   002238  EF27  F011         	goto	l1866
  5881   00223C                     u740:
  5882   00223C  5005               	movf	fputc@fp^0,w,c
  5883   00223E  1006               	iorwf	(fputc@fp+1)^0,w,c
  5884   002240  A4D8               	btfss	status,2,c
  5885   002242  EF25  F011         	goto	u751
  5886   002246  EF27  F011         	goto	u750
  5887   00224A                     u751:
  5888   00224A  EF2C  F011         	goto	l1868
  5889   00224E                     u750:
  5890   00224E                     l1866:
  5891   00224E  5003               	movf	fputc@c^0,w,c
  5892   002250  EC11  F014         	call	_putch
  5893   002254  EF80  F011         	goto	l1280
  5894   002258                     l1868:
  5895   002258  EE20 F009          	lfsr	2,9
  5896   00225C  5005               	movf	fputc@fp^0,w,c
  5897   00225E  26D9               	addwf	fsr2l,f,c
  5898   002260  5006               	movf	(fputc@fp+1)^0,w,c
  5899   002262  22DA               	addwfc	fsr2h,f,c
  5900   002264  50DE               	movf	postinc2,w,c
  5901   002266  10DE               	iorwf	postinc2,w,c
  5902   002268  B4D8               	btfsc	status,2,c
  5903   00226A  EF39  F011         	goto	u761
  5904   00226E  EF3B  F011         	goto	u760
  5905   002272                     u761:
  5906   002272  EF56  F011         	goto	l1872
  5907   002276                     u760:
  5908   002276  EE20 F009          	lfsr	2,9
  5909   00227A  5005               	movf	fputc@fp^0,w,c
  5910   00227C  26D9               	addwf	fsr2l,f,c
  5911   00227E  5006               	movf	(fputc@fp+1)^0,w,c
  5912   002280  22DA               	addwfc	fsr2h,f,c
  5913   002282  EE10 F002          	lfsr	1,2
  5914   002286  5005               	movf	fputc@fp^0,w,c
  5915   002288  26E1               	addwf	fsr1l,f,c
  5916   00228A  5006               	movf	(fputc@fp+1)^0,w,c
  5917   00228C  22E2               	addwfc	fsr1h,f,c
  5918   00228E  50DE               	movf	postinc2,w,c
  5919   002290  5CE6               	subwf	postinc1,w,c
  5920   002292  50E6               	movf	postinc1,w,c
  5921   002294  0A80               	xorlw	128
  5922   002296  6E0B               	movwf	(??_fputc+4)^0,c
  5923   002298  50DE               	movf	postinc2,w,c
  5924   00229A  0A80               	xorlw	128
  5925   00229C  580B               	subwfb	(??_fputc+4)^0,w,c
  5926   00229E  B0D8               	btfsc	status,0,c
  5927   0022A0  EF54  F011         	goto	u771
  5928   0022A4  EF56  F011         	goto	u770
  5929   0022A8                     u771:
  5930   0022A8  EF80  F011         	goto	l1280
  5931   0022AC                     u770:
  5932   0022AC                     l1872:
  5933   0022AC  EE20 F002          	lfsr	2,2
  5934   0022B0  5005               	movf	fputc@fp^0,w,c
  5935   0022B2  26D9               	addwf	fsr2l,f,c
  5936   0022B4  5006               	movf	(fputc@fp+1)^0,w,c
  5937   0022B6  22DA               	addwfc	fsr2h,f,c
  5938   0022B8  006F FF78  F007    	movff	postinc2,??_fputc
  5939   0022BE  006F FF74  F008    	movff	postdec2,??_fputc+1
  5940   0022C4  0060  F017  FFD9   	movff	fputc@fp,fsr2l
  5941   0022CA  0060  F01B  FFDA   	movff	fputc@fp+1,fsr2h
  5942   0022D0  006F FF78  F009    	movff	postinc2,??_fputc+2
  5943   0022D6  006F FF74  F00A    	movff	postdec2,??_fputc+3
  5944   0022DC  5007               	movf	??_fputc^0,w,c
  5945   0022DE  2409               	addwf	(??_fputc+2)^0,w,c
  5946   0022E0  6ED9               	movwf	fsr2l,c
  5947   0022E2  5008               	movf	(??_fputc+1)^0,w,c
  5948   0022E4  200A               	addwfc	(??_fputc+3)^0,w,c
  5949   0022E6  6EDA               	movwf	fsr2h,c
  5950   0022E8  0060  F00F  FFDF   	movff	fputc@c,indf2
  5951   0022EE  EE20 F002          	lfsr	2,2
  5952   0022F2  5005               	movf	fputc@fp^0,w,c
  5953   0022F4  26D9               	addwf	fsr2l,f,c
  5954   0022F6  5006               	movf	(fputc@fp+1)^0,w,c
  5955   0022F8  22DA               	addwfc	fsr2h,f,c
  5956   0022FA  2ADE               	incf	postinc2,f,c
  5957   0022FC  0E00               	movlw	0
  5958   0022FE  22DD               	addwfc	postdec2,f,c
  5959   002300                     l1280:
  5960   002300  0012               	return		;funcret
  5961   002302                     __end_of_fputc:
  5962                           	callstack 0
  5963                           
  5964 ;; *************** function _putch *****************
  5965 ;; Defined at:
  5966 ;;		line 296 in file "mcc_generated_files/uart/src/uart2.c"
  5967 ;; Parameters:    Size  Location     Type
  5968 ;;  txData          1    wreg     unsigned char 
  5969 ;; Auto vars:     Size  Location     Type
  5970 ;;  txData          1    1[COMRAM] unsigned char 
  5971 ;; Return value:  Size  Location     Type
  5972 ;;                  1    wreg      void 
  5973 ;; Registers used:
  5974 ;;		wreg, status,2, cstack
  5975 ;; Tracked objects:
  5976 ;;		On entry : 0/0
  5977 ;;		On exit  : 0/0
  5978 ;;		Unchanged: 0/0
  5979 ;; Data sizes:     COMRAM   BANK0   BANK1   BANK2   BANK3   BANK4   BANK5   BANK6   BANK7   BANK8   BANK9  BANK10  BANK1
      +1  BANK12  BANK13  BANK14  BANK15  BANK16  BANK17  BANK18  BANK19  BANK20  BANK21  BANK22  BANK23  BANK24  BANK25  BANK2
      +6  BANK27  BANK28  BANK29  BANK30  BANK31
  5980 ;;      Params:         0       0       0       0       0       0       0       0       0       0       0       0       
      +0       0       0       0       0       0       0       0       0       0       0       0       0       0       0       
      +0       0       0       0       0       0
  5981 ;;      Locals:         1       0       0       0       0       0       0       0       0       0       0       0       
      +0       0       0       0       0       0       0       0       0       0       0       0       0       0       0       
      +0       0       0       0       0       0
  5982 ;;      Temps:          0       0       0       0       0       0       0       0       0       0       0       0       
      +0       0       0       0       0       0       0       0       0       0       0       0       0       0       0       
      +0       0       0       0       0       0
  5983 ;;      Totals:         1       0       0       0       0       0       0       0       0       0       0       0       
      +0       0       0       0       0       0       0       0       0       0       0       0       0       0       0       
      +0       0       0       0       0       0
  5984 ;;Total ram usage:        1 bytes
  5985 ;; Hardware stack levels used: 1
  5986 ;; Hardware stack levels required when called: 1
  5987 ;; This function calls:
  5988 ;;		_UART2_IsTxReady
  5989 ;;		_UART2_Write
  5990 ;; This function is called by:
  5991 ;;		_fputc
  5992 ;; This function uses a non-reentrant model
  5993 ;;
  5994                           
  5995                           	psect	text7
  5996   002822                     __ptext7:
  5997                           	callstack 0
  5998   002822                     _putch:
  5999                           	callstack 25
  6000                           
  6001                           ;incstack = 0
  6002                           ;putch@txData stored from wreg
  6003   002822  6E02               	movwf	putch@txData^0,c
  6004   002824                     l1776:
  6005                           
  6006                           ;mcc_generated_files/uart/src/uart2.c: 298:     while(!(UART2_IsTxReady()))
  6007   002824  ECCA  F013         	call	_UART2_IsTxReady	;wreg free
  6008   002828  0900               	iorlw	0
  6009   00282A  B4D8               	btfsc	status,2,c
  6010   00282C  EF1A  F014         	goto	u611
  6011   002830  EF1C  F014         	goto	u610
  6012   002834                     u611:
  6013   002834  EF12  F014         	goto	l1776
  6014   002838                     u610:
  6015   002838                     
  6016                           ;mcc_generated_files/uart/src/uart2.c: 302:     return UART2_Write(txData);;	Return valu
      +                          e of _putch is never used
  6017   002838  C002  F001         	movff	putch@txData,UART2_Write@txData
  6018   00283C  EC64  F014         	call	_UART2_Write	;wreg free
  6019   002840  0012               	return		;funcret
  6020   002842                     __end_of_putch:
  6021                           	callstack 0
  6022                           
  6023 ;; *************** function _UART2_Write *****************
  6024 ;; Defined at:
  6025 ;;		line 281 in file "mcc_generated_files/uart/src/uart2.c"
  6026 ;; Parameters:    Size  Location     Type
  6027 ;;  txData          1    0[COMRAM] unsigned char 
  6028 ;; Auto vars:     Size  Location     Type
  6029 ;;		None
  6030 ;; Return value:  Size  Location     Type
  6031 ;;                  1    wreg      void 
  6032 ;; Registers used:
  6033 ;;		None
  6034 ;; Tracked objects:
  6035 ;;		On entry : 0/0
  6036 ;;		On exit  : 0/0
  6037 ;;		Unchanged: 0/0
  6038 ;; Data sizes:     COMRAM   BANK0   BANK1   BANK2   BANK3   BANK4   BANK5   BANK6   BANK7   BANK8   BANK9  BANK10  BANK1
      +1  BANK12  BANK13  BANK14  BANK15  BANK16  BANK17  BANK18  BANK19  BANK20  BANK21  BANK22  BANK23  BANK24  BANK25  BANK2
      +6  BANK27  BANK28  BANK29  BANK30  BANK31
  6039 ;;      Params:         1       0       0       0       0       0       0       0       0       0       0       0       
      +0       0       0       0       0       0       0       0       0       0       0       0       0       0       0       
      +0       0       0       0       0       0
  6040 ;;      Locals:         0       0       0       0       0       0       0       0       0       0       0       0       
      +0       0       0       0       0       0       0       0       0       0       0       0       0       0       0       
      +0       0       0       0       0       0
  6041 ;;      Temps:          0       0       0       0       0       0       0       0       0       0       0       0       
      +0       0       0       0       0       0       0       0       0       0       0       0       0       0       0       
      +0       0       0       0       0       0
  6042 ;;      Totals:         1       0       0       0       0       0       0       0       0       0       0       0       
      +0       0       0       0       0       0       0       0       0       0       0       0       0       0       0       
      +0       0       0       0       0       0
  6043 ;;Total ram usage:        1 bytes
  6044 ;; Hardware stack levels used: 1
  6045 ;; This function calls:
  6046 ;;		Nothing
  6047 ;; This function is called by:
  6048 ;;		_putch
  6049 ;; This function uses a non-reentrant model
  6050 ;;
  6051                           
  6052                           	psect	text8
  6053   0028C8                     __ptext8:
  6054                           	callstack 0
  6055   0028C8                     _UART2_Write:
  6056                           	callstack 25
  6057   0028C8                     
  6058                           ;mcc_generated_files/uart/src/uart2.c: 281: void UART2_Write(uint8_t txData);mcc_generat
      +                          ed_files/uart/src/uart2.c: 282: {;mcc_generated_files/uart/src/uart2.c: 283:     U2TXB =
      +                           txData;
  6059   0028C8  0060  F007  FDD2   	movff	UART2_Write@txData,15826	;volatile
  6060   0028CE  0012               	return		;funcret
  6061   0028D0                     __end_of_UART2_Write:
  6062                           	callstack 0
  6063                           
  6064 ;; *************** function _UART2_IsTxReady *****************
  6065 ;; Defined at:
  6066 ;;		line 233 in file "mcc_generated_files/uart/src/uart2.c"
  6067 ;; Parameters:    Size  Location     Type
  6068 ;;		None
  6069 ;; Auto vars:     Size  Location     Type
  6070 ;;		None
  6071 ;; Return value:  Size  Location     Type
  6072 ;;                  1    wreg      _Bool 
  6073 ;; Registers used:
  6074 ;;		wreg, status,2
  6075 ;; Tracked objects:
  6076 ;;		On entry : 0/0
  6077 ;;		On exit  : 0/0
  6078 ;;		Unchanged: 0/0
  6079 ;; Data sizes:     COMRAM   BANK0   BANK1   BANK2   BANK3   BANK4   BANK5   BANK6   BANK7   BANK8   BANK9  BANK10  BANK1
      +1  BANK12  BANK13  BANK14  BANK15  BANK16  BANK17  BANK18  BANK19  BANK20  BANK21  BANK22  BANK23  BANK24  BANK25  BANK2
      +6  BANK27  BANK28  BANK29  BANK30  BANK31
  6080 ;;      Params:         0       0       0       0       0       0       0       0       0       0       0       0       
      +0       0       0       0       0       0       0       0       0       0       0       0       0       0       0       
      +0       0       0       0       0       0
  6081 ;;      Locals:         1       0       0       0       0       0       0       0       0       0       0       0       
      +0       0       0       0       0       0       0       0       0       0       0       0       0       0       0       
      +0       0       0       0       0       0
  6082 ;;      Temps:          0       0       0       0       0       0       0       0       0       0       0       0       
      +0       0       0       0       0       0       0       0       0       0       0       0       0       0       0       
      +0       0       0       0       0       0
  6083 ;;      Totals:         1       0       0       0       0       0       0       0       0       0       0       0       
      +0       0       0       0       0       0       0       0       0       0       0       0       0       0       0       
      +0       0       0       0       0       0
  6084 ;;Total ram usage:        1 bytes
  6085 ;; Hardware stack levels used: 1
  6086 ;; This function calls:
  6087 ;;		Nothing
  6088 ;; This function is called by:
  6089 ;;		_putch
  6090 ;; This function uses a non-reentrant model
  6091 ;;
  6092                           
  6093                           	psect	text9
  6094   002794                     __ptext9:
  6095                           	callstack 0
  6096   002794                     _UART2_IsTxReady:
  6097                           	callstack 25
  6098   002794                     
  6099                           ;mcc_generated_files/uart/src/uart2.c: 235:     return (_Bool)(U2FIFObits.TXBE && U2CON0
      +                          bits.TXEN);
  6100   002794  6A01               	clrf	_UART2_IsTxReady$745^0,c
  6101   002796  013D               	movlb	61	; () banked
  6102   002798  ABDF               	btfss	223,5,b	;volatile
  6103   00279A  EFD1  F013         	goto	u591
  6104   00279E  EFD3  F013         	goto	u590
  6105   0027A2                     u591:
  6106   0027A2  EFDC  F013         	goto	l225
  6107   0027A6                     u590:
  6108   0027A6                     
  6109                           ; BSR set to: 61
  6110   0027A6  ABDA               	btfss	218,5,b	;volatile
  6111   0027A8  EFD8  F013         	goto	u601
  6112   0027AC  EFDA  F013         	goto	u600
  6113   0027B0                     u601:
  6114   0027B0  EFDC  F013         	goto	l225
  6115   0027B4                     u600:
  6116   0027B4                     
  6117                           ; BSR set to: 61
  6118   0027B4  0E01               	movlw	1
  6119   0027B6  6E01               	movwf	_UART2_IsTxReady$745^0,c
  6120   0027B8                     l225:
  6121                           
  6122                           ; BSR set to: 61
  6123   0027B8  5001               	movf	_UART2_IsTxReady$745^0,w,c
  6124   0027BA                     
  6125                           ; BSR set to: 61
  6126   0027BA  0012               	return		;funcret
  6127   0027BC                     __end_of_UART2_IsTxReady:
  6128                           	callstack 0
  6129                           
  6130 ;; *************** function _abs *****************
  6131 ;; Defined at:
  6132 ;;		line 1 in file "/Applications/microchip/xc8/v3.10/pic/sources/c99/common/abs.c"
  6133 ;; Parameters:    Size  Location     Type
  6134 ;;  a               2   24[COMRAM] int 
  6135 ;; Auto vars:     Size  Location     Type
  6136 ;;		None
  6137 ;; Return value:  Size  Location     Type
  6138 ;;                  2   24[COMRAM] int 
  6139 ;; Registers used:
  6140 ;;		wreg, status,2, status,0
  6141 ;; Tracked objects:
  6142 ;;		On entry : 0/0
  6143 ;;		On exit  : 0/0
  6144 ;;		Unchanged: 0/0
  6145 ;; Data sizes:     COMRAM   BANK0   BANK1   BANK2   BANK3   BANK4   BANK5   BANK6   BANK7   BANK8   BANK9  BANK10  BANK1
      +1  BANK12  BANK13  BANK14  BANK15  BANK16  BANK17  BANK18  BANK19  BANK20  BANK21  BANK22  BANK23  BANK24  BANK25  BANK2
      +6  BANK27  BANK28  BANK29  BANK30  BANK31
  6146 ;;      Params:         2       0       0       0       0       0       0       0       0       0       0       0       
      +0       0       0       0       0       0       0       0       0       0       0       0       0       0       0       
      +0       0       0       0       0       0
  6147 ;;      Locals:         0       0       0       0       0       0       0       0       0       0       0       0       
      +0       0       0       0       0       0       0       0       0       0       0       0       0       0       0       
      +0       0       0       0       0       0
  6148 ;;      Temps:          2       0       0       0       0       0       0       0       0       0       0       0       
      +0       0       0       0       0       0       0       0       0       0       0       0       0       0       0       
      +0       0       0       0       0       0
  6149 ;;      Totals:         4       0       0       0       0       0       0       0       0       0       0       0       
      +0       0       0       0       0       0       0       0       0       0       0       0       0       0       0       
      +0       0       0       0       0       0
  6150 ;;Total ram usage:        4 bytes
  6151 ;; Hardware stack levels used: 1
  6152 ;; This function calls:
  6153 ;;		Nothing
  6154 ;; This function is called by:
  6155 ;;		_vfpfcnvrt
  6156 ;; This function uses a non-reentrant model
  6157 ;;
  6158                           
  6159                           	psect	text10
  6160   002760                     __ptext10:
  6161                           	callstack 0
  6162   002760                     _abs:
  6163                           	callstack 27
  6164   002760  BE1A               	btfsc	(abs@a+1)^0,7,c
  6165   002762  EFB5  F013         	goto	u781
  6166   002766  EFB7  F013         	goto	u780
  6167   00276A                     u781:
  6168   00276A  EFBD  F013         	goto	l1265
  6169   00276E                     u780:
  6170   00276E  C019  F019         	movff	abs@a,?_abs
  6171   002772  C01A  F01A         	movff	abs@a+1,?_abs+1
  6172   002776  EFC9  F013         	goto	l1268
  6173   00277A                     l1265:
  6174   00277A  C019  F01B         	movff	abs@a,??_abs
  6175   00277E  C01A  F01C         	movff	abs@a+1,??_abs+1
  6176   002782  1E1B               	comf	??_abs^0,f,c
  6177   002784  1E1C               	comf	(??_abs+1)^0,f,c
  6178   002786  4A1B               	infsnz	??_abs^0,f,c
  6179   002788  2A1C               	incf	(??_abs+1)^0,f,c
  6180   00278A  C01B  F019         	movff	??_abs,?_abs
  6181   00278E  C01C  F01A         	movff	??_abs+1,?_abs+1
  6182   002792                     l1268:
  6183   002792  0012               	return		;funcret
  6184   002794                     __end_of_abs:
  6185                           	callstack 0
  6186                           
  6187 ;; *************** function ___awmod *****************
  6188 ;; Defined at:
  6189 ;;		line 7 in file "/Applications/microchip/xc8/v3.10/pic/sources/c99/common/awmod.c"
  6190 ;; Parameters:    Size  Location     Type
  6191 ;;  dividend        2   18[COMRAM] int 
  6192 ;;  divisor         2   20[COMRAM] int 
  6193 ;; Auto vars:     Size  Location     Type
  6194 ;;  sign            1   23[COMRAM] unsigned char 
  6195 ;;  counter         1   22[COMRAM] unsigned char 
  6196 ;; Return value:  Size  Location     Type
  6197 ;;                  2   18[COMRAM] int 
  6198 ;; Registers used:
  6199 ;;		wreg, status,2, status,0
  6200 ;; Tracked objects:
  6201 ;;		On entry : 0/0
  6202 ;;		On exit  : 0/0
  6203 ;;		Unchanged: 0/0
  6204 ;; Data sizes:     COMRAM   BANK0   BANK1   BANK2   BANK3   BANK4   BANK5   BANK6   BANK7   BANK8   BANK9  BANK10  BANK1
      +1  BANK12  BANK13  BANK14  BANK15  BANK16  BANK17  BANK18  BANK19  BANK20  BANK21  BANK22  BANK23  BANK24  BANK25  BANK2
      +6  BANK27  BANK28  BANK29  BANK30  BANK31
  6205 ;;      Params:         4       0       0       0       0       0       0       0       0       0       0       0       
      +0       0       0       0       0       0       0       0       0       0       0       0       0       0       0       
      +0       0       0       0       0       0
  6206 ;;      Locals:         2       0       0       0       0       0       0       0       0       0       0       0       
      +0       0       0       0       0       0       0       0       0       0       0       0       0       0       0       
      +0       0       0       0       0       0
  6207 ;;      Temps:          0       0       0       0       0       0       0       0       0       0       0       0       
      +0       0       0       0       0       0       0       0       0       0       0       0       0       0       0       
      +0       0       0       0       0       0
  6208 ;;      Totals:         6       0       0       0       0       0       0       0       0       0       0       0       
      +0       0       0       0       0       0       0       0       0       0       0       0       0       0       0       
      +0       0       0       0       0       0
  6209 ;;Total ram usage:        6 bytes
  6210 ;; Hardware stack levels used: 1
  6211 ;; This function calls:
  6212 ;;		Nothing
  6213 ;; This function is called by:
  6214 ;;		_main
  6215 ;;		_vfpfcnvrt
  6216 ;; This function uses a non-reentrant model
  6217 ;;
  6218                           
  6219                           	psect	text11
  6220   002470                     __ptext11:
  6221                           	callstack 0
  6222   002470                     ___awmod:
  6223                           	callstack 27
  6224   002470  6A18               	clrf	___awmod@sign^0,c
  6225   002472  BE14               	btfsc	(___awmod@dividend+1)^0,7,c
  6226   002474  EF40  F012         	goto	u680
  6227   002478  EF3E  F012         	goto	u681
  6228   00247C                     u681:
  6229   00247C  EF46  F012         	goto	l1834
  6230   002480                     u680:
  6231   002480  6C13               	negf	___awmod@dividend^0,c
  6232   002482  1E14               	comf	(___awmod@dividend+1)^0,f,c
  6233   002484  B0D8               	btfsc	status,0,c
  6234   002486  2A14               	incf	(___awmod@dividend+1)^0,f,c
  6235   002488  0E01               	movlw	1
  6236   00248A  6E18               	movwf	___awmod@sign^0,c
  6237   00248C                     l1834:
  6238   00248C  BE16               	btfsc	(___awmod@divisor+1)^0,7,c
  6239   00248E  EF4D  F012         	goto	u690
  6240   002492  EF4B  F012         	goto	u691
  6241   002496                     u691:
  6242   002496  EF51  F012         	goto	l1838
  6243   00249A                     u690:
  6244   00249A  6C15               	negf	___awmod@divisor^0,c
  6245   00249C  1E16               	comf	(___awmod@divisor+1)^0,f,c
  6246   00249E  B0D8               	btfsc	status,0,c
  6247   0024A0  2A16               	incf	(___awmod@divisor+1)^0,f,c
  6248   0024A2                     l1838:
  6249   0024A2  5015               	movf	___awmod@divisor^0,w,c
  6250   0024A4  1016               	iorwf	(___awmod@divisor+1)^0,w,c
  6251   0024A6  B4D8               	btfsc	status,2,c
  6252   0024A8  EF58  F012         	goto	u701
  6253   0024AC  EF5A  F012         	goto	u700
  6254   0024B0                     u701:
  6255   0024B0  EF7E  F012         	goto	l1854
  6256   0024B4                     u700:
  6257   0024B4  0E01               	movlw	1
  6258   0024B6  6E17               	movwf	___awmod@counter^0,c
  6259   0024B8  EF62  F012         	goto	l1844
  6260   0024BC                     l1842:
  6261   0024BC  90D8               	bcf	status,0,c
  6262   0024BE  3615               	rlcf	___awmod@divisor^0,f,c
  6263   0024C0  3616               	rlcf	(___awmod@divisor+1)^0,f,c
  6264   0024C2  2A17               	incf	___awmod@counter^0,f,c
  6265   0024C4                     l1844:
  6266   0024C4  AE16               	btfss	(___awmod@divisor+1)^0,7,c
  6267   0024C6  EF67  F012         	goto	u711
  6268   0024CA  EF69  F012         	goto	u710
  6269   0024CE                     u711:
  6270   0024CE  EF5E  F012         	goto	l1842
  6271   0024D2                     u710:
  6272   0024D2                     l1846:
  6273   0024D2  5015               	movf	___awmod@divisor^0,w,c
  6274   0024D4  5C13               	subwf	___awmod@dividend^0,w,c
  6275   0024D6  5016               	movf	(___awmod@divisor+1)^0,w,c
  6276   0024D8  5814               	subwfb	(___awmod@dividend+1)^0,w,c
  6277   0024DA  A0D8               	btfss	status,0,c
  6278   0024DC  EF72  F012         	goto	u721
  6279   0024E0  EF74  F012         	goto	u720
  6280   0024E4                     u721:
  6281   0024E4  EF78  F012         	goto	l1850
  6282   0024E8                     u720:
  6283   0024E8  5015               	movf	___awmod@divisor^0,w,c
  6284   0024EA  5E13               	subwf	___awmod@dividend^0,f,c
  6285   0024EC  5016               	movf	(___awmod@divisor+1)^0,w,c
  6286   0024EE  5A14               	subwfb	(___awmod@dividend+1)^0,f,c
  6287   0024F0                     l1850:
  6288   0024F0  90D8               	bcf	status,0,c
  6289   0024F2  3216               	rrcf	(___awmod@divisor+1)^0,f,c
  6290   0024F4  3215               	rrcf	___awmod@divisor^0,f,c
  6291   0024F6  2E17               	decfsz	___awmod@counter^0,f,c
  6292   0024F8  EF69  F012         	goto	l1846
  6293   0024FC                     l1854:
  6294   0024FC  5018               	movf	___awmod@sign^0,w,c
  6295   0024FE  B4D8               	btfsc	status,2,c
  6296   002500  EF84  F012         	goto	u731
  6297   002504  EF86  F012         	goto	u730
  6298   002508                     u731:
  6299   002508  EF8A  F012         	goto	l1858
  6300   00250C                     u730:
  6301   00250C  6C13               	negf	___awmod@dividend^0,c
  6302   00250E  1E14               	comf	(___awmod@dividend+1)^0,f,c
  6303   002510  B0D8               	btfsc	status,0,c
  6304   002512  2A14               	incf	(___awmod@dividend+1)^0,f,c
  6305   002514                     l1858:
  6306   002514  C013  F013         	movff	___awmod@dividend,?___awmod
  6307   002518  C014  F014         	movff	___awmod@dividend+1,?___awmod+1
  6308   00251C  0012               	return		;funcret
  6309   00251E                     __end_of___awmod:
  6310                           	callstack 0
  6311                           
  6312 ;; *************** function ___awdiv *****************
  6313 ;; Defined at:
  6314 ;;		line 7 in file "/Applications/microchip/xc8/v3.10/pic/sources/c99/common/awdiv.c"
  6315 ;; Parameters:    Size  Location     Type
  6316 ;;  dividend        2    0[COMRAM] int 
  6317 ;;  divisor         2    2[COMRAM] int 
  6318 ;; Auto vars:     Size  Location     Type
  6319 ;;  quotient        2    6[COMRAM] int 
  6320 ;;  sign            1    5[COMRAM] unsigned char 
  6321 ;;  counter         1    4[COMRAM] unsigned char 
  6322 ;; Return value:  Size  Location     Type
  6323 ;;                  2    0[COMRAM] int 
  6324 ;; Registers used:
  6325 ;;		wreg, status,2, status,0
  6326 ;; Tracked objects:
  6327 ;;		On entry : 0/0
  6328 ;;		On exit  : 0/0
  6329 ;;		Unchanged: 0/0
  6330 ;; Data sizes:     COMRAM   BANK0   BANK1   BANK2   BANK3   BANK4   BANK5   BANK6   BANK7   BANK8   BANK9  BANK10  BANK1
      +1  BANK12  BANK13  BANK14  BANK15  BANK16  BANK17  BANK18  BANK19  BANK20  BANK21  BANK22  BANK23  BANK24  BANK25  BANK2
      +6  BANK27  BANK28  BANK29  BANK30  BANK31
  6331 ;;      Params:         4       0       0       0       0       0       0       0       0       0       0       0       
      +0       0       0       0       0       0       0       0       0       0       0       0       0       0       0       
      +0       0       0       0       0       0
  6332 ;;      Locals:         4       0       0       0       0       0       0       0       0       0       0       0       
      +0       0       0       0       0       0       0       0       0       0       0       0       0       0       0       
      +0       0       0       0       0       0
  6333 ;;      Temps:          0       0       0       0       0       0       0       0       0       0       0       0       
      +0       0       0       0       0       0       0       0       0       0       0       0       0       0       0       
      +0       0       0       0       0       0
  6334 ;;      Totals:         8       0       0       0       0       0       0       0       0       0       0       0       
      +0       0       0       0       0       0       0       0       0       0       0       0       0       0       0       
      +0       0       0       0       0       0
  6335 ;;Total ram usage:        8 bytes
  6336 ;; Hardware stack levels used: 1
  6337 ;; This function calls:
  6338 ;;		Nothing
  6339 ;; This function is called by:
  6340 ;;		_vfpfcnvrt
  6341 ;; This function uses a non-reentrant model
  6342 ;;
  6343                           
  6344                           	psect	text12
  6345   002302                     __ptext12:
  6346                           	callstack 0
  6347   002302                     ___awdiv:
  6348                           	callstack 27
  6349   002302  6A06               	clrf	___awdiv@sign^0,c
  6350   002304  BE04               	btfsc	(___awdiv@divisor+1)^0,7,c
  6351   002306  EF89  F011         	goto	u620
  6352   00230A  EF87  F011         	goto	u621
  6353   00230E                     u621:
  6354   00230E  EF8F  F011         	goto	l1790
  6355   002312                     u620:
  6356   002312  6C03               	negf	___awdiv@divisor^0,c
  6357   002314  1E04               	comf	(___awdiv@divisor+1)^0,f,c
  6358   002316  B0D8               	btfsc	status,0,c
  6359   002318  2A04               	incf	(___awdiv@divisor+1)^0,f,c
  6360   00231A  0E01               	movlw	1
  6361   00231C  6E06               	movwf	___awdiv@sign^0,c
  6362   00231E                     l1790:
  6363   00231E  BE02               	btfsc	(___awdiv@dividend+1)^0,7,c
  6364   002320  EF96  F011         	goto	u630
  6365   002324  EF94  F011         	goto	u631
  6366   002328                     u631:
  6367   002328  EF9C  F011         	goto	l1796
  6368   00232C                     u630:
  6369   00232C  6C01               	negf	___awdiv@dividend^0,c
  6370   00232E  1E02               	comf	(___awdiv@dividend+1)^0,f,c
  6371   002330  B0D8               	btfsc	status,0,c
  6372   002332  2A02               	incf	(___awdiv@dividend+1)^0,f,c
  6373   002334  0E01               	movlw	1
  6374   002336  1A06               	xorwf	___awdiv@sign^0,f,c
  6375   002338                     l1796:
  6376   002338  6A08               	clrf	(___awdiv@quotient+1)^0,c
  6377   00233A  0E00               	movlw	0
  6378   00233C  6E07               	movwf	___awdiv@quotient^0,c
  6379   00233E  5003               	movf	___awdiv@divisor^0,w,c
  6380   002340  1004               	iorwf	(___awdiv@divisor+1)^0,w,c
  6381   002342  B4D8               	btfsc	status,2,c
  6382   002344  EFA6  F011         	goto	u641
  6383   002348  EFA8  F011         	goto	u640
  6384   00234C                     u641:
  6385   00234C  EFD0  F011         	goto	l1818
  6386   002350                     u640:
  6387   002350  0E01               	movlw	1
  6388   002352  6E05               	movwf	___awdiv@counter^0,c
  6389   002354  EFB0  F011         	goto	l1804
  6390   002358                     l1802:
  6391   002358  90D8               	bcf	status,0,c
  6392   00235A  3603               	rlcf	___awdiv@divisor^0,f,c
  6393   00235C  3604               	rlcf	(___awdiv@divisor+1)^0,f,c
  6394   00235E  2A05               	incf	___awdiv@counter^0,f,c
  6395   002360                     l1804:
  6396   002360  AE04               	btfss	(___awdiv@divisor+1)^0,7,c
  6397   002362  EFB5  F011         	goto	u651
  6398   002366  EFB7  F011         	goto	u650
  6399   00236A                     u651:
  6400   00236A  EFAC  F011         	goto	l1802
  6401   00236E                     u650:
  6402   00236E                     l1806:
  6403   00236E  90D8               	bcf	status,0,c
  6404   002370  3607               	rlcf	___awdiv@quotient^0,f,c
  6405   002372  3608               	rlcf	(___awdiv@quotient+1)^0,f,c
  6406   002374  5003               	movf	___awdiv@divisor^0,w,c
  6407   002376  5C01               	subwf	___awdiv@dividend^0,w,c
  6408   002378  5004               	movf	(___awdiv@divisor+1)^0,w,c
  6409   00237A  5802               	subwfb	(___awdiv@dividend+1)^0,w,c
  6410   00237C  A0D8               	btfss	status,0,c
  6411   00237E  EFC3  F011         	goto	u661
  6412   002382  EFC5  F011         	goto	u660
  6413   002386                     u661:
  6414   002386  EFCA  F011         	goto	l1814
  6415   00238A                     u660:
  6416   00238A  5003               	movf	___awdiv@divisor^0,w,c
  6417   00238C  5E01               	subwf	___awdiv@dividend^0,f,c
  6418   00238E  5004               	movf	(___awdiv@divisor+1)^0,w,c
  6419   002390  5A02               	subwfb	(___awdiv@dividend+1)^0,f,c
  6420   002392  8007               	bsf	___awdiv@quotient^0,0,c
  6421   002394                     l1814:
  6422   002394  90D8               	bcf	status,0,c
  6423   002396  3204               	rrcf	(___awdiv@divisor+1)^0,f,c
  6424   002398  3203               	rrcf	___awdiv@divisor^0,f,c
  6425   00239A  2E05               	decfsz	___awdiv@counter^0,f,c
  6426   00239C  EFB7  F011         	goto	l1806
  6427   0023A0                     l1818:
  6428   0023A0  5006               	movf	___awdiv@sign^0,w,c
  6429   0023A2  B4D8               	btfsc	status,2,c
  6430   0023A4  EFD6  F011         	goto	u671
  6431   0023A8  EFD8  F011         	goto	u670
  6432   0023AC                     u671:
  6433   0023AC  EFDC  F011         	goto	l1822
  6434   0023B0                     u670:
  6435   0023B0  6C07               	negf	___awdiv@quotient^0,c
  6436   0023B2  1E08               	comf	(___awdiv@quotient+1)^0,f,c
  6437   0023B4  B0D8               	btfsc	status,0,c
  6438   0023B6  2A08               	incf	(___awdiv@quotient+1)^0,f,c
  6439   0023B8                     l1822:
  6440   0023B8  C007  F001         	movff	___awdiv@quotient,?___awdiv
  6441   0023BC  C008  F002         	movff	___awdiv@quotient+1,?___awdiv+1
  6442   0023C0  0012               	return		;funcret
  6443   0023C2                     __end_of___awdiv:
  6444                           	callstack 0
  6445                           
  6446 ;; *************** function _SYSTEM_Initialize *****************
  6447 ;; Defined at:
  6448 ;;		line 40 in file "mcc_generated_files/system/src/system.c"
  6449 ;; Parameters:    Size  Location     Type
  6450 ;;		None
  6451 ;; Auto vars:     Size  Location     Type
  6452 ;;		None
  6453 ;; Return value:  Size  Location     Type
  6454 ;;                  1    wreg      void 
  6455 ;; Registers used:
  6456 ;;		wreg, status,2, status,0, cstack
  6457 ;; Tracked objects:
  6458 ;;		On entry : 0/0
  6459 ;;		On exit  : 0/0
  6460 ;;		Unchanged: 0/0
  6461 ;; Data sizes:     COMRAM   BANK0   BANK1   BANK2   BANK3   BANK4   BANK5   BANK6   BANK7   BANK8   BANK9  BANK10  BANK1
      +1  BANK12  BANK13  BANK14  BANK15  BANK16  BANK17  BANK18  BANK19  BANK20  BANK21  BANK22  BANK23  BANK24  BANK25  BANK2
      +6  BANK27  BANK28  BANK29  BANK30  BANK31
  6462 ;;      Params:         0       0       0       0       0       0       0       0       0       0       0       0       
      +0       0       0       0       0       0       0       0       0       0       0       0       0       0       0       
      +0       0       0       0       0       0
  6463 ;;      Locals:         0       0       0       0       0       0       0       0       0       0       0       0       
      +0       0       0       0       0       0       0       0       0       0       0       0       0       0       0       
      +0       0       0       0       0       0
  6464 ;;      Temps:          0       0       0       0       0       0       0       0       0       0       0       0       
      +0       0       0       0       0       0       0       0       0       0       0       0       0       0       0       
      +0       0       0       0       0       0
  6465 ;;      Totals:         0       0       0       0       0       0       0       0       0       0       0       0       
      +0       0       0       0       0       0       0       0       0       0       0       0       0       0       0       
      +0       0       0       0       0       0
  6466 ;;Total ram usage:        0 bytes
  6467 ;; Hardware stack levels used: 1
  6468 ;; Hardware stack levels required when called: 2
  6469 ;; This function calls:
  6470 ;;		_CLOCK_Initialize
  6471 ;;		_INTERRUPT_Initialize
  6472 ;;		_PIN_MANAGER_Initialize
  6473 ;;		_UART2_Initialize
  6474 ;; This function is called by:
  6475 ;;		_main
  6476 ;; This function uses a non-reentrant model
  6477 ;;
  6478                           
  6479                           	psect	text13
  6480   00287A                     __ptext13:
  6481                           	callstack 0
  6482   00287A                     _SYSTEM_Initialize:
  6483                           	callstack 28
  6484   00287A                     
  6485                           ;mcc_generated_files/system/src/system.c: 42:     CLOCK_Initialize();
  6486   00287A  EC46  F014         	call	_CLOCK_Initialize	;wreg free
  6487                           
  6488                           ;mcc_generated_files/system/src/system.c: 43:     PIN_MANAGER_Initialize();
  6489   00287E  EC8F  F012         	call	_PIN_MANAGER_Initialize	;wreg free
  6490   002882                     
  6491                           ;mcc_generated_files/system/src/system.c: 44:     UART2_Initialize();
  6492   002882  EC3B  F013         	call	_UART2_Initialize	;wreg free
  6493   002886                     
  6494                           ;mcc_generated_files/system/src/system.c: 45:     INTERRUPT_Initialize();
  6495   002886  EC8D  F013         	call	_INTERRUPT_Initialize	;wreg free
  6496   00288A  0012               	return		;funcret
  6497   00288C                     __end_of_SYSTEM_Initialize:
  6498                           	callstack 0
  6499                           
  6500 ;; *************** function _UART2_Initialize *****************
  6501 ;; Defined at:
  6502 ;;		line 100 in file "mcc_generated_files/uart/src/uart2.c"
  6503 ;; Parameters:    Size  Location     Type
  6504 ;;		None
  6505 ;; Auto vars:     Size  Location     Type
  6506 ;;		None
  6507 ;; Return value:  Size  Location     Type
  6508 ;;                  1    wreg      void 
  6509 ;; Registers used:
  6510 ;;		wreg, status,2, status,0, cstack
  6511 ;; Tracked objects:
  6512 ;;		On entry : 0/0
  6513 ;;		On exit  : 0/0
  6514 ;;		Unchanged: 0/0
  6515 ;; Data sizes:     COMRAM   BANK0   BANK1   BANK2   BANK3   BANK4   BANK5   BANK6   BANK7   BANK8   BANK9  BANK10  BANK1
      +1  BANK12  BANK13  BANK14  BANK15  BANK16  BANK17  BANK18  BANK19  BANK20  BANK21  BANK22  BANK23  BANK24  BANK25  BANK2
      +6  BANK27  BANK28  BANK29  BANK30  BANK31
  6516 ;;      Params:         0       0       0       0       0       0       0       0       0       0       0       0       
      +0       0       0       0       0       0       0       0       0       0       0       0       0       0       0       
      +0       0       0       0       0       0
  6517 ;;      Locals:         0       0       0       0       0       0       0       0       0       0       0       0       
      +0       0       0       0       0       0       0       0       0       0       0       0       0       0       0       
      +0       0       0       0       0       0
  6518 ;;      Temps:          0       0       0       0       0       0       0       0       0       0       0       0       
      +0       0       0       0       0       0       0       0       0       0       0       0       0       0       0       
      +0       0       0       0       0       0
  6519 ;;      Totals:         0       0       0       0       0       0       0       0       0       0       0       0       
      +0       0       0       0       0       0       0       0       0       0       0       0       0       0       0       
      +0       0       0       0       0       0
  6520 ;;Total ram usage:        0 bytes
  6521 ;; Hardware stack levels used: 1
  6522 ;; This function calls:
  6523 ;;		_UART2_FramingErrorCallbackRegister
  6524 ;;		_UART2_OverrunErrorCallbackRegister
  6525 ;;		_UART2_ParityErrorCallbackRegister
  6526 ;; This function is called by:
  6527 ;;		_SYSTEM_Initialize
  6528 ;;		_main
  6529 ;; This function uses a non-reentrant model
  6530 ;;
  6531                           
  6532                           	psect	text14
  6533   002676                     __ptext14:
  6534                           	callstack 0
  6535   002676                     _UART2_Initialize:
  6536                           	callstack 29
  6537   002676                     
  6538                           ;mcc_generated_files/uart/src/uart2.c: 106:     U2P1L = 0x0;
  6539   002676  013D               	movlb	61	; () banked
  6540   002678  6BD4               	clrf	212,b	;volatile
  6541                           
  6542                           ;mcc_generated_files/uart/src/uart2.c: 108:     U2P2L = 0x0;
  6543   00267A  6BD6               	clrf	214,b	;volatile
  6544                           
  6545                           ;mcc_generated_files/uart/src/uart2.c: 110:     U2P3L = 0x0;
  6546   00267C  6BD8               	clrf	216,b	;volatile
  6547   00267E                     
  6548                           ; BSR set to: 61
  6549                           ;mcc_generated_files/uart/src/uart2.c: 112:     U2CON0 = 0xB0;
  6550   00267E  0EB0               	movlw	176
  6551   002680  6FDA               	movwf	218,b	;volatile
  6552                           
  6553                           ;mcc_generated_files/uart/src/uart2.c: 114:     U2CON1 = 0x80;
  6554   002682  0E80               	movlw	128
  6555   002684  6FDB               	movwf	219,b	;volatile
  6556   002686                     
  6557                           ; BSR set to: 61
  6558                           ;mcc_generated_files/uart/src/uart2.c: 116:     U2CON2 = 0x0;
  6559   002686  6BDC               	clrf	220,b	;volatile
  6560                           
  6561                           ;mcc_generated_files/uart/src/uart2.c: 118:     U2BRGL = 0x82;
  6562   002688  0E82               	movlw	130
  6563   00268A  6FDD               	movwf	221,b	;volatile
  6564                           
  6565                           ;mcc_generated_files/uart/src/uart2.c: 120:     U2BRGH = 0x6;
  6566   00268C  0E06               	movlw	6
  6567   00268E  6FDE               	movwf	222,b	;volatile
  6568                           
  6569                           ;mcc_generated_files/uart/src/uart2.c: 122:     U2FIFO = 0x2E;
  6570   002690  0E2E               	movlw	46
  6571   002692  6FDF               	movwf	223,b	;volatile
  6572   002694                     
  6573                           ; BSR set to: 61
  6574                           ;mcc_generated_files/uart/src/uart2.c: 124:     U2UIR = 0x0;
  6575   002694  6BE0               	clrf	224,b	;volatile
  6576                           
  6577                           ;mcc_generated_files/uart/src/uart2.c: 126:     U2ERRIR = 0x80;
  6578   002696  0E80               	movlw	128
  6579   002698  6FE1               	movwf	225,b	;volatile
  6580   00269A                     
  6581                           ; BSR set to: 61
  6582                           ;mcc_generated_files/uart/src/uart2.c: 128:     U2ERRIE = 0x0;
  6583   00269A  6BE2               	clrf	226,b	;volatile
  6584   00269C                     
  6585                           ; BSR set to: 61
  6586                           ;mcc_generated_files/uart/src/uart2.c: 130:     UART2_FramingErrorCallbackRegister(UART2
      +                          _DefaultFramingErrorCallback);
  6587   00269C  0E00               	movlw	0
  6588   00269E  6E01               	movwf	UART2_FramingErrorCallbackRegister@callbackHandler^0,c
  6589   0026A0  0E00               	movlw	0
  6590   0026A2  6E02               	movwf	(UART2_FramingErrorCallbackRegister@callbackHandler+1)^0,c
  6591   0026A4  0E00               	movlw	0
  6592   0026A6  6E03               	movwf	(UART2_FramingErrorCallbackRegister@callbackHandler+2)^0,c
  6593   0026A8  EC00  F014         	call	_UART2_FramingErrorCallbackRegister	;wreg free
  6594   0026AC                     
  6595                           ;mcc_generated_files/uart/src/uart2.c: 131:     UART2_OverrunErrorCallbackRegister(UART2
      +                          _DefaultOverrunErrorCallback);
  6596   0026AC  0E00               	movlw	0
  6597   0026AE  6E01               	movwf	UART2_OverrunErrorCallbackRegister@callbackHandler^0,c
  6598   0026B0  0E00               	movlw	0
  6599   0026B2  6E02               	movwf	(UART2_OverrunErrorCallbackRegister@callbackHandler+1)^0,c
  6600   0026B4  0E00               	movlw	0
  6601   0026B6  6E03               	movwf	(UART2_OverrunErrorCallbackRegister@callbackHandler+2)^0,c
  6602   0026B8  ECEF  F013         	call	_UART2_OverrunErrorCallbackRegister	;wreg free
  6603   0026BC                     
  6604                           ;mcc_generated_files/uart/src/uart2.c: 132:     UART2_ParityErrorCallbackRegister(UART2_
      +                          DefaultParityErrorCallback);
  6605   0026BC  0E00               	movlw	0
  6606   0026BE  6E01               	movwf	UART2_ParityErrorCallbackRegister@callbackHandler^0,c
  6607   0026C0  0E00               	movlw	0
  6608   0026C2  6E02               	movwf	(UART2_ParityErrorCallbackRegister@callbackHandler+1)^0,c
  6609   0026C4  0E00               	movlw	0
  6610   0026C6  6E03               	movwf	(UART2_ParityErrorCallbackRegister@callbackHandler+2)^0,c
  6611   0026C8  ECDE  F013         	call	_UART2_ParityErrorCallbackRegister	;wreg free
  6612   0026CC                     
  6613                           ;mcc_generated_files/uart/src/uart2.c: 134:     uart2RxLastError.status = 0;
  6614   0026CC  6A51               	clrf	(_uart2RxLastError+1)^0,c	;volatile
  6615   0026CE  0E00               	movlw	0
  6616   0026D0  6E50               	movwf	_uart2RxLastError^0,c	;volatile
  6617   0026D2  0012               	return		;funcret
  6618   0026D4                     __end_of_UART2_Initialize:
  6619                           	callstack 0
  6620                           
  6621 ;; *************** function _UART2_ParityErrorCallbackRegister *****************
  6622 ;; Defined at:
  6623 ;;		line 340 in file "mcc_generated_files/uart/src/uart2.c"
  6624 ;; Parameters:    Size  Location     Type
  6625 ;;  callbackHand    3    0[COMRAM] PTR FTN()void 
  6626 ;;		 -> UART2_DefaultParityErrorCallback(1), 
  6627 ;; Auto vars:     Size  Location     Type
  6628 ;;		None
  6629 ;; Return value:  Size  Location     Type
  6630 ;;                  1    wreg      void 
  6631 ;; Registers used:
  6632 ;;		wreg, status,2, status,0
  6633 ;; Tracked objects:
  6634 ;;		On entry : 0/0
  6635 ;;		On exit  : 0/0
  6636 ;;		Unchanged: 0/0
  6637 ;; Data sizes:     COMRAM   BANK0   BANK1   BANK2   BANK3   BANK4   BANK5   BANK6   BANK7   BANK8   BANK9  BANK10  BANK1
      +1  BANK12  BANK13  BANK14  BANK15  BANK16  BANK17  BANK18  BANK19  BANK20  BANK21  BANK22  BANK23  BANK24  BANK25  BANK2
      +6  BANK27  BANK28  BANK29  BANK30  BANK31
  6638 ;;      Params:         3       0       0       0       0       0       0       0       0       0       0       0       
      +0       0       0       0       0       0       0       0       0       0       0       0       0       0       0       
      +0       0       0       0       0       0
  6639 ;;      Locals:         0       0       0       0       0       0       0       0       0       0       0       0       
      +0       0       0       0       0       0       0       0       0       0       0       0       0       0       0       
      +0       0       0       0       0       0
  6640 ;;      Temps:          0       0       0       0       0       0       0       0       0       0       0       0       
      +0       0       0       0       0       0       0       0       0       0       0       0       0       0       0       
      +0       0       0       0       0       0
  6641 ;;      Totals:         3       0       0       0       0       0       0       0       0       0       0       0       
      +0       0       0       0       0       0       0       0       0       0       0       0       0       0       0       
      +0       0       0       0       0       0
  6642 ;;Total ram usage:        3 bytes
  6643 ;; Hardware stack levels used: 1
  6644 ;; This function calls:
  6645 ;;		Nothing
  6646 ;; This function is called by:
  6647 ;;		_UART2_Initialize
  6648 ;; This function uses a non-reentrant model
  6649 ;;
  6650                           
  6651                           	psect	text15
  6652   0027BC                     __ptext15:
  6653                           	callstack 0
  6654   0027BC                     _UART2_ParityErrorCallbackRegister:
  6655                           	callstack 28
  6656   0027BC                     
  6657                           ;mcc_generated_files/uart/src/uart2.c: 340: void UART2_ParityErrorCallbackRegister(void 
      +                          (* callbackHandler)(void));mcc_generated_files/uart/src/uart2.c: 341: {;mcc_generated_fi
      +                          les/uart/src/uart2.c: 342:     if(((void*)0) != callbackHandler)
  6658   0027BC  5001               	movf	UART2_ParityErrorCallbackRegister@callbackHandler^0,w,c
  6659   0027BE  1002               	iorwf	(UART2_ParityErrorCallbackRegister@callbackHandler+1)^0,w,c
  6660   0027C0  1003               	iorwf	(UART2_ParityErrorCallbackRegister@callbackHandler+2)^0,w,c
  6661   0027C2  B4D8               	btfsc	status,2,c
  6662   0027C4  EFE6  F013         	goto	u811
  6663   0027C8  EFE8  F013         	goto	u810
  6664   0027CC                     u811:
  6665   0027CC  EFEE  F013         	goto	l277
  6666   0027D0                     u810:
  6667   0027D0                     
  6668                           ;mcc_generated_files/uart/src/uart2.c: 343:     {;mcc_generated_files/uart/src/uart2.c: 
      +                          344:         UART2_ParityErrorHandler = callbackHandler;
  6669   0027D0  C001  F03A         	movff	UART2_ParityErrorCallbackRegister@callbackHandler,_UART2_ParityErrorHandler
  6670   0027D4  C002  F03B         	movff	UART2_ParityErrorCallbackRegister@callbackHandler+1,_UART2_ParityErrorHandler+1
  6671   0027D8  C003  F03C         	movff	UART2_ParityErrorCallbackRegister@callbackHandler+2,_UART2_ParityErrorHandler+2
  6672   0027DC                     l277:
  6673   0027DC  0012               	return		;funcret
  6674   0027DE                     __end_of_UART2_ParityErrorCallbackRegister:
  6675                           	callstack 0
  6676                           
  6677 ;; *************** function _UART2_OverrunErrorCallbackRegister *****************
  6678 ;; Defined at:
  6679 ;;		line 332 in file "mcc_generated_files/uart/src/uart2.c"
  6680 ;; Parameters:    Size  Location     Type
  6681 ;;  callbackHand    3    0[COMRAM] PTR FTN()void 
  6682 ;;		 -> UART2_DefaultOverrunErrorCallback(1), 
  6683 ;; Auto vars:     Size  Location     Type
  6684 ;;		None
  6685 ;; Return value:  Size  Location     Type
  6686 ;;                  1    wreg      void 
  6687 ;; Registers used:
  6688 ;;		wreg, status,2, status,0
  6689 ;; Tracked objects:
  6690 ;;		On entry : 0/0
  6691 ;;		On exit  : 0/0
  6692 ;;		Unchanged: 0/0
  6693 ;; Data sizes:     COMRAM   BANK0   BANK1   BANK2   BANK3   BANK4   BANK5   BANK6   BANK7   BANK8   BANK9  BANK10  BANK1
      +1  BANK12  BANK13  BANK14  BANK15  BANK16  BANK17  BANK18  BANK19  BANK20  BANK21  BANK22  BANK23  BANK24  BANK25  BANK2
      +6  BANK27  BANK28  BANK29  BANK30  BANK31
  6694 ;;      Params:         3       0       0       0       0       0       0       0       0       0       0       0       
      +0       0       0       0       0       0       0       0       0       0       0       0       0       0       0       
      +0       0       0       0       0       0
  6695 ;;      Locals:         0       0       0       0       0       0       0       0       0       0       0       0       
      +0       0       0       0       0       0       0       0       0       0       0       0       0       0       0       
      +0       0       0       0       0       0
  6696 ;;      Temps:          0       0       0       0       0       0       0       0       0       0       0       0       
      +0       0       0       0       0       0       0       0       0       0       0       0       0       0       0       
      +0       0       0       0       0       0
  6697 ;;      Totals:         3       0       0       0       0       0       0       0       0       0       0       0       
      +0       0       0       0       0       0       0       0       0       0       0       0       0       0       0       
      +0       0       0       0       0       0
  6698 ;;Total ram usage:        3 bytes
  6699 ;; Hardware stack levels used: 1
  6700 ;; This function calls:
  6701 ;;		Nothing
  6702 ;; This function is called by:
  6703 ;;		_UART2_Initialize
  6704 ;; This function uses a non-reentrant model
  6705 ;;
  6706                           
  6707                           	psect	text16
  6708   0027DE                     __ptext16:
  6709                           	callstack 0
  6710   0027DE                     _UART2_OverrunErrorCallbackRegister:
  6711                           	callstack 28
  6712   0027DE                     
  6713                           ;mcc_generated_files/uart/src/uart2.c: 332: void UART2_OverrunErrorCallbackRegister(void
      +                           (* callbackHandler)(void));mcc_generated_files/uart/src/uart2.c: 333: {;mcc_generated_f
      +                          iles/uart/src/uart2.c: 334:     if(((void*)0) != callbackHandler)
  6714   0027DE  5001               	movf	UART2_OverrunErrorCallbackRegister@callbackHandler^0,w,c
  6715   0027E0  1002               	iorwf	(UART2_OverrunErrorCallbackRegister@callbackHandler+1)^0,w,c
  6716   0027E2  1003               	iorwf	(UART2_OverrunErrorCallbackRegister@callbackHandler+2)^0,w,c
  6717   0027E4  B4D8               	btfsc	status,2,c
  6718   0027E6  EFF7  F013         	goto	u801
  6719   0027EA  EFF9  F013         	goto	u800
  6720   0027EE                     u801:
  6721   0027EE  EFFF  F013         	goto	l273
  6722   0027F2                     u800:
  6723   0027F2                     
  6724                           ;mcc_generated_files/uart/src/uart2.c: 335:     {;mcc_generated_files/uart/src/uart2.c: 
      +                          336:         UART2_OverrunErrorHandler = callbackHandler;
  6725   0027F2  C001  F03D         	movff	UART2_OverrunErrorCallbackRegister@callbackHandler,_UART2_OverrunErrorHandler
  6726   0027F6  C002  F03E         	movff	UART2_OverrunErrorCallbackRegister@callbackHandler+1,_UART2_OverrunErrorHandler+1
  6727   0027FA  C003  F03F         	movff	UART2_OverrunErrorCallbackRegister@callbackHandler+2,_UART2_OverrunErrorHandler+2
  6728   0027FE                     l273:
  6729   0027FE  0012               	return		;funcret
  6730   002800                     __end_of_UART2_OverrunErrorCallbackRegister:
  6731                           	callstack 0
  6732                           
  6733 ;; *************** function _UART2_FramingErrorCallbackRegister *****************
  6734 ;; Defined at:
  6735 ;;		line 324 in file "mcc_generated_files/uart/src/uart2.c"
  6736 ;; Parameters:    Size  Location     Type
  6737 ;;  callbackHand    3    0[COMRAM] PTR FTN()void 
  6738 ;;		 -> UART2_DefaultFramingErrorCallback(1), 
  6739 ;; Auto vars:     Size  Location     Type
  6740 ;;		None
  6741 ;; Return value:  Size  Location     Type
  6742 ;;                  1    wreg      void 
  6743 ;; Registers used:
  6744 ;;		wreg, status,2, status,0
  6745 ;; Tracked objects:
  6746 ;;		On entry : 0/0
  6747 ;;		On exit  : 0/0
  6748 ;;		Unchanged: 0/0
  6749 ;; Data sizes:     COMRAM   BANK0   BANK1   BANK2   BANK3   BANK4   BANK5   BANK6   BANK7   BANK8   BANK9  BANK10  BANK1
      +1  BANK12  BANK13  BANK14  BANK15  BANK16  BANK17  BANK18  BANK19  BANK20  BANK21  BANK22  BANK23  BANK24  BANK25  BANK2
      +6  BANK27  BANK28  BANK29  BANK30  BANK31
  6750 ;;      Params:         3       0       0       0       0       0       0       0       0       0       0       0       
      +0       0       0       0       0       0       0       0       0       0       0       0       0       0       0       
      +0       0       0       0       0       0
  6751 ;;      Locals:         0       0       0       0       0       0       0       0       0       0       0       0       
      +0       0       0       0       0       0       0       0       0       0       0       0       0       0       0       
      +0       0       0       0       0       0
  6752 ;;      Temps:          0       0       0       0       0       0       0       0       0       0       0       0       
      +0       0       0       0       0       0       0       0       0       0       0       0       0       0       0       
      +0       0       0       0       0       0
  6753 ;;      Totals:         3       0       0       0       0       0       0       0       0       0       0       0       
      +0       0       0       0       0       0       0       0       0       0       0       0       0       0       0       
      +0       0       0       0       0       0
  6754 ;;Total ram usage:        3 bytes
  6755 ;; Hardware stack levels used: 1
  6756 ;; This function calls:
  6757 ;;		Nothing
  6758 ;; This function is called by:
  6759 ;;		_UART2_Initialize
  6760 ;; This function uses a non-reentrant model
  6761 ;;
  6762                           
  6763                           	psect	text17
  6764   002800                     __ptext17:
  6765                           	callstack 0
  6766   002800                     _UART2_FramingErrorCallbackRegister:
  6767                           	callstack 28
  6768   002800                     
  6769                           ;mcc_generated_files/uart/src/uart2.c: 324: void UART2_FramingErrorCallbackRegister(void
      +                           (* callbackHandler)(void));mcc_generated_files/uart/src/uart2.c: 325: {;mcc_generated_f
      +                          iles/uart/src/uart2.c: 326:     if(((void*)0) != callbackHandler)
  6770   002800  5001               	movf	UART2_FramingErrorCallbackRegister@callbackHandler^0,w,c
  6771   002802  1002               	iorwf	(UART2_FramingErrorCallbackRegister@callbackHandler+1)^0,w,c
  6772   002804  1003               	iorwf	(UART2_FramingErrorCallbackRegister@callbackHandler+2)^0,w,c
  6773   002806  B4D8               	btfsc	status,2,c
  6774   002808  EF08  F014         	goto	u791
  6775   00280C  EF0A  F014         	goto	u790
  6776   002810                     u791:
  6777   002810  EF10  F014         	goto	l269
  6778   002814                     u790:
  6779   002814                     
  6780                           ;mcc_generated_files/uart/src/uart2.c: 327:     {;mcc_generated_files/uart/src/uart2.c: 
      +                          328:         UART2_FramingErrorHandler = callbackHandler;
  6781   002814  C001  F040         	movff	UART2_FramingErrorCallbackRegister@callbackHandler,_UART2_FramingErrorHandler
  6782   002818  C002  F041         	movff	UART2_FramingErrorCallbackRegister@callbackHandler+1,_UART2_FramingErrorHandler+1
  6783   00281C  C003  F042         	movff	UART2_FramingErrorCallbackRegister@callbackHandler+2,_UART2_FramingErrorHandler+2
  6784   002820                     l269:
  6785   002820  0012               	return		;funcret
  6786   002822                     __end_of_UART2_FramingErrorCallbackRegister:
  6787                           	callstack 0
  6788                           
  6789 ;; *************** function _PIN_MANAGER_Initialize *****************
  6790 ;; Defined at:
  6791 ;;		line 38 in file "mcc_generated_files/system/src/pins.c"
  6792 ;; Parameters:    Size  Location     Type
  6793 ;;		None
  6794 ;; Auto vars:     Size  Location     Type
  6795 ;;		None
  6796 ;; Return value:  Size  Location     Type
  6797 ;;                  1    wreg      void 
  6798 ;; Registers used:
  6799 ;;		wreg, status,2
  6800 ;; Tracked objects:
  6801 ;;		On entry : 0/0
  6802 ;;		On exit  : 0/0
  6803 ;;		Unchanged: 0/0
  6804 ;; Data sizes:     COMRAM   BANK0   BANK1   BANK2   BANK3   BANK4   BANK5   BANK6   BANK7   BANK8   BANK9  BANK10  BANK1
      +1  BANK12  BANK13  BANK14  BANK15  BANK16  BANK17  BANK18  BANK19  BANK20  BANK21  BANK22  BANK23  BANK24  BANK25  BANK2
      +6  BANK27  BANK28  BANK29  BANK30  BANK31
  6805 ;;      Params:         0       0       0       0       0       0       0       0       0       0       0       0       
      +0       0       0       0       0       0       0       0       0       0       0       0       0       0       0       
      +0       0       0       0       0       0
  6806 ;;      Locals:         0       0       0       0       0       0       0       0       0       0       0       0       
      +0       0       0       0       0       0       0       0       0       0       0       0       0       0       0       
      +0       0       0       0       0       0
  6807 ;;      Temps:          0       0       0       0       0       0       0       0       0       0       0       0       
      +0       0       0       0       0       0       0       0       0       0       0       0       0       0       0       
      +0       0       0       0       0       0
  6808 ;;      Totals:         0       0       0       0       0       0       0       0       0       0       0       0       
      +0       0       0       0       0       0       0       0       0       0       0       0       0       0       0       
      +0       0       0       0       0       0
  6809 ;;Total ram usage:        0 bytes
  6810 ;; Hardware stack levels used: 1
  6811 ;; This function calls:
  6812 ;;		Nothing
  6813 ;; This function is called by:
  6814 ;;		_SYSTEM_Initialize
  6815 ;; This function uses a non-reentrant model
  6816 ;;
  6817                           
  6818                           	psect	text18
  6819   00251E                     __ptext18:
  6820                           	callstack 0
  6821   00251E                     _PIN_MANAGER_Initialize:
  6822                           	callstack 29
  6823   00251E                     
  6824                           ;mcc_generated_files/system/src/pins.c: 43:     LATA = 0x0;
  6825   00251E  6ABA               	clrf	186,c	;volatile
  6826                           
  6827                           ;mcc_generated_files/system/src/pins.c: 44:     LATB = 0x0;
  6828   002520  6ABB               	clrf	187,c	;volatile
  6829                           
  6830                           ;mcc_generated_files/system/src/pins.c: 45:     LATC = 0x0;
  6831   002522  6ABC               	clrf	188,c	;volatile
  6832                           
  6833                           ;mcc_generated_files/system/src/pins.c: 46:     LATD = 0x0;
  6834   002524  6ABD               	clrf	189,c	;volatile
  6835                           
  6836                           ;mcc_generated_files/system/src/pins.c: 47:     LATE = 0x0;
  6837   002526  6ABE               	clrf	190,c	;volatile
  6838                           
  6839                           ;mcc_generated_files/system/src/pins.c: 51:     ODCONA = 0x0;
  6840   002528  013A               	movlb	58	; () banked
  6841   00252A  6B42               	clrf	66,b	;volatile
  6842                           
  6843                           ;mcc_generated_files/system/src/pins.c: 52:     ODCONB = 0x0;
  6844   00252C  6B52               	clrf	82,b	;volatile
  6845                           
  6846                           ;mcc_generated_files/system/src/pins.c: 53:     ODCONC = 0x0;
  6847   00252E  6B62               	clrf	98,b	;volatile
  6848                           
  6849                           ;mcc_generated_files/system/src/pins.c: 54:     ODCOND = 0x0;
  6850   002530  6B72               	clrf	114,b	;volatile
  6851                           
  6852                           ;mcc_generated_files/system/src/pins.c: 55:     ODCONE = 0x0;
  6853   002532  6B82               	clrf	130,b	;volatile
  6854                           
  6855                           ;mcc_generated_files/system/src/pins.c: 60:     TRISA = 0xFF;
  6856   002534  68C2               	setf	194,c	;volatile
  6857                           
  6858                           ;mcc_generated_files/system/src/pins.c: 61:     TRISB = 0xFF;
  6859   002536  68C3               	setf	195,c	;volatile
  6860                           
  6861                           ;mcc_generated_files/system/src/pins.c: 62:     TRISC = 0xFF;
  6862   002538  68C4               	setf	196,c	;volatile
  6863   00253A                     
  6864                           ; BSR set to: 58
  6865                           ;mcc_generated_files/system/src/pins.c: 63:     TRISD = 0xFE;
  6866   00253A  0EFE               	movlw	254
  6867   00253C  6EC5               	movwf	197,c	;volatile
  6868                           
  6869                           ;mcc_generated_files/system/src/pins.c: 64:     TRISE = 0x7;
  6870   00253E  0E07               	movlw	7
  6871   002540  6EC6               	movwf	198,c	;volatile
  6872   002542                     
  6873                           ; BSR set to: 58
  6874                           ;mcc_generated_files/system/src/pins.c: 69:     ANSELA = 0xFF;
  6875   002542  6940               	setf	64,b	;volatile
  6876   002544                     
  6877                           ; BSR set to: 58
  6878                           ;mcc_generated_files/system/src/pins.c: 70:     ANSELB = 0xFF;
  6879   002544  6950               	setf	80,b	;volatile
  6880   002546                     
  6881                           ; BSR set to: 58
  6882                           ;mcc_generated_files/system/src/pins.c: 71:     ANSELC = 0xFF;
  6883   002546  6960               	setf	96,b	;volatile
  6884                           
  6885                           ;mcc_generated_files/system/src/pins.c: 72:     ANSELD = 0xFC;
  6886   002548  0EFC               	movlw	252
  6887   00254A  6F70               	movwf	112,b	;volatile
  6888                           
  6889                           ;mcc_generated_files/system/src/pins.c: 73:     ANSELE = 0x7;
  6890   00254C  0E07               	movlw	7
  6891   00254E  6F80               	movwf	128,b	;volatile
  6892   002550                     
  6893                           ; BSR set to: 58
  6894                           ;mcc_generated_files/system/src/pins.c: 78:     WPUA = 0x0;
  6895   002550  6B41               	clrf	65,b	;volatile
  6896   002552                     
  6897                           ; BSR set to: 58
  6898                           ;mcc_generated_files/system/src/pins.c: 79:     WPUB = 0x0;
  6899   002552  6B51               	clrf	81,b	;volatile
  6900   002554                     
  6901                           ; BSR set to: 58
  6902                           ;mcc_generated_files/system/src/pins.c: 80:     WPUC = 0x0;
  6903   002554  6B61               	clrf	97,b	;volatile
  6904   002556                     
  6905                           ; BSR set to: 58
  6906                           ;mcc_generated_files/system/src/pins.c: 81:     WPUD = 0x0;
  6907   002556  6B71               	clrf	113,b	;volatile
  6908   002558                     
  6909                           ; BSR set to: 58
  6910                           ;mcc_generated_files/system/src/pins.c: 82:     WPUE = 0x0;
  6911   002558  6B81               	clrf	129,b	;volatile
  6912   00255A                     
  6913                           ; BSR set to: 58
  6914                           ;mcc_generated_files/system/src/pins.c: 88:     SLRCONA = 0xFF;
  6915   00255A  6943               	setf	67,b	;volatile
  6916   00255C                     
  6917                           ; BSR set to: 58
  6918                           ;mcc_generated_files/system/src/pins.c: 89:     SLRCONB = 0xFF;
  6919   00255C  6953               	setf	83,b	;volatile
  6920   00255E                     
  6921                           ; BSR set to: 58
  6922                           ;mcc_generated_files/system/src/pins.c: 90:     SLRCONC = 0xFF;
  6923   00255E  6963               	setf	99,b	;volatile
  6924   002560                     
  6925                           ; BSR set to: 58
  6926                           ;mcc_generated_files/system/src/pins.c: 91:     SLRCOND = 0xFF;
  6927   002560  6973               	setf	115,b	;volatile
  6928                           
  6929                           ;mcc_generated_files/system/src/pins.c: 92:     SLRCONE = 0x7;
  6930   002562  0E07               	movlw	7
  6931   002564  6F83               	movwf	131,b	;volatile
  6932   002566                     
  6933                           ; BSR set to: 58
  6934                           ;mcc_generated_files/system/src/pins.c: 97:     INLVLA = 0xFF;
  6935   002566  6944               	setf	68,b	;volatile
  6936   002568                     
  6937                           ; BSR set to: 58
  6938                           ;mcc_generated_files/system/src/pins.c: 98:     INLVLB = 0xFF;
  6939   002568  6954               	setf	84,b	;volatile
  6940   00256A                     
  6941                           ; BSR set to: 58
  6942                           ;mcc_generated_files/system/src/pins.c: 99:     INLVLC = 0xFF;
  6943   00256A  6964               	setf	100,b	;volatile
  6944   00256C                     
  6945                           ; BSR set to: 58
  6946                           ;mcc_generated_files/system/src/pins.c: 100:     INLVLD = 0xFF;
  6947   00256C  6974               	setf	116,b	;volatile
  6948                           
  6949                           ;mcc_generated_files/system/src/pins.c: 101:     INLVLE = 0xF;
  6950   00256E  0E0F               	movlw	15
  6951   002570  6F84               	movwf	132,b	;volatile
  6952   002572                     
  6953                           ; BSR set to: 58
  6954                           ;mcc_generated_files/system/src/pins.c: 106:     RB1I2C = 0x0;
  6955   002572  6B5A               	clrf	90,b	;volatile
  6956   002574                     
  6957                           ; BSR set to: 58
  6958                           ;mcc_generated_files/system/src/pins.c: 107:     RB2I2C = 0x0;
  6959   002574  6B5B               	clrf	91,b	;volatile
  6960   002576                     
  6961                           ; BSR set to: 58
  6962                           ;mcc_generated_files/system/src/pins.c: 108:     RC3I2C = 0x0;
  6963   002576  6B6A               	clrf	106,b	;volatile
  6964   002578                     
  6965                           ; BSR set to: 58
  6966                           ;mcc_generated_files/system/src/pins.c: 109:     RC4I2C = 0x0;
  6967   002578  6B6B               	clrf	107,b	;volatile
  6968   00257A                     
  6969                           ; BSR set to: 58
  6970                           ;mcc_generated_files/system/src/pins.c: 110:     RD0I2C = 0x0;
  6971   00257A  6B7A               	clrf	122,b	;volatile
  6972   00257C                     
  6973                           ; BSR set to: 58
  6974                           ;mcc_generated_files/system/src/pins.c: 111:     RD1I2C = 0x0;
  6975   00257C  6B7B               	clrf	123,b	;volatile
  6976                           
  6977                           ;mcc_generated_files/system/src/pins.c: 115:     U2RXPPS = 0x19;
  6978   00257E  0E19               	movlw	25
  6979   002580  6FE8               	movwf	232,b	;volatile
  6980                           
  6981                           ;mcc_generated_files/system/src/pins.c: 116:     RD0PPS = 0x16;
  6982   002582  0E16               	movlw	22
  6983   002584  6F18               	movwf	24,b	;volatile
  6984   002586                     
  6985                           ; BSR set to: 58
  6986                           ;mcc_generated_files/system/src/pins.c: 121:     IOCAP = 0x0;
  6987   002586  6B45               	clrf	69,b	;volatile
  6988   002588                     
  6989                           ; BSR set to: 58
  6990                           ;mcc_generated_files/system/src/pins.c: 122:     IOCAN = 0x0;
  6991   002588  6B46               	clrf	70,b	;volatile
  6992   00258A                     
  6993                           ; BSR set to: 58
  6994                           ;mcc_generated_files/system/src/pins.c: 123:     IOCAF = 0x0;
  6995   00258A  6B47               	clrf	71,b	;volatile
  6996   00258C                     
  6997                           ; BSR set to: 58
  6998                           ;mcc_generated_files/system/src/pins.c: 124:     IOCBP = 0x0;
  6999   00258C  6B55               	clrf	85,b	;volatile
  7000   00258E                     
  7001                           ; BSR set to: 58
  7002                           ;mcc_generated_files/system/src/pins.c: 125:     IOCBN = 0x0;
  7003   00258E  6B56               	clrf	86,b	;volatile
  7004   002590                     
  7005                           ; BSR set to: 58
  7006                           ;mcc_generated_files/system/src/pins.c: 126:     IOCBF = 0x0;
  7007   002590  6B57               	clrf	87,b	;volatile
  7008   002592                     
  7009                           ; BSR set to: 58
  7010                           ;mcc_generated_files/system/src/pins.c: 127:     IOCCP = 0x0;
  7011   002592  6B65               	clrf	101,b	;volatile
  7012   002594                     
  7013                           ; BSR set to: 58
  7014                           ;mcc_generated_files/system/src/pins.c: 128:     IOCCN = 0x0;
  7015   002594  6B66               	clrf	102,b	;volatile
  7016   002596                     
  7017                           ; BSR set to: 58
  7018                           ;mcc_generated_files/system/src/pins.c: 129:     IOCCF = 0x0;
  7019   002596  6B67               	clrf	103,b	;volatile
  7020   002598                     
  7021                           ; BSR set to: 58
  7022                           ;mcc_generated_files/system/src/pins.c: 130:     IOCEP = 0x0;
  7023   002598  6B85               	clrf	133,b	;volatile
  7024   00259A                     
  7025                           ; BSR set to: 58
  7026                           ;mcc_generated_files/system/src/pins.c: 131:     IOCEN = 0x0;
  7027   00259A  6B86               	clrf	134,b	;volatile
  7028   00259C                     
  7029                           ; BSR set to: 58
  7030                           ;mcc_generated_files/system/src/pins.c: 132:     IOCEF = 0x0;
  7031   00259C  6B87               	clrf	135,b	;volatile
  7032   00259E                     
  7033                           ; BSR set to: 58
  7034   00259E  0012               	return		;funcret
  7035   0025A0                     __end_of_PIN_MANAGER_Initialize:
  7036                           	callstack 0
  7037                           
  7038 ;; *************** function _INTERRUPT_Initialize *****************
  7039 ;; Defined at:
  7040 ;;		line 42 in file "mcc_generated_files/system/src/interrupt.c"
  7041 ;; Parameters:    Size  Location     Type
  7042 ;;		None
  7043 ;; Auto vars:     Size  Location     Type
  7044 ;;		None
  7045 ;; Return value:  Size  Location     Type
  7046 ;;                  1    wreg      void 
  7047 ;; Registers used:
  7048 ;;		wreg, status,2, status,0, cstack
  7049 ;; Tracked objects:
  7050 ;;		On entry : 0/0
  7051 ;;		On exit  : 0/0
  7052 ;;		Unchanged: 0/0
  7053 ;; Data sizes:     COMRAM   BANK0   BANK1   BANK2   BANK3   BANK4   BANK5   BANK6   BANK7   BANK8   BANK9  BANK10  BANK1
      +1  BANK12  BANK13  BANK14  BANK15  BANK16  BANK17  BANK18  BANK19  BANK20  BANK21  BANK22  BANK23  BANK24  BANK25  BANK2
      +6  BANK27  BANK28  BANK29  BANK30  BANK31
  7054 ;;      Params:         0       0       0       0       0       0       0       0       0       0       0       0       
      +0       0       0       0       0       0       0       0       0       0       0       0       0       0       0       
      +0       0       0       0       0       0
  7055 ;;      Locals:         0       0       0       0       0       0       0       0       0       0       0       0       
      +0       0       0       0       0       0       0       0       0       0       0       0       0       0       0       
      +0       0       0       0       0       0
  7056 ;;      Temps:          0       0       0       0       0       0       0       0       0       0       0       0       
      +0       0       0       0       0       0       0       0       0       0       0       0       0       0       0       
      +0       0       0       0       0       0
  7057 ;;      Totals:         0       0       0       0       0       0       0       0       0       0       0       0       
      +0       0       0       0       0       0       0       0       0       0       0       0       0       0       0       
      +0       0       0       0       0       0
  7058 ;;Total ram usage:        0 bytes
  7059 ;; Hardware stack levels used: 1
  7060 ;; Hardware stack levels required when called: 1
  7061 ;; This function calls:
  7062 ;;		_INT0_SetInterruptHandler
  7063 ;;		_INT1_SetInterruptHandler
  7064 ;;		_INT2_SetInterruptHandler
  7065 ;; This function is called by:
  7066 ;;		_SYSTEM_Initialize
  7067 ;; This function uses a non-reentrant model
  7068 ;;
  7069                           
  7070                           	psect	text19
  7071   00271A                     __ptext19:
  7072                           	callstack 0
  7073   00271A                     _INTERRUPT_Initialize:
  7074                           	callstack 28
  7075   00271A                     
  7076                           ;mcc_generated_files/system/src/interrupt.c: 45:     INTCON0bits.IPEN = 0;
  7077   00271A  9AD2               	bcf	210,5,c	;volatile
  7078                           
  7079                           ;mcc_generated_files/system/src/interrupt.c: 49:     (PIR1bits.INT0IF = 0);
  7080   00271C  0139               	movlb	57	; () banked
  7081   00271E  91A1               	bcf	161,0,b	;volatile
  7082                           
  7083                           ;mcc_generated_files/system/src/interrupt.c: 50:     (INTCON0bits.INT0EDG = 1);
  7084   002720  80D2               	bsf	210,0,c	;volatile
  7085   002722                     
  7086                           ; BSR set to: 57
  7087                           ;mcc_generated_files/system/src/interrupt.c: 52:     INT0_SetInterruptHandler(INT0_Defau
      +                          ltInterruptHandler);
  7088   002722  0E00               	movlw	0
  7089   002724  6E01               	movwf	INT0_SetInterruptHandler@InterruptHandler^0,c
  7090   002726  0E00               	movlw	0
  7091   002728  6E02               	movwf	(INT0_SetInterruptHandler@InterruptHandler+1)^0,c
  7092   00272A  0E00               	movlw	0
  7093   00272C  6E03               	movwf	(INT0_SetInterruptHandler@InterruptHandler+2)^0,c
  7094   00272E  EC5D  F014         	call	_INT0_SetInterruptHandler	;wreg free
  7095   002732                     
  7096                           ;mcc_generated_files/system/src/interrupt.c: 57:     (PIR5bits.INT1IF = 0);
  7097   002732  0139               	movlb	57	; () banked
  7098   002734  91A5               	bcf	165,0,b	;volatile
  7099   002736                     
  7100                           ; BSR set to: 57
  7101                           ;mcc_generated_files/system/src/interrupt.c: 58:     (INTCON0bits.INT1EDG = 1);
  7102   002736  82D2               	bsf	210,1,c	;volatile
  7103                           
  7104                           ;mcc_generated_files/system/src/interrupt.c: 60:     INT1_SetInterruptHandler(INT1_Defau
      +                          ltInterruptHandler);
  7105   002738  0E00               	movlw	0
  7106   00273A  6E01               	movwf	INT1_SetInterruptHandler@InterruptHandler^0,c
  7107   00273C  0E00               	movlw	0
  7108   00273E  6E02               	movwf	(INT1_SetInterruptHandler@InterruptHandler+1)^0,c
  7109   002740  0E00               	movlw	0
  7110   002742  6E03               	movwf	(INT1_SetInterruptHandler@InterruptHandler+2)^0,c
  7111   002744  EC56  F014         	call	_INT1_SetInterruptHandler	;wreg free
  7112   002748                     
  7113                           ;mcc_generated_files/system/src/interrupt.c: 65:     (PIR7bits.INT2IF = 0);
  7114   002748  0139               	movlb	57	; () banked
  7115   00274A  9BA7               	bcf	167,5,b	;volatile
  7116   00274C                     
  7117                           ; BSR set to: 57
  7118                           ;mcc_generated_files/system/src/interrupt.c: 66:     (INTCON0bits.INT2EDG = 1);
  7119   00274C  84D2               	bsf	210,2,c	;volatile
  7120                           
  7121                           ;mcc_generated_files/system/src/interrupt.c: 68:     INT2_SetInterruptHandler(INT2_Defau
      +                          ltInterruptHandler);
  7122   00274E  0E00               	movlw	0
  7123   002750  6E01               	movwf	INT2_SetInterruptHandler@InterruptHandler^0,c
  7124   002752  0E00               	movlw	0
  7125   002754  6E02               	movwf	(INT2_SetInterruptHandler@InterruptHandler+1)^0,c
  7126   002756  0E00               	movlw	0
  7127   002758  6E03               	movwf	(INT2_SetInterruptHandler@InterruptHandler+2)^0,c
  7128   00275A  EC4F  F014         	call	_INT2_SetInterruptHandler	;wreg free
  7129   00275E  0012               	return		;funcret
  7130   002760                     __end_of_INTERRUPT_Initialize:
  7131                           	callstack 0
  7132                           
  7133 ;; *************** function _INT2_SetInterruptHandler *****************
  7134 ;; Defined at:
  7135 ;;		line 144 in file "mcc_generated_files/system/src/interrupt.c"
  7136 ;; Parameters:    Size  Location     Type
  7137 ;;  InterruptHan    3    0[COMRAM] PTR FTN()void 
  7138 ;;		 -> INT2_DefaultInterruptHandler(1), 
  7139 ;; Auto vars:     Size  Location     Type
  7140 ;;		None
  7141 ;; Return value:  Size  Location     Type
  7142 ;;                  1    wreg      void 
  7143 ;; Registers used:
  7144 ;;		wreg, status,2, status,0
  7145 ;; Tracked objects:
  7146 ;;		On entry : 0/0
  7147 ;;		On exit  : 0/0
  7148 ;;		Unchanged: 0/0
  7149 ;; Data sizes:     COMRAM   BANK0   BANK1   BANK2   BANK3   BANK4   BANK5   BANK6   BANK7   BANK8   BANK9  BANK10  BANK1
      +1  BANK12  BANK13  BANK14  BANK15  BANK16  BANK17  BANK18  BANK19  BANK20  BANK21  BANK22  BANK23  BANK24  BANK25  BANK2
      +6  BANK27  BANK28  BANK29  BANK30  BANK31
  7150 ;;      Params:         3       0       0       0       0       0       0       0       0       0       0       0       
      +0       0       0       0       0       0       0       0       0       0       0       0       0       0       0       
      +0       0       0       0       0       0
  7151 ;;      Locals:         0       0       0       0       0       0       0       0       0       0       0       0       
      +0       0       0       0       0       0       0       0       0       0       0       0       0       0       0       
      +0       0       0       0       0       0
  7152 ;;      Temps:          0       0       0       0       0       0       0       0       0       0       0       0       
      +0       0       0       0       0       0       0       0       0       0       0       0       0       0       0       
      +0       0       0       0       0       0
  7153 ;;      Totals:         3       0       0       0       0       0       0       0       0       0       0       0       
      +0       0       0       0       0       0       0       0       0       0       0       0       0       0       0       
      +0       0       0       0       0       0
  7154 ;;Total ram usage:        3 bytes
  7155 ;; Hardware stack levels used: 1
  7156 ;; This function calls:
  7157 ;;		Nothing
  7158 ;; This function is called by:
  7159 ;;		_INTERRUPT_Initialize
  7160 ;; This function uses a non-reentrant model
  7161 ;;
  7162                           
  7163                           	psect	text20
  7164   00289E                     __ptext20:
  7165                           	callstack 0
  7166   00289E                     _INT2_SetInterruptHandler:
  7167                           	callstack 28
  7168   00289E                     
  7169                           ;mcc_generated_files/system/src/interrupt.c: 145:     INT2_InterruptHandler = InterruptH
      +                          andler;
  7170   00289E  C001  F043         	movff	INT2_SetInterruptHandler@InterruptHandler,_INT2_InterruptHandler
  7171   0028A2  C002  F044         	movff	INT2_SetInterruptHandler@InterruptHandler+1,_INT2_InterruptHandler+1
  7172   0028A6  C003  F045         	movff	INT2_SetInterruptHandler@InterruptHandler+2,_INT2_InterruptHandler+2
  7173   0028AA  0012               	return		;funcret
  7174   0028AC                     __end_of_INT2_SetInterruptHandler:
  7175                           	callstack 0
  7176                           
  7177 ;; *************** function _INT1_SetInterruptHandler *****************
  7178 ;; Defined at:
  7179 ;;		line 118 in file "mcc_generated_files/system/src/interrupt.c"
  7180 ;; Parameters:    Size  Location     Type
  7181 ;;  InterruptHan    3    0[COMRAM] PTR FTN()void 
  7182 ;;		 -> INT1_DefaultInterruptHandler(1), 
  7183 ;; Auto vars:     Size  Location     Type
  7184 ;;		None
  7185 ;; Return value:  Size  Location     Type
  7186 ;;                  1    wreg      void 
  7187 ;; Registers used:
  7188 ;;		wreg, status,2, status,0
  7189 ;; Tracked objects:
  7190 ;;		On entry : 0/0
  7191 ;;		On exit  : 0/0
  7192 ;;		Unchanged: 0/0
  7193 ;; Data sizes:     COMRAM   BANK0   BANK1   BANK2   BANK3   BANK4   BANK5   BANK6   BANK7   BANK8   BANK9  BANK10  BANK1
      +1  BANK12  BANK13  BANK14  BANK15  BANK16  BANK17  BANK18  BANK19  BANK20  BANK21  BANK22  BANK23  BANK24  BANK25  BANK2
      +6  BANK27  BANK28  BANK29  BANK30  BANK31
  7194 ;;      Params:         3       0       0       0       0       0       0       0       0       0       0       0       
      +0       0       0       0       0       0       0       0       0       0       0       0       0       0       0       
      +0       0       0       0       0       0
  7195 ;;      Locals:         0       0       0       0       0       0       0       0       0       0       0       0       
      +0       0       0       0       0       0       0       0       0       0       0       0       0       0       0       
      +0       0       0       0       0       0
  7196 ;;      Temps:          0       0       0       0       0       0       0       0       0       0       0       0       
      +0       0       0       0       0       0       0       0       0       0       0       0       0       0       0       
      +0       0       0       0       0       0
  7197 ;;      Totals:         3       0       0       0       0       0       0       0       0       0       0       0       
      +0       0       0       0       0       0       0       0       0       0       0       0       0       0       0       
      +0       0       0       0       0       0
  7198 ;;Total ram usage:        3 bytes
  7199 ;; Hardware stack levels used: 1
  7200 ;; This function calls:
  7201 ;;		Nothing
  7202 ;; This function is called by:
  7203 ;;		_INTERRUPT_Initialize
  7204 ;; This function uses a non-reentrant model
  7205 ;;
  7206                           
  7207                           	psect	text21
  7208   0028AC                     __ptext21:
  7209                           	callstack 0
  7210   0028AC                     _INT1_SetInterruptHandler:
  7211                           	callstack 28
  7212   0028AC                     
  7213                           ;mcc_generated_files/system/src/interrupt.c: 119:     INT1_InterruptHandler = InterruptH
      +                          andler;
  7214   0028AC  C001  F046         	movff	INT1_SetInterruptHandler@InterruptHandler,_INT1_InterruptHandler
  7215   0028B0  C002  F047         	movff	INT1_SetInterruptHandler@InterruptHandler+1,_INT1_InterruptHandler+1
  7216   0028B4  C003  F048         	movff	INT1_SetInterruptHandler@InterruptHandler+2,_INT1_InterruptHandler+2
  7217   0028B8  0012               	return		;funcret
  7218   0028BA                     __end_of_INT1_SetInterruptHandler:
  7219                           	callstack 0
  7220                           
  7221 ;; *************** function _INT0_SetInterruptHandler *****************
  7222 ;; Defined at:
  7223 ;;		line 92 in file "mcc_generated_files/system/src/interrupt.c"
  7224 ;; Parameters:    Size  Location     Type
  7225 ;;  InterruptHan    3    0[COMRAM] PTR FTN()void 
  7226 ;;		 -> INT0_DefaultInterruptHandler(1), 
  7227 ;; Auto vars:     Size  Location     Type
  7228 ;;		None
  7229 ;; Return value:  Size  Location     Type
  7230 ;;                  1    wreg      void 
  7231 ;; Registers used:
  7232 ;;		wreg, status,2, status,0
  7233 ;; Tracked objects:
  7234 ;;		On entry : 0/0
  7235 ;;		On exit  : 0/0
  7236 ;;		Unchanged: 0/0
  7237 ;; Data sizes:     COMRAM   BANK0   BANK1   BANK2   BANK3   BANK4   BANK5   BANK6   BANK7   BANK8   BANK9  BANK10  BANK1
      +1  BANK12  BANK13  BANK14  BANK15  BANK16  BANK17  BANK18  BANK19  BANK20  BANK21  BANK22  BANK23  BANK24  BANK25  BANK2
      +6  BANK27  BANK28  BANK29  BANK30  BANK31
  7238 ;;      Params:         3       0       0       0       0       0       0       0       0       0       0       0       
      +0       0       0       0       0       0       0       0       0       0       0       0       0       0       0       
      +0       0       0       0       0       0
  7239 ;;      Locals:         0       0       0       0       0       0       0       0       0       0       0       0       
      +0       0       0       0       0       0       0       0       0       0       0       0       0       0       0       
      +0       0       0       0       0       0
  7240 ;;      Temps:          0       0       0       0       0       0       0       0       0       0       0       0       
      +0       0       0       0       0       0       0       0       0       0       0       0       0       0       0       
      +0       0       0       0       0       0
  7241 ;;      Totals:         3       0       0       0       0       0       0       0       0       0       0       0       
      +0       0       0       0       0       0       0       0       0       0       0       0       0       0       0       
      +0       0       0       0       0       0
  7242 ;;Total ram usage:        3 bytes
  7243 ;; Hardware stack levels used: 1
  7244 ;; This function calls:
  7245 ;;		Nothing
  7246 ;; This function is called by:
  7247 ;;		_INTERRUPT_Initialize
  7248 ;; This function uses a non-reentrant model
  7249 ;;
  7250                           
  7251                           	psect	text22
  7252   0028BA                     __ptext22:
  7253                           	callstack 0
  7254   0028BA                     _INT0_SetInterruptHandler:
  7255                           	callstack 28
  7256   0028BA                     
  7257                           ;mcc_generated_files/system/src/interrupt.c: 93:     INT0_InterruptHandler = InterruptHa
      +                          ndler;
  7258   0028BA  C001  F049         	movff	INT0_SetInterruptHandler@InterruptHandler,_INT0_InterruptHandler
  7259   0028BE  C002  F04A         	movff	INT0_SetInterruptHandler@InterruptHandler+1,_INT0_InterruptHandler+1
  7260   0028C2  C003  F04B         	movff	INT0_SetInterruptHandler@InterruptHandler+2,_INT0_InterruptHandler+2
  7261   0028C6  0012               	return		;funcret
  7262   0028C8                     __end_of_INT0_SetInterruptHandler:
  7263                           	callstack 0
  7264                           
  7265 ;; *************** function _CLOCK_Initialize *****************
  7266 ;; Defined at:
  7267 ;;		line 39 in file "mcc_generated_files/system/src/clock.c"
  7268 ;; Parameters:    Size  Location     Type
  7269 ;;		None
  7270 ;; Auto vars:     Size  Location     Type
  7271 ;;		None
  7272 ;; Return value:  Size  Location     Type
  7273 ;;                  1    wreg      void 
  7274 ;; Registers used:
  7275 ;;		wreg, status,2
  7276 ;; Tracked objects:
  7277 ;;		On entry : 0/0
  7278 ;;		On exit  : 0/0
  7279 ;;		Unchanged: 0/0
  7280 ;; Data sizes:     COMRAM   BANK0   BANK1   BANK2   BANK3   BANK4   BANK5   BANK6   BANK7   BANK8   BANK9  BANK10  BANK1
      +1  BANK12  BANK13  BANK14  BANK15  BANK16  BANK17  BANK18  BANK19  BANK20  BANK21  BANK22  BANK23  BANK24  BANK25  BANK2
      +6  BANK27  BANK28  BANK29  BANK30  BANK31
  7281 ;;      Params:         0       0       0       0       0       0       0       0       0       0       0       0       
      +0       0       0       0       0       0       0       0       0       0       0       0       0       0       0       
      +0       0       0       0       0       0
  7282 ;;      Locals:         0       0       0       0       0       0       0       0       0       0       0       0       
      +0       0       0       0       0       0       0       0       0       0       0       0       0       0       0       
      +0       0       0       0       0       0
  7283 ;;      Temps:          0       0       0       0       0       0       0       0       0       0       0       0       
      +0       0       0       0       0       0       0       0       0       0       0       0       0       0       0       
      +0       0       0       0       0       0
  7284 ;;      Totals:         0       0       0       0       0       0       0       0       0       0       0       0       
      +0       0       0       0       0       0       0       0       0       0       0       0       0       0       0       
      +0       0       0       0       0       0
  7285 ;;Total ram usage:        0 bytes
  7286 ;; Hardware stack levels used: 1
  7287 ;; This function calls:
  7288 ;;		Nothing
  7289 ;; This function is called by:
  7290 ;;		_SYSTEM_Initialize
  7291 ;; This function uses a non-reentrant model
  7292 ;;
  7293                           
  7294                           	psect	text23
  7295   00288C                     __ptext23:
  7296                           	callstack 0
  7297   00288C                     _CLOCK_Initialize:
  7298                           	callstack 29
  7299   00288C                     
  7300                           ;mcc_generated_files/system/src/clock.c: 42:     OSCCON1 = (0 << 0x0)
  7301   00288C  0E60               	movlw	96
  7302   00288E  0139               	movlb	57	; () banked
  7303   002890  6FD9               	movwf	217,b	;volatile
  7304   002892                     
  7305                           ; BSR set to: 57
  7306                           ;mcc_generated_files/system/src/clock.c: 44:     OSCCON3 = (0 << 0x6)
  7307   002892  6BDB               	clrf	219,b	;volatile
  7308   002894                     
  7309                           ; BSR set to: 57
  7310                           ;mcc_generated_files/system/src/clock.c: 46:     OSCEN = (0 << 0x7)
  7311   002894  6BDD               	clrf	221,b	;volatile
  7312                           
  7313                           ;mcc_generated_files/system/src/clock.c: 52:     OSCFRQ = (8 << 0x0);
  7314   002896  0E08               	movlw	8
  7315   002898  6FDF               	movwf	223,b	;volatile
  7316   00289A                     
  7317                           ; BSR set to: 57
  7318                           ;mcc_generated_files/system/src/clock.c: 53:     OSCTUNE = (0 << 0x0);
  7319   00289A  6BDE               	clrf	222,b	;volatile
  7320   00289C                     
  7321                           ; BSR set to: 57
  7322   00289C  0012               	return		;funcret
  7323   00289E                     __end_of_CLOCK_Initialize:
  7324                           	callstack 0
  7325                           
  7326                           	psect	rparam
  7327   000001                     ___rparam_used  equ	1
  7328   000000                     ___param_bank   equ	0
  7329   000000                     __Lparam        equ	__Lrparam
  7330   000000                     __Hparam        equ	__Hrparam
  7331                           
  7332                           	psect	config
  7333                           
  7334                           ;Config register CONFIG1L @ 0x300000
  7335                           ;	External Oscillator Selection
  7336                           ;	FEXTOSC = ECH, EC (external clock) above 8 MHz; PFM set to high power
  7337                           ;	Reset Oscillator Selection
  7338                           ;	RSTOSC = HFINTOSC_64MHZ, HFINTOSC with HFFRQ = 64 MHz and CDIV = 1:1
  7339   300000                     	org	3145728
  7340   300000  8F                 	db	143
  7341                           
  7342                           ;Config register CONFIG1H @ 0x300001
  7343                           ;	Clock out Enable bit
  7344                           ;	CLKOUTEN = OFF, CLKOUT function is disabled
  7345                           ;	PRLOCKED One-Way Set Enable bit
  7346                           ;	PR1WAY = ON, PRLOCK bit can be cleared and set only once
  7347                           ;	Clock Switch Enable bit
  7348                           ;	CSWEN = ON, Writing to NOSC and NDIV is allowed
  7349                           ;	Fail-Safe Clock Monitor Enable bit
  7350                           ;	FCMEN = ON, Fail-Safe Clock Monitor enabled
  7351   300001                     	org	3145729
  7352   300001  FF                 	db	255
  7353                           
  7354                           ;Config register CONFIG2L @ 0x300002
  7355                           ;	MCLR Enable bit
  7356                           ;	MCLRE = EXTMCLR, If LVP = 0, MCLR pin is MCLR; If LVP = 1, RE3 pin function is MCLR
  7357                           ;	Power-up timer selection bits
  7358                           ;	PWRTS = PWRT_OFF, PWRT is disabled
  7359                           ;	Multi-vector enable bit
  7360                           ;	MVECEN = OFF, Interrupt contoller does not use vector table to prioritze interrupts
  7361                           ;	IVTLOCK bit One-way set enable bit
  7362                           ;	IVT1WAY = ON, IVTLOCK bit can be cleared and set only once
  7363                           ;	Low Power BOR Enable bit
  7364                           ;	LPBOREN = OFF, ULPBOR disabled
  7365                           ;	Brown-out Reset Enable bits
  7366                           ;	BOREN = SBORDIS, Brown-out Reset enabled , SBOREN bit is ignored
  7367   300002                     	org	3145730
  7368   300002  F7                 	db	247
  7369                           
  7370                           ;Config register CONFIG2H @ 0x300003
  7371                           ;	Brown-out Reset Voltage Selection bits
  7372                           ;	BORV = VBOR_2P45, Brown-out Reset Voltage (VBOR) set to 2.45V
  7373                           ;	ZCD Disable bit
  7374                           ;	ZCD = OFF, ZCD disabled. ZCD can be enabled by setting the ZCDSEN bit of ZCDCON
  7375                           ;	PPSLOCK bit One-Way Set Enable bit
  7376                           ;	PPS1WAY = ON, PPSLOCK bit can be cleared and set only once; PPS registers remain locke
      +                          d after one clear/set cycle
  7377                           ;	Stack Full/Underflow Reset Enable bit
  7378                           ;	STVREN = ON, Stack full/underflow will cause Reset
  7379                           ;	Debugger Enable bit
  7380                           ;	DEBUG = 0x1, unprogrammed default
  7381                           ;	Extended Instruction Set Enable bit
  7382                           ;	XINST = OFF, Extended Instruction Set and Indexed Addressing Mode disabled
  7383   300003                     	org	3145731
  7384   300003  FF                 	db	255
  7385                           
  7386                           ;Config register CONFIG3L @ 0x300004
  7387                           ;	WDT Period selection bits
  7388                           ;	WDTCPS = WDTCPS_31, Divider ratio 1:65536; software control of WDTPS
  7389                           ;	WDT operating mode
  7390                           ;	WDTE = OFF, WDT Disabled; SWDTEN is ignored
  7391   300004                     	org	3145732
  7392   300004  9F                 	db	159
  7393                           
  7394                           ;Config register CONFIG3H @ 0x300005
  7395                           ;	WDT Window Select bits
  7396                           ;	WDTCWS = WDTCWS_7, window always open (100%); software control; keyed access not requi
      +                          red
  7397                           ;	WDT input clock selector
  7398                           ;	WDTCCS = SC, Software Control
  7399   300005                     	org	3145733
  7400   300005  FF                 	db	255
  7401                           
  7402                           ;Config register CONFIG4L @ 0x300006
  7403                           ;	Boot Block Size selection bits
  7404                           ;	BBSIZE = BBSIZE_512, Boot Block size is 512 words
  7405                           ;	Boot Block enable bit
  7406                           ;	BBEN = OFF, Boot block disabled
  7407                           ;	Storage Area Flash enable bit
  7408                           ;	SAFEN = OFF, SAF disabled
  7409                           ;	Application Block write protection bit
  7410                           ;	WRTAPP = OFF, Application Block not write protected
  7411   300006                     	org	3145734
  7412   300006  FF                 	db	255
  7413                           
  7414                           ;Config register CONFIG4H @ 0x300007
  7415                           ;	Boot Block Write Protection bit
  7416                           ;	WRTB = OFF, Boot Block not write-protected
  7417                           ;	Configuration Register Write Protection bit
  7418                           ;	WRTC = OFF, Configuration registers not write-protected
  7419                           ;	Data EEPROM Write Protection bit
  7420                           ;	WRTD = OFF, Data EEPROM not write-protected
  7421                           ;	SAF Write protection bit
  7422                           ;	WRTSAF = OFF, SAF not Write Protected
  7423                           ;	Low Voltage Programming Enable bit
  7424                           ;	LVP = ON, Low voltage programming enabled. MCLR/VPP pin function is MCLR. MCLRE config
      +                          uration bit is ignored
  7425   300007                     	org	3145735
  7426   300007  FF                 	db	255
  7427                           
  7428                           ;Config register CONFIG5L @ 0x300008
  7429                           ;	PFM and Data EEPROM Code Protection bit
  7430                           ;	CP = OFF, PFM and Data EEPROM code protection disabled
  7431   300008                     	org	3145736
  7432   300008  FF                 	db	255
  7433                           
  7434                           ;Config register CONFIG5H @ 0x300009
  7435                           ;	unspecified, using default values
  7436   300009                     	org	3145737
  7437   300009  FF                 	db	255
  7438                           tosu	equ	0x3FFF
  7439                           tosh	equ	0x3FFE
  7440                           tosl	equ	0x3FFD
  7441                           stkptr	equ	0x3FFC
  7442                           pclatu	equ	0x3FFB
  7443                           pclath	equ	0x3FFA
  7444                           pcl	equ	0x3FF9
  7445                           tblptru	equ	0x3FF8
  7446                           tblptrh	equ	0x3FF7
  7447                           tblptrl	equ	0x3FF6
  7448                           tablat	equ	0x3FF5
  7449                           prodh	equ	0x3FF4
  7450                           prodl	equ	0x3FF3
  7451                           indf0	equ	0x3FEF
  7452                           postinc0	equ	0x3FEE
  7453                           postdec0	equ	0x3FED
  7454                           preinc0	equ	0x3FEC
  7455                           plusw0	equ	0x3FEB
  7456                           fsr0h	equ	0x3FEA
  7457                           fsr0l	equ	0x3FE9
  7458                           wreg	equ	0x3FE8
  7459                           indf1	equ	0x3FE7
  7460                           postinc1	equ	0x3FE6
  7461                           postdec1	equ	0x3FE5
  7462                           preinc1	equ	0x3FE4
  7463                           plusw1	equ	0x3FE3
  7464                           fsr1h	equ	0x3FE2
  7465                           fsr1l	equ	0x3FE1
  7466                           bsr	equ	0x3FE0
  7467                           indf2	equ	0x3FDF
  7468                           postinc2	equ	0x3FDE
  7469                           postdec2	equ	0x3FDD
  7470                           preinc2	equ	0x3FDC
  7471                           plusw2	equ	0x3FDB
  7472                           fsr2h	equ	0x3FDA
  7473                           fsr2l	equ	0x3FD9
  7474                           status	equ	0x3FD8

Data Sizes:
    Strings     9
    Constant    72
    Data        0
    BSS         61
    Persistent  0
    Stack       0

Auto Spaces:
    Space          Size  Autos    Used
    COMRAM           95     57      86
    BANK0           160      0      32
    BANK1           256      0       0
    BANK2           256      0       0
    BANK3           256      0       0
    BANK4           256      0       0
    BANK5           256      0       0
    BANK6           256      0       0
    BANK7           256      0       0
    BANK8           256      0       0
    BANK9           256      0       0
    BANK10          256      0       0
    BANK11          256      0       0
    BANK12          256      0       0
    BANK13          256      0       0
    BANK14          256      0       0
    BANK15          256      0       0
    BANK16          256      0       0
    BANK17          256      0       0
    BANK18          256      0       0
    BANK19          256      0       0
    BANK20          256      0       0
    BANK21          256      0       0
    BANK22          256      0       0
    BANK23          256      0       0
    BANK24          256      0       0
    BANK25          256      0       0
    BANK26          256      0       0
    BANK27          256      0       0
    BANK28          256      0       0
    BANK29          256      0       0
    BANK30          256      0       0
    BANK31          256      0       0

Pointer List with Targets:

    fputc@fp	PTR struct _IO_FILE size(2) Largest target is 0
		 -> NULL(NULL[0]), 

    fputc@fp$.$buffer	PTR unsigned char  size(2) Largest target is 0

    fputc@fp$.$source	PTR const unsigned char  size(2) Largest target is 0

    INT0_InterruptHandler	PTR FTN()void  size(3) Largest target is 1
		 -> INT0_DefaultInterruptHandler(), NULL(), 

    INT0_SetInterruptHandler@InterruptHandler	PTR FTN()void  size(3) Largest target is 1
		 -> INT0_DefaultInterruptHandler(), 

    INT1_InterruptHandler	PTR FTN()void  size(3) Largest target is 1
		 -> INT1_DefaultInterruptHandler(), NULL(), 

    INT1_SetInterruptHandler@InterruptHandler	PTR FTN()void  size(3) Largest target is 1
		 -> INT1_DefaultInterruptHandler(), 

    INT2_InterruptHandler	PTR FTN()void  size(3) Largest target is 1
		 -> INT2_DefaultInterruptHandler(), NULL(), 

    INT2_SetInterruptHandler@InterruptHandler	PTR FTN()void  size(3) Largest target is 1
		 -> INT2_DefaultInterruptHandler(), 

    printf@ap	PTR void [1] size(1) Largest target is 2
		 -> ?_printf(COMRAM[2]), 

    printf@fmt	PTR const unsigned char  size(1) Largest target is 5
		 -> STR_1(CODE[4]), STR_2(CODE[5]), 

    S1456$buffer	PTR unsigned char  size(2) Largest target is 0

    S1456$source	PTR const unsigned char  size(2) Largest target is 0

    S255$20$0	PTR FTN()void  size(3) Largest target is 1
		 -> UART2_DefaultFramingErrorCallback(), 

    S255$21$0	PTR FTN()void  size(3) Largest target is 1
		 -> UART2_DefaultOverrunErrorCallback(), 

    S255$22$0	PTR FTN()void  size(3) Largest target is 1
		 -> UART2_DefaultParityErrorCallback(), 

    S255$AutoBaudEventEnableGet	PTR FTN()_Bool  size(3) Largest target is 1
		 -> NULL(), 

    S255$AutoBaudQuery	PTR FTN()_Bool  size(3) Largest target is 1
		 -> UART2_AutoBaudQuery(), 

    S255$AutoBaudSet	PTR FTN(_Bool ,)void  size(3) Largest target is 1
		 -> UART2_AutoBaudSet(), 

    S255$BaudRateGet	PTR FTN()unsigned long  size(3) Largest target is 1
		 -> NULL(), 

    S255$BaudRateSet	PTR FTN(unsigned long ,)void  size(3) Largest target is 1
		 -> NULL(), 

    S255$BRGCountGet	PTR FTN()unsigned long  size(3) Largest target is 1
		 -> NULL(), 

    S255$BRGCountSet	PTR FTN(unsigned long ,)void  size(3) Largest target is 1
		 -> NULL(), 

    S255$Deinitialize	PTR FTN()void  size(3) Largest target is 1
		 -> UART2_Deinitialize(), 

    S255$ErrorGet	PTR FTN()unsigned int  size(3) Largest target is 2
		 -> UART2_ErrorGet(), 

    S255$EventCallbackRegister	PTR FTN(PTR FTN()void ,)void  size(3) Largest target is 1
		 -> NULL(), 

    S255$FramingErrorCallbackRegister	PTR FTN(PTR FTN()void ,)void  size(3) Largest target is 1
		 -> UART2_FramingErrorCallbackRegister(), 

    S255$Initialize	PTR FTN()void  size(3) Largest target is 1
		 -> UART2_Initialize(), 

    S255$IsRxReady	PTR FTN()_Bool  size(3) Largest target is 1
		 -> UART2_IsRxReady(), 

    S255$IsTxDone	PTR FTN()_Bool  size(3) Largest target is 1
		 -> UART2_IsTxDone(), 

    S255$IsTxReady	PTR FTN()_Bool  size(3) Largest target is 1
		 -> UART2_IsTxReady(), 

    S255$OverrunErrorCallbackRegister	PTR FTN(PTR FTN()void ,)void  size(3) Largest target is 1
		 -> UART2_OverrunErrorCallbackRegister(), 

    S255$ParityErrorCallbackRegister	PTR FTN(PTR FTN()void ,)void  size(3) Largest target is 1
		 -> UART2_ParityErrorCallbackRegister(), 

    S255$Read	PTR FTN()unsigned char  size(3) Largest target is 1
		 -> UART2_Read(), 

    S255$RxCompleteCallbackRegister	PTR FTN(PTR FTN()void ,)void  size(3) Largest target is 1
		 -> NULL(), 

    S255$TransmitDisable	PTR FTN()void  size(3) Largest target is 1
		 -> UART2_TransmitDisable(), 

    S255$TransmitEnable	PTR FTN()void  size(3) Largest target is 1
		 -> UART2_TransmitEnable(), 

    S255$TxCollisionCallbackRegister	PTR FTN(PTR FTN()void ,)void  size(3) Largest target is 1
		 -> NULL(), 

    S255$TxCompleteCallbackRegister	PTR FTN(PTR FTN()void ,)void  size(3) Largest target is 1
		 -> NULL(), 

    S255$Write	PTR FTN(unsigned char ,)void  size(3) Largest target is 1
		 -> UART2_Write(), 

    UART2$AutoBaudEventEnableGet	PTR FTN()_Bool  size(3) Largest target is 1
		 -> NULL(), 

    UART2$AutoBaudQuery	PTR FTN()_Bool  size(3) Largest target is 1
		 -> UART2_AutoBaudQuery(), 

    UART2$AutoBaudSet	PTR FTN(_Bool ,)void  size(3) Largest target is 1
		 -> UART2_AutoBaudSet(), 

    UART2$BaudRateGet	PTR FTN()unsigned long  size(3) Largest target is 1
		 -> NULL(), 

    UART2$BaudRateSet	PTR FTN(unsigned long ,)void  size(3) Largest target is 1
		 -> NULL(), 

    UART2$BRGCountGet	PTR FTN()unsigned long  size(3) Largest target is 1
		 -> NULL(), 

    UART2$BRGCountSet	PTR FTN(unsigned long ,)void  size(3) Largest target is 1
		 -> NULL(), 

    UART2$Deinitialize	PTR FTN()void  size(3) Largest target is 1
		 -> UART2_Deinitialize(), 

    UART2$ErrorGet	PTR FTN()unsigned int  size(3) Largest target is 2
		 -> UART2_ErrorGet(), 

    UART2$EventCallbackRegister	PTR FTN(PTR FTN()void ,)void  size(3) Largest target is 1
		 -> NULL(), 

    UART2$FramingErrorCallbackRegister	PTR FTN(PTR FTN()void ,)void  size(3) Largest target is 1
		 -> UART2_FramingErrorCallbackRegister(), 

    UART2$Initialize	PTR FTN()void  size(3) Largest target is 1
		 -> UART2_Initialize(), 

    UART2$IsRxReady	PTR FTN()_Bool  size(3) Largest target is 1
		 -> UART2_IsRxReady(), 

    UART2$IsTxDone	PTR FTN()_Bool  size(3) Largest target is 1
		 -> UART2_IsTxDone(), 

    UART2$IsTxReady	PTR FTN()_Bool  size(3) Largest target is 1
		 -> UART2_IsTxReady(), 

    UART2$OverrunErrorCallbackRegister	PTR FTN(PTR FTN()void ,)void  size(3) Largest target is 1
		 -> UART2_OverrunErrorCallbackRegister(), 

    UART2$ParityErrorCallbackRegister	PTR FTN(PTR FTN()void ,)void  size(3) Largest target is 1
		 -> UART2_ParityErrorCallbackRegister(), 

    UART2$Read	PTR FTN()unsigned char  size(3) Largest target is 1
		 -> UART2_Read(), 

    UART2$RxCompleteCallbackRegister	PTR FTN(PTR FTN()void ,)void  size(3) Largest target is 1
		 -> NULL(), 

    UART2$TransmitDisable	PTR FTN()void  size(3) Largest target is 1
		 -> UART2_TransmitDisable(), 

    UART2$TransmitEnable	PTR FTN()void  size(3) Largest target is 1
		 -> UART2_TransmitEnable(), 

    UART2$TxCollisionCallbackRegister	PTR FTN(PTR FTN()void ,)void  size(3) Largest target is 1
		 -> NULL(), 

    UART2$TxCompleteCallbackRegister	PTR FTN(PTR FTN()void ,)void  size(3) Largest target is 1
		 -> NULL(), 

    UART2$Write	PTR FTN(unsigned char ,)void  size(3) Largest target is 1
		 -> UART2_Write(), 

    UART2_FramingErrorCallbackRegister@callbackHandler	PTR FTN()void  size(3) Largest target is 1
		 -> UART2_DefaultFramingErrorCallback(), 

    UART2_FramingErrorHandler	PTR FTN()void  size(3) Largest target is 1
		 -> UART2_DefaultFramingErrorCallback(), NULL(), 

    UART2_OverrunErrorCallbackRegister@callbackHandler	PTR FTN()void  size(3) Largest target is 1
		 -> UART2_DefaultOverrunErrorCallback(), 

    UART2_OverrunErrorHandler	PTR FTN()void  size(3) Largest target is 1
		 -> UART2_DefaultOverrunErrorCallback(), NULL(), 

    UART2_ParityErrorCallbackRegister@callbackHandler	PTR FTN()void  size(3) Largest target is 1
		 -> UART2_DefaultParityErrorCallback(), 

    UART2_ParityErrorHandler	PTR FTN()void  size(3) Largest target is 1
		 -> UART2_DefaultParityErrorCallback(), NULL(), 

    vfpfcnvrt@ap	PTR PTR void  size(1) Largest target is 1
		 -> printf@ap(COMRAM[1]), 

    vfpfcnvrt@cp	PTR unsigned char  size(1) Largest target is 5
		 -> STR_1(CODE[4]), STR_2(CODE[5]), 

    vfpfcnvrt@fmt	PTR PTR unsigned char  size(1) Largest target is 1
		 -> vfprintf@cfmt(COMRAM[1]), 

    vfpfcnvrt@fp	PTR struct _IO_FILE size(2) Largest target is 0
		 -> NULL(NULL[0]), 

    vfprintf@ap	PTR PTR void  size(1) Largest target is 1
		 -> printf@ap(COMRAM[1]), 

    vfprintf@cfmt	PTR unsigned char  size(1) Largest target is 5
		 -> STR_1(CODE[4]), STR_2(CODE[5]), 

    vfprintf@fmt	PTR const unsigned char  size(1) Largest target is 5
		 -> STR_1(CODE[4]), STR_2(CODE[5]), 

    vfprintf@fp	PTR struct _IO_FILE size(2) Largest target is 0
		 -> NULL(NULL[0]), 


Critical Paths under _main in COMRAM

    _main->_printf
    _rand->___lmul
    _printf->_vfprintf
    _vfprintf->_vfpfcnvrt
    _vfpfcnvrt->_abs
    _fputc->_putch
    _putch->_UART2_IsTxReady
    _putch->_UART2_Write
    _abs->___awmod
    ___awmod->_rand
    _UART2_Initialize->_UART2_FramingErrorCallbackRegister
    _UART2_Initialize->_UART2_OverrunErrorCallbackRegister
    _UART2_Initialize->_UART2_ParityErrorCallbackRegister
    _INTERRUPT_Initialize->_INT0_SetInterruptHandler
    _INTERRUPT_Initialize->_INT1_SetInterruptHandler
    _INTERRUPT_Initialize->_INT2_SetInterruptHandler

Critical Paths under _main in BANK0

    None.

Critical Paths under _main in BANK1

    None.

Critical Paths under _main in BANK2

    None.

Critical Paths under _main in BANK3

    None.

Critical Paths under _main in BANK4

    None.

Critical Paths under _main in BANK5

    None.

Critical Paths under _main in BANK6

    None.

Critical Paths under _main in BANK7

    None.

Critical Paths under _main in BANK8

    None.

Critical Paths under _main in BANK9

    None.

Critical Paths under _main in BANK10

    None.

Critical Paths under _main in BANK11

    None.

Critical Paths under _main in BANK12

    None.

Critical Paths under _main in BANK13

    None.

Critical Paths under _main in BANK14

    None.

Critical Paths under _main in BANK15

    None.

Critical Paths under _main in BANK16

    None.

Critical Paths under _main in BANK17

    None.

Critical Paths under _main in BANK18

    None.

Critical Paths under _main in BANK19

    None.

Critical Paths under _main in BANK20

    None.

Critical Paths under _main in BANK21

    None.

Critical Paths under _main in BANK22

    None.

Critical Paths under _main in BANK23

    None.

Critical Paths under _main in BANK24

    None.

Critical Paths under _main in BANK25

    None.

Critical Paths under _main in BANK26

    None.

Critical Paths under _main in BANK27

    None.

Critical Paths under _main in BANK28

    None.

Critical Paths under _main in BANK29

    None.

Critical Paths under _main in BANK30

    None.

Critical Paths under _main in BANK31

    None.

Call Graph Tables:

 ---------------------------------------------------------------------------------
 (Depth) Function   	        Calls       Base Space   Used Autos Params    Refs
 ---------------------------------------------------------------------------------
 (0) _main                                                 8     8      0    2541
                                             49 COMRAM     8     8      0
                  _SYSTEM_Initialize
                   _UART2_Initialize
                            ___awmod
                             _printf
                               _rand
 ---------------------------------------------------------------------------------
 (1) _rand                                                 6     4      2      94
                                             12 COMRAM     6     4      2
                             ___lmul
 ---------------------------------------------------------------------------------
 (2) ___lmul                                              12     4      8      94
                                              0 COMRAM    12     4      8
 ---------------------------------------------------------------------------------
 (1) _printf                                               6     3      3    1693
                                             45 COMRAM     4     1      3
                           _vfprintf
 ---------------------------------------------------------------------------------
 (2) _vfprintf                                             5     1      4    1637
                                             40 COMRAM     5     1      4
                          _vfpfcnvrt
 ---------------------------------------------------------------------------------
 (3) _vfpfcnvrt                                           12     8      4    1512
                                             28 COMRAM    12     8      4
                            ___awdiv
                            ___awmod
                                _abs
                              _fputc
 ---------------------------------------------------------------------------------
 (4) _fputc                                                9     5      4     306
                                              2 COMRAM     9     5      4
                              _putch
 ---------------------------------------------------------------------------------
 (5) _putch                                                1     1      0      76
                                              1 COMRAM     1     1      0
                    _UART2_IsTxReady
                        _UART2_Write
 ---------------------------------------------------------------------------------
 (6) _UART2_Write                                          1     0      1      23
                                              0 COMRAM     1     0      1
 ---------------------------------------------------------------------------------
 (6) _UART2_IsTxReady                                      1     1      0      24
                                              0 COMRAM     1     1      0
 ---------------------------------------------------------------------------------
 (4) _abs                                                  4     2      2      67
                                             24 COMRAM     4     2      2
                            ___awmod (ARG)
 ---------------------------------------------------------------------------------
 (4) ___awmod                                              6     2      4     300
                                             18 COMRAM     6     2      4
                               _rand (ARG)
 ---------------------------------------------------------------------------------
 (4) ___awdiv                                              8     4      4     302
                                              0 COMRAM     8     4      4
 ---------------------------------------------------------------------------------
 (1) _SYSTEM_Initialize                                    0     0      0     204
                   _CLOCK_Initialize
               _INTERRUPT_Initialize
             _PIN_MANAGER_Initialize
                   _UART2_Initialize
 ---------------------------------------------------------------------------------
 (2) _UART2_Initialize                                     0     0      0     135
 _UART2_FramingErrorCallbackRegister
 _UART2_OverrunErrorCallbackRegister
  _UART2_ParityErrorCallbackRegister
 ---------------------------------------------------------------------------------
 (3) _UART2_ParityErrorCallbackRegister                    3     0      3      45
                                              0 COMRAM     3     0      3
 ---------------------------------------------------------------------------------
 (3) _UART2_OverrunErrorCallbackRegister                   3     0      3      45
                                              0 COMRAM     3     0      3
 ---------------------------------------------------------------------------------
 (3) _UART2_FramingErrorCallbackRegister                   3     0      3      45
                                              0 COMRAM     3     0      3
 ---------------------------------------------------------------------------------
 (2) _PIN_MANAGER_Initialize                               0     0      0       0
 ---------------------------------------------------------------------------------
 (2) _INTERRUPT_Initialize                                 0     0      0      69
           _INT0_SetInterruptHandler
           _INT1_SetInterruptHandler
           _INT2_SetInterruptHandler
 ---------------------------------------------------------------------------------
 (3) _INT2_SetInterruptHandler                             3     0      3      23
                                              0 COMRAM     3     0      3
 ---------------------------------------------------------------------------------
 (3) _INT1_SetInterruptHandler                             3     0      3      23
                                              0 COMRAM     3     0      3
 ---------------------------------------------------------------------------------
 (3) _INT0_SetInterruptHandler                             3     0      3      23
                                              0 COMRAM     3     0      3
 ---------------------------------------------------------------------------------
 (2) _CLOCK_Initialize                                     0     0      0       0
 ---------------------------------------------------------------------------------
 Estimated maximum stack depth 6
 ---------------------------------------------------------------------------------

 Call Graph Graphs:

 _main (ROOT)
   _SYSTEM_Initialize
     _CLOCK_Initialize
     _INTERRUPT_Initialize
       _INT0_SetInterruptHandler
       _INT1_SetInterruptHandler
       _INT2_SetInterruptHandler
     _PIN_MANAGER_Initialize
     _UART2_Initialize
       _UART2_FramingErrorCallbackRegister
       _UART2_OverrunErrorCallbackRegister
       _UART2_ParityErrorCallbackRegister
   _UART2_Initialize
   ___awmod
     _rand (ARG)
       ___lmul
   _printf
     _vfprintf
       _vfpfcnvrt
         ___awdiv
         ___awmod
         _abs
           ___awmod (ARG)
         _fputc
           _putch
             _UART2_IsTxReady
             _UART2_Write
   _rand

Address spaces:
Name               Size   Autos  Total    Usage
BIGRAM            8191      0       0      0.0%
BITBIGSFRllh      1070      0       0      0.0%
BITBIGSFRh         549      0       0      0.0%
BITBIGSFRllll      417      0       0      0.0%
BITBANK31          256      0       0      0.0%
BANK31             256      0       0      0.0%
BITBANK30          256      0       0      0.0%
BANK30             256      0       0      0.0%
BITBANK29          256      0       0      0.0%
BANK29             256      0       0      0.0%
BITBANK28          256      0       0      0.0%
BANK28             256      0       0      0.0%
BITBANK27          256      0       0      0.0%
BANK27             256      0       0      0.0%
BITBANK26          256      0       0      0.0%
BANK26             256      0       0      0.0%
BITBANK25          256      0       0      0.0%
BANK25             256      0       0      0.0%
BITBANK24          256      0       0      0.0%
BANK24             256      0       0      0.0%
BITBANK23          256      0       0      0.0%
BANK23             256      0       0      0.0%
BITBANK22          256      0       0      0.0%
BANK22             256      0       0      0.0%
BITBANK21          256      0       0      0.0%
BANK21             256      0       0      0.0%
BITBANK20          256      0       0      0.0%
BANK20             256      0       0      0.0%
BITBANK19          256      0       0      0.0%
BANK19             256      0       0      0.0%
BITBANK18          256      0       0      0.0%
BANK18             256      0       0      0.0%
BITBANK17          256      0       0      0.0%
BANK17             256      0       0      0.0%
BITBANK16          256      0       0      0.0%
BANK16             256      0       0      0.0%
BITBANK15          256      0       0      0.0%
BANK15             256      0       0      0.0%
BITBANK14          256      0       0      0.0%
BANK14             256      0       0      0.0%
BITBANK13          256      0       0      0.0%
BANK13             256      0       0      0.0%
BITBANK12          256      0       0      0.0%
BANK12             256      0       0      0.0%
BITBANK11          256      0       0      0.0%
BANK11             256      0       0      0.0%
BITBANK10          256      0       0      0.0%
BANK10             256      0       0      0.0%
BITBANK9           256      0       0      0.0%
BANK9              256      0       0      0.0%
BITBANK8           256      0       0      0.0%
BANK8              256      0       0      0.0%
BITBANK7           256      0       0      0.0%
BANK7              256      0       0      0.0%
BITBANK6           256      0       0      0.0%
BANK6              256      0       0      0.0%
BITBANK5           256      0       0      0.0%
BANK5              256      0       0      0.0%
BITBANK4           256      0       0      0.0%
BANK4              256      0       0      0.0%
BITBANK3           256      0       0      0.0%
BANK3              256      0       0      0.0%
BITBANK2           256      0       0      0.0%
BANK2              256      0       0      0.0%
BITBANK1           256      0       0      0.0%
BANK1              256      0       0      0.0%
BITBANK0           160      0       0      0.0%
BANK0              160      0      32     20.0%
BITCOMRAM           95      0       0      0.0%
COMRAM              95     57      86     90.5%
BITBIGSFRlh          5      0       0      0.0%
BITBIGSFRlllh        3      0       0      0.0%
STACK                0      0       0      0.0%
DATA                 0      0     118      0.0%


Microchip Technology PIC18 Macro Assembler V3.10 build 20250813170317 
Symbol Table                                                                                   Thu May 14 20:15:14 2026

                                               l13 289C                                                 l71 28B8  
                                               l48 275E                                                 l58 28C6  
                                               l84 28AA                                       ___awdiv@sign 0006  
                                              l225 27B8                                                l226 27BA  
                                              l244 28CE                                                l174 26D2  
                                              l423 259E                                                l256 2840  
                                              l440 2664                                                l273 27FE  
                                              l441 2674                                                l269 2820  
                                              l277 27DC                                                l288 288A  
                                              l770 23C0                                                l783 251C  
                                              u600 27B4                                                u601 27B0  
                                              u610 2838                                                u611 2834  
                                              u620 2312                                                u700 24B4  
                                              u621 230E                                                u701 24B0  
                                              u630 232C                                                u710 24D2  
                                              u631 2328                                                u711 24CE  
                                              u800 27F2                                                u640 2350  
                                              u720 24E8                                                u801 27EE  
                                              u641 234C                                                u721 24E4  
                                              u810 27D0                                                u650 236E  
                                              u730 250C                                                u811 27CC  
                                              u651 236A                                                u731 2508  
                                              u660 238A                                                u740 223C  
                                              u900 21A8                                                u820 207C  
                                              u661 2386                                                u741 2238  
                                              u901 21A4                                                u821 2078  
                                              u670 23B0                                                u590 27A6  
                                              u750 224E                                                u910 21EC  
                                              u830 20BE                                                u671 23AC  
                                              u591 27A2                                                u751 224A  
                                              u911 21E8                                                u831 20BA  
                                              u680 2480                                                u760 2276  
                                              u840 20E0                                                u920 262A  
                                              u681 247C                                                u761 2272  
                                              u841 20DC                                                u921 2626  
                                              u690 249A                                                u770 22AC  
                                              u850 211A                                                u930 2664  
                                              u691 2496                                                u771 22A8  
                                              u851 2114                                                u931 2660  
                                              u780 276E                                                u860 211C  
                                              u940 2712                                                u781 276A  
                                              u941 270E                                                u790 2814  
                                              u870 2178                                                u950 25FC  
                                              u791 2810                                                u871 2174  
                                              u880 2188                                                u960 2422  
                                              u881 2184                                                u961 241E  
                                              u890 2198                                                u970 2468  
                                              u891 2194                                                u955 25F2  
                                              u971 2464                                                u987 243A  
                       ??_INT0_SetInterruptHandler 0004                                                _abs 2760  
       __end_of_UART2_FramingErrorCallbackRegister 2822               ??_UART2_FramingErrorCallbackRegister 0004  
              ?_UART2_FramingErrorCallbackRegister 0001                 _UART2_FramingErrorCallbackRegister 2800  
                                     ___awmod@sign 0018                                                wreg 3FE8  
                                   _UART2_IsTxDone 0000                                               l2000 2882  
                                             l2002 2886                                               l2010 2860  
                                             ?_abs 0019                                               l2012 2864  
                                             l2004 25A0                                               l2006 25DC  
                                             l2030 2406                                               l2040 2430  
                                             l2032 2422                                               l2024 23D0  
                                             l2016 23C2                                               l1217 2878  
                                             l2042 2448                                               l2034 242A  
                                             l2026 23F2                                               l2018 23CA  
                                             l2028 2402                                               l1261 2718  
                                             l1255 2228                                               l1520 251E  
                                             l1280 2300                                               l1265 277A  
                                             l1530 2550                                               l1522 253A  
                                             l1540 255A                                               l1532 2552  
                                             l1524 2542                                               l1268 2792  
                                             l1550 2568                                               l1542 255C  
                                             l1534 2554                                               l1526 2544  
                                             l1560 2576                                               l1552 256A  
                                             l1544 255E                                               l1536 2556  
                                             l1528 2546                                               l1800 2350  
                                             l1296 260A                                               l1482 288C  
                                             l1570 2588                                               l1562 2578  
                                             l1554 256C                                               l1546 2560  
                                             l1538 2558                                               l1810 238A  
                                             l1802 2358                                               l1484 2892  
                                             l1580 2592                                               l1572 258A  
                                             l1564 257A                                               l1556 2572  
                                             l1548 2566                                               l1820 23B0  
                                             l1812 2392                                               l1804 2360  
                                             l1900 207C                                               l1486 2894  
                                             l1590 259C                                               l1582 2594  
                                             l1574 258C                                               l1566 257C  
                                             l1558 2574                                               l1822 23B8  
                                             l1814 2394                                               l1806 236E  
                                             l1830 2480                                               l1910 20BE  
                                             l1902 2084                                               l1488 289A  
                                             l1584 2596                                               l1576 258E  
                                             l1568 2586                                               l1816 239A  
                                             l1808 2374                                               l1840 24B4  
                                             l1832 2488                                               l1920 214C  
                                             l1912 20E0                                               l1904 208E  
                                             l1586 2598                                               l1578 2590  
                                             l1818 23A0                                               l1850 24F0  
                                             l1842 24BC                                               l1834 248C  
                                             l1826 2470                                               l1930 21A8  
                                             l1922 2166                                               l1914 20FC  
                                             l1906 2092                                               l1588 259A  
                                             l1852 24F6                                               l1844 24C4  
                                             l1836 249A                                               l1828 2472  
                                             l1764 2794                                               l1772 28C8  
                                             l1932 21BA                                               l1924 2178  
                                             l1916 2106                                               l1908 209C  
                                             l1950 2722                                               l1790 231E  
                                             l1782 2302                                               l1846 24D2  
                                             l1854 24FC                                               l1838 24A2  
                                             l1766 27A6                                               l1774 2824  
                                             l1870 2276                                               l1862 222A  
                                             l1934 21D8                                               l1926 2188  
                                             l1918 211E                                               l1942 21FC  
                                             l1880 28BA                                               l1952 2732  
                                             l1960 2676                                               l1792 232C  
                                             l1784 2304                                               l1856 250C  
                                             l1848 24E8                                               l1768 27B4  
                                             l1776 2824                                               l1872 22AC  
                                             l1864 223C                                               l1928 2198  
                                             l1936 21DA                                               l1882 28AC  
                                             l1954 2736                                               l1890 27DE  
                                             l1970 269C                                               l1962 267E  
                                             l1794 2334                                               l1786 2312  
                                             l1858 2514                                               l1778 2838  
                                             l1866 224E                                               l1938 21F0  
                                             l1884 289E                                               l1956 2748  
                                             l1948 271A                                               l1892 27F2  
                                             l1972 26AC                                               l1964 2686  
                                             l1796 2338                                               l1788 231A  
                                             l1876 2760                                               l1868 2258  
                                             l1980 261C                                               l1958 274C  
                                             l1886 2800                                               l1894 27BC  
                                             l1974 26BC                                               l1966 2694  
                                             l1798 233E                                               l1878 276E  
                                             l1990 26DC                                               l1982 262A  
                                             l1888 2814                                               l1896 27D0  
                                             l1976 26CC                                               l1968 269A  
                                             l1992 26F0                                               l1984 263A  
                                             l1898 2054                                               l1994 2712  
                                             l1986 2644                                               l1978 260C  
                                             l1988 26D4                                               l1998 287A  
                                             STR_1 204E                                               STR_2 2049  
                                             _LATA 3FBA                                               _LATB 3FBB  
                                             _LATC 3FBC                                               _LATD 3FBD  
                                             _LATE 3FBE                                               _WPUA 3A41  
                                             _WPUB 3A51                                               _WPUC 3A61  
                                             _WPUD 3A71                                               _WPUE 3A81  
                                   _UART2_ErrorGet 0000                                               abs@a 0019  
                                             _dbuf 0060                                               _main 23C2  
                                             _rand 25A0                                               _seed 0053  
                                             _prec 004E                                               fsr1h 3FE2  
                                             fsr2h 3FDA                                               indf2 3FDF  
                                             fsr1l 3FE1                                               fsr2l 3FD9  
                        ?_INT2_SetInterruptHandler 0001                                               start FFFC  
                                     ___param_bank 0000                                              ??_abs 001B  
                                  _UART2_IsRxReady 0000                                    _UART2_IsTxReady 2794  
                                            ?_main 0001                                              ?_rand 000D  
                                  __end_of___awdiv 23C2                                    __end_of___awmod 251E  
                                  ___awdiv@divisor 0003                                              _U2P1L 3DD4  
                                            _U2P2L 3DD6                                              _U2P3L 3DD8  
                                            _IOCAF 3A47                                              _IOCBF 3A57  
                                            _IOCCF 3A67                                              _IOCAN 3A46  
                                            _IOCEF 3A87                                              _IOCAP 3A45  
                                            _IOCBN 3A56                                              _IOCBP 3A55  
                                            _IOCCN 3A66                                              _IOCCP 3A65  
                                            _IOCEN 3A86                                              _IOCEP 3A85  
                                            _U2UIR 3DE0                                              _U2RXB 3DD0  
                                            _U2TXB 3DD2                                    ___awdiv@counter 0005  
                                            _OSCEN 39DD                                              _UART2 2001  
                                     vfpfcnvrt@fmt 001F                                              _TRISA 3FC2  
                                            _TRISB 3FC3                                              _TRISC 3FC4  
                                            _TRISD 3FC5                                              _TRISE 3FC6  
                              ___lmul@multiplicand 0005                                              _flags 0052  
                                            _fputc 222A                                              _width 004C  
                                            _putch 2822                                              main@i 0036  
                                            main@j 0038                           _INT1_SetInterruptHandler 28AC  
                                            tablat 3FF5                                              status 3FD8  
                                  __initialization 2842                                       __end_of_main 2470  
                                     __end_of_rand 260C                                       ?_UART2_Write 0001  
                                           ??_main 0032                                             ??_rand 000F  
                                    __activetblptr 0003         __end_of_UART2_OverrunErrorCallbackRegister 2800  
             ??_UART2_OverrunErrorCallbackRegister 0004                ?_UART2_OverrunErrorCallbackRegister 0001  
               _UART2_OverrunErrorCallbackRegister 27DE   UART2_ParityErrorCallbackRegister@callbackHandler 0001  
UART2_OverrunErrorCallbackRegister@callbackHandler 0001  UART2_FramingErrorCallbackRegister@callbackHandler 0001  
                                           ?_fputc 0003                                   ___awdiv@dividend 0001  
                                           _ANSELA 3A40                                             ?_putch 0001  
                                           _ANSELB 3A50                                             _ANSELC 3A60  
                                           _ANSELD 3A70                                             _ANSELE 3A80  
                                           _RB1I2C 3A5A                                             _RB2I2C 3A5B  
                                           _RD0I2C 3A7A                                             _RC3I2C 3A6A  
                                           _RD1I2C 3A7B                                             _RC4I2C 3A6B  
                                           _U2CON0 3DDA                                             _U2CON1 3DDB  
                                           _U2CON2 3DDC                                             _U2BRGH 3DDE  
                                           _U2FIFO 3DDF                                             _U2BRGL 3DDD  
                                           _RD0PPS 3A18                                             _ODCONA 3A42  
                                           _ODCONB 3A52                                             _ODCONC 3A62  
                                           _ODCOND 3A72                                             _ODCONE 3A82  
                                           _INLVLA 3A44                                             _INLVLB 3A54  
                                           _INLVLC 3A64                                             _INLVLD 3A74  
                                           _INLVLE 3A84                                             _OSCFRQ 39DF  
                                    vfpfcnvrt@done 0022                                   _UART2_Initialize 2676  
                          __end_of_UART2_IsTxReady 27BC                          _UART2_OverrunErrorHandler 003D  
                                     vfprintf@cfmt 002D                                             ___lmul 260C  
                                        ??___awdiv 0005                                          ??___awmod 0017  
                                           clear_0 2848                                             clear_1 2854  
                 _UART2_DefaultParityErrorCallback 0000                                   ___awdiv@quotient 0007  
                                  ___awmod@divisor 0015                                             isa$std 0001  
                                  ___awmod@counter 0017                                             _printf 2860  
                                ?_CLOCK_Initialize 0001                                             fputc@c 0003  
                     _INT2_DefaultInterruptHandler 0000                                 ??_CLOCK_Initialize 0001  
                                     __mediumconst 2000                                             tblptrh 3FF7  
                                           tblptrl 3FF6                                             tblptru 3FF8  
                                 __end_of_vfprintf 271A           INT2_SetInterruptHandler@InterruptHandler 0001  
         INT1_SetInterruptHandler@InterruptHandler 0001           INT0_SetInterruptHandler@InterruptHandler 0001  
                                _SYSTEM_Initialize 287A                                         __accesstop 0060  
                          __end_of__initialization 285A                                 ?_SYSTEM_Initialize 0001  
                                    ___rparam_used 0001                                _UART2_AutoBaudQuery 0000  
                                    __end_of_UART2 2049                                     __pcstackCOMRAM 0001  
                              ??_SYSTEM_Initialize 0004                                      __end_of_fputc 2302  
                                    __end_of_putch 2842                  _UART2_DefaultFramingErrorCallback 0000  
                 __end_of_INT2_SetInterruptHandler 28AC                                            ??_fputc 0007  
                        __end_of_SYSTEM_Initialize 288C                                            ??_putch 0002  
                                       __pbssBANK0 0060                                  _UART2_AutoBaudSet 0000  
                              _UART2_IsTxReady$745 0001                              _INT0_InterruptHandler 0049  
                                 ?_UART2_IsTxReady 0001                                            ?___lmul 0001  
                                   ___lmul@product 0009                                            ?_printf 002E  
                            _UART2_TransmitDisable 0000                                            _U2ERRIE 3DE2  
                                          _U2ERRIR 3DE1                         ??_INT1_SetInterruptHandler 0004  
                                          _U2RXPPS 3AE8                                            _OSCCON1 39D9  
                                          _OSCCON3 39DB                                            _OSCTUNE 39DE  
                                          _SLRCONA 3A43                                            _SLRCONB 3A53  
                                          _SLRCONC 3A63                                            _SLRCOND 3A73  
                                          _SLRCONE 3A83                          ?_INT0_SetInterruptHandler 0001  
                                          __Hparam 0000                                            __Lparam 0000  
                                          ___awdiv 2302                                            ___awmod 2470  
                                        ?_vfprintf 0029                                       __psmallconst 2000  
                                          __pcinit 2842                                            __ramtop 2000  
                                          __ptext0 23C2                                            __ptext1 25A0  
                                          __ptext2 260C                                            __ptext3 2860  
                                          __ptext4 26D4                                            __ptext5 2054  
                                          __ptext6 222A                                            __ptext7 2822  
                                          __ptext8 28C8                                            __ptext9 2794  
                _UART2_DefaultOverrunErrorCallback 0000                                   ___awmod@dividend 0013  
                         ??_PIN_MANAGER_Initialize 0001                           __end_of_UART2_Initialize 26D4  
                                          main@num 0034                               end_of_initialization 285A  
                         _INT2_SetInterruptHandler 289E                                          _U2UIRbits 3DE0  
        __end_of_UART2_ParityErrorCallbackRegister 27DE                ??_UART2_ParityErrorCallbackRegister 0004  
               ?_UART2_ParityErrorCallbackRegister 0001                  _UART2_ParityErrorCallbackRegister 27BC  
                                          fputc@fp 0005                                 _UART2_Deinitialize 0000  
                                __end_of_vfpfcnvrt 222A                                            postdec2 3FDD  
                                          postinc0 3FEE                                            postinc1 3FE6  
                                          postinc2 3FDE                                   vfpfcnvrt@convarg 0024  
                                       ??_vfprintf 002D                              _INT1_InterruptHandler 0046  
                     __end_of_INTERRUPT_Initialize 2760                       _INT0_DefaultInterruptHandler 0000  
                                   __end_of___lmul 2676                                        vfpfcnvrt@ap 0020  
                                      vfpfcnvrt@cp 0023                                        vfpfcnvrt@fp 001D  
                                   __end_of_printf 287A                                start_initialization 2842  
                                      __end_of_abs 2794                                        putch@txData 0002  
                                      vfprintf@fmt 002B                                           ??___lmul 0009  
                                UART2_Write@txData 0001                                           ??_printf 0031  
                                      __pbssCOMRAM 003A                   __end_of_INT0_SetInterruptHandler 28C8  
                        _UART2_FramingErrorHandler 0040                              _INT2_InterruptHandler 0043  
                           _PIN_MANAGER_Initialize 251E                                           ?___awdiv 0001  
                                         ?___awmod 0013                               _UART2_TransmitEnable 0000  
                                    ??_UART2_Write 0002                                        __smallconst 2000  
                       ??_INT2_SetInterruptHandler 0004                                  ?_UART2_Initialize 0001  
                         _UART2_ParityErrorHandler 003A                                 ??_UART2_Initialize 0004  
                             _INTERRUPT_Initialize 271A                                   _uart2RxLastError 0050  
                                 _CLOCK_Initialize 288C                                        _U2ERRIRbits 3DE1  
                        ?_INT1_SetInterruptHandler 0001                                           _PIR1bits 39A1  
                                         _PIR5bits 39A5                                           _PIR7bits 39A7  
                                        _vfpfcnvrt 2054                                __end_of_UART2_Write 28D0  
                                       vfpfcnvrt@c 0028                                        _INTCON0bits 3FD2  
                                ___lmul@multiplier 0001                              ?_INTERRUPT_Initialize 0001  
                         _INT0_SetInterruptHandler 28BA                                           __Hrparam 0000  
                                       vfprintf@ap 002C                                           __Lrparam 0000  
                                       vfprintf@fp 0029                                         ?_vfpfcnvrt 001D  
                                         __ptext10 2760                                           __ptext11 2470  
                                         __ptext20 289E                                           __ptext12 2302  
                                         __ptext21 28AC                                           __ptext13 287A  
                                         __ptext22 28BA                                           __ptext14 2676  
                                         __ptext23 288C                                           __ptext15 27BC  
                                         __ptext16 27DE                                           __ptext17 2800  
                                         __ptext18 251E                                           __ptext19 271A  
                                ??_UART2_IsTxReady 0001                                         _U2CON0bits 3DDA  
                                       _U2CON1bits 3DDB                                         _U2FIFObits 3DDF  
                                         isa$xinst 0000                                           _vfprintf 26D4  
                                        printf@fmt 002E                       _INT1_DefaultInterruptHandler 0000  
                                      _UART2_Write 28C8                             ??_INTERRUPT_Initialize 0004  
                          ?_PIN_MANAGER_Initialize 0001                                           printf@ap 0031  
                                       _UART2_Read 0000                                        ??_vfpfcnvrt 0021  
                         __end_of_CLOCK_Initialize 289E                   __end_of_INT1_SetInterruptHandler 28BA  
                   __end_of_PIN_MANAGER_Initialize 25A0  
