

Microchip MPLAB XC8 Assembler V3.10 build 20250813170317 
                                                                                               Tue May 12 19:46:09 2026

Microchip MPLAB XC8 C Compiler v3.10 (Free license) build 20250813170317 Og1 
     1                           	processor	18F47K42
     2                           	fnconf	rparam,??,?,0
     3                           	pagewidth 120
     4                           	opt	flic
     5                           	psect	idataCOMRAM,global,class=CODE,space=0,delta=1,noexec
     6                           	psect	cinit,global,reloc=2,class=CODE,space=0,delta=1
     7                           	psect	bssCOMRAM,global,class=COMRAM,space=1,delta=1,lowdata,noexec
     8                           	psect	dataCOMRAM,global,class=COMRAM,space=1,delta=1,lowdata,noexec
     9                           	psect	cstackCOMRAM,global,class=COMRAM,space=1,delta=1,lowdata,noexec
    10                           	psect	text0,global,reloc=2,class=CODE,space=0,delta=1
    11                           	psect	text1,global,reloc=2,class=CODE,space=0,delta=1,group=1
    12                           	psect	text2,global,reloc=2,class=CODE,space=0,delta=1,group=1
    13                           	psect	text3,global,reloc=2,class=CODE,space=0,delta=1
    14                           	psect	text4,global,reloc=2,class=CODE,space=0,delta=1
    15                           	psect	text5,global,reloc=2,class=CODE,space=0,delta=1
    16                           	psect	text6,global,reloc=2,class=CODE,space=0,delta=1
    17                           	psect	text7,global,reloc=2,class=CODE,space=0,delta=1
    18                           	psect	text8,global,reloc=2,class=CODE,space=0,delta=1
    19                           	psect	text9,global,reloc=2,class=CODE,space=0,delta=1
    20                           	psect	smallconst,global,reloc=2,class=SMALLCONST,space=0,delta=1,noexec
    21                           	psect	intsave_regs,global,class=BIGRAM,space=1,delta=1,noexec
    22                           	psect	rparam,global,class=COMRAM,space=1,delta=1,noexec
    23                           	psect	config,global,abs,ovrld,class=CONFIG,space=4,delta=1,noexec
    24   000000                     
    25                           ; Generated 13/12/2024 GMT
    26                           ; 
    27                           ; Copyright © 2024, Microchip Technology Inc. and its subsidiaries ("Microchip")
    28                           ; All rights reserved.
    29                           ; 
    30                           ; This software is developed by Microchip Technology Inc. and its subsidiaries ("Microch
      +                          ip").
    31                           ; 
    32                           ; Redistribution and use in source and binary forms, with or without modification, are
    33                           ; permitted provided that the following conditions are met:
    34                           ; 
    35                           ;     1. Redistributions of source code must retain the above copyright notice, this lis
      +                          t of
    36                           ;        conditions and the following disclaimer.
    37                           ; 
    38                           ;     2. Redistributions in binary form must reproduce the above copyright notice, this 
      +                          list
    39                           ;        of conditions and the following disclaimer in the documentation and/or other
    40                           ;        materials provided with the distribution. Publication is not required when
    41                           ;        this file is used in an embedded application.
    42                           ; 
    43                           ;     3. Microchip's name may not be used to endorse or promote products derived from th
      +                          is
    44                           ;        software without specific prior written permission.
    45                           ; 
    46                           ; THIS SOFTWARE IS PROVIDED BY MICROCHIP "AS IS" AND ANY EXPRESS OR IMPLIED WARRANTIES,
    47                           ; INCLUDING, BUT NOT LIMITED TO, THE IMPLIED WARRANTIES OF MERCHANTABILITY AND FITNESS F
      +                          OR
    48                           ; PURPOSE ARE DISCLAIMED.  IN NO EVENT SHALL MICROCHIP BE LIABLE FOR ANY DIRECT, INDIREC
      +                          T,
    49                           ; INCIDENTAL, SPECIAL, EXEMPLARY, OR CONSEQUENTIAL DAMAGES (INCLUDING BUT NOT LIMITED TO
    50                           ; PROCUREMENT OF SUBSTITUTE GOODS OR SERVICES; LOSS OF USE, DATA OR PROFITS; OR BUSINESS
    51                           ; INTERRUPTION) HOWSOEVER CAUSED AND ON ANY THEORY OF LIABILITY, WHETHER IN CONTRACT, ST
      +                          RICT
    52                           ; LIABILITY, OR TORT (INCLUDING NEGLIGENCE OR OTHERWISE) ARISING IN ANY WAY OUT OF THE U
      +                          SE OF
    53                           ; THIS SOFTWARE, EVEN IF ADVISED OF THE POSSIBILITY OF SUCH DAMAGE.
    54                           ; 
    55                           ; 
    56                           ; Code-generator required, PIC18F47K42 Definitions
    57                           ; 
    58                           ; SFR Addresses
    59   003FE0                     bsr             equ	16352
    60   003FE9                     fsr0            equ	16361
    61   003FEA                     fsr0h           equ	16362
    62   003FE9                     fsr0l           equ	16361
    63   003FE1                     fsr1            equ	16353
    64   003FE2                     fsr1h           equ	16354
    65   003FE1                     fsr1l           equ	16353
    66   003FD9                     fsr2            equ	16345
    67   003FDA                     fsr2h           equ	16346
    68   003FD9                     fsr2l           equ	16345
    69   003FEF                     indf0           equ	16367
    70   003FE7                     indf1           equ	16359
    71   003FDF                     indf2           equ	16351
    72   003FD2                     intcon          equ	16338
    73   0039E5                     nvmcon          equ	14821
    74   003FF9                     pcl             equ	16377
    75   003FFA                     pclath          equ	16378
    76   003FFB                     pclatu          equ	16379
    77   003FEB                     plusw0          equ	16363
    78   003FE3                     plusw1          equ	16355
    79   003FDB                     plusw2          equ	16347
    80   003FED                     postdec0        equ	16365
    81   003FE5                     postdec1        equ	16357
    82   003FDD                     postdec2        equ	16349
    83   003FEE                     postinc0        equ	16366
    84   003FE6                     postinc1        equ	16358
    85   003FDE                     postinc2        equ	16350
    86   003FEC                     preinc0         equ	16364
    87   003FE4                     preinc1         equ	16356
    88   003FDC                     preinc2         equ	16348
    89   003FF3                     prod            equ	16371
    90   003FF4                     prodh           equ	16372
    91   003FF3                     prodl           equ	16371
    92   003FD8                     status          equ	16344
    93   003FF5                     tablat          equ	16373
    94   003FF6                     tblptr          equ	16374
    95   003FF7                     tblptrh         equ	16375
    96   003FF6                     tblptrl         equ	16374
    97   003FF8                     tblptru         equ	16376
    98   003FFD                     tosl            equ	16381
    99   003FE8                     wreg            equ	16360
   100   003880                     STATUS_CSHAD    equ	14464	;# 
   101   003881                     WREG_CSHAD      equ	14465	;# 
   102   003882                     BSR_CSHAD       equ	14466	;# 
   103   003883                     SHADCON         equ	14467	;# 
   104   003884                     STATUS_SHAD     equ	14468	;# 
   105   003885                     WREG_SHAD       equ	14469	;# 
   106   003886                     BSR_SHAD        equ	14470	;# 
   107   003887                     PCLATH_SHAD     equ	14471	;# 
   108   003888                     PCLATU_SHAD     equ	14472	;# 
   109   003889                     FSR0SH          equ	14473	;# 
   110   003889                     FSR0L_SHAD      equ	14473	;# 
   111   00388A                     FSR0H_SHAD      equ	14474	;# 
   112   00388B                     FSR1SH          equ	14475	;# 
   113   00388B                     FSR1L_SHAD      equ	14475	;# 
   114   00388C                     FSR1H_SHAD      equ	14476	;# 
   115   00388D                     FSR2SH          equ	14477	;# 
   116   00388D                     FSR2L_SHAD      equ	14477	;# 
   117   00388E                     FSR2H_SHAD      equ	14478	;# 
   118   00388F                     PRODSH          equ	14479	;# 
   119   00388F                     PRODL_SHAD      equ	14479	;# 
   120   003890                     PRODH_SHAD      equ	14480	;# 
   121   00389D                     IVTADL          equ	14493	;# 
   122   00389E                     IVTADH          equ	14494	;# 
   123   00389F                     IVTADU          equ	14495	;# 
   124   00395B                     WDTCON0         equ	14683	;# 
   125   00395C                     WDTCON1         equ	14684	;# 
   126   00395D                     WDTPSL          equ	14685	;# 
   127   00395E                     WDTPSH          equ	14686	;# 
   128   00395F                     WDTTMR          equ	14687	;# 
   129   003960                     CRCDATA         equ	14688	;# 
   130   003960                     CRCDATL         equ	14688	;# 
   131   003961                     CRCDATH         equ	14689	;# 
   132   003962                     CRCACC          equ	14690	;# 
   133   003962                     CRCACCL         equ	14690	;# 
   134   003963                     CRCACCH         equ	14691	;# 
   135   003964                     CRCSHFT         equ	14692	;# 
   136   003964                     CRCSHIFTL       equ	14692	;# 
   137   003965                     CRCSHIFTH       equ	14693	;# 
   138   003966                     CRCXOR          equ	14694	;# 
   139   003966                     CRCXORL         equ	14694	;# 
   140   003967                     CRCXORH         equ	14695	;# 
   141   003968                     CRCCON0         equ	14696	;# 
   142   003969                     CRCCON1         equ	14697	;# 
   143   003976                     SCANLADR        equ	14710	;# 
   144   003976                     SCANLADRL       equ	14710	;# 
   145   003977                     SCANLADRH       equ	14711	;# 
   146   003978                     SCANLADRU       equ	14712	;# 
   147   003979                     SCANHADR        equ	14713	;# 
   148   003979                     SCANHADRL       equ	14713	;# 
   149   00397A                     SCANHADRH       equ	14714	;# 
   150   00397B                     SCANHADRU       equ	14715	;# 
   151   00397C                     SCANCON0        equ	14716	;# 
   152   00397D                     SCANTRIG        equ	14717	;# 
   153   003980                     IPR0            equ	14720	;# 
   154   003981                     IPR1            equ	14721	;# 
   155   003982                     IPR2            equ	14722	;# 
   156   003983                     IPR3            equ	14723	;# 
   157   003984                     IPR4            equ	14724	;# 
   158   003985                     IPR5            equ	14725	;# 
   159   003986                     IPR6            equ	14726	;# 
   160   003987                     IPR7            equ	14727	;# 
   161   003988                     IPR8            equ	14728	;# 
   162   003989                     IPR9            equ	14729	;# 
   163   00398A                     IPR10           equ	14730	;# 
   164   003990                     PIE0            equ	14736	;# 
   165   003991                     PIE1            equ	14737	;# 
   166   003992                     PIE2            equ	14738	;# 
   167   003993                     PIE3            equ	14739	;# 
   168   003994                     PIE4            equ	14740	;# 
   169   003995                     PIE5            equ	14741	;# 
   170   003996                     PIE6            equ	14742	;# 
   171   003997                     PIE7            equ	14743	;# 
   172   003998                     PIE8            equ	14744	;# 
   173   003999                     PIE9            equ	14745	;# 
   174   00399A                     PIE10           equ	14746	;# 
   175   0039A0                     PIR0            equ	14752	;# 
   176   0039A1                     PIR1            equ	14753	;# 
   177   0039A2                     PIR2            equ	14754	;# 
   178   0039A3                     PIR3            equ	14755	;# 
   179   0039A4                     PIR4            equ	14756	;# 
   180   0039A5                     PIR5            equ	14757	;# 
   181   0039A6                     PIR6            equ	14758	;# 
   182   0039A7                     PIR7            equ	14759	;# 
   183   0039A8                     PIR8            equ	14760	;# 
   184   0039A9                     PIR9            equ	14761	;# 
   185   0039AA                     PIR10           equ	14762	;# 
   186   0039C0                     PMD0            equ	14784	;# 
   187   0039C1                     PMD1            equ	14785	;# 
   188   0039C2                     PMD2            equ	14786	;# 
   189   0039C3                     PMD3            equ	14787	;# 
   190   0039C4                     PMD4            equ	14788	;# 
   191   0039C5                     PMD5            equ	14789	;# 
   192   0039C6                     PMD6            equ	14790	;# 
   193   0039C7                     PMD7            equ	14791	;# 
   194   0039D0                     BORCON          equ	14800	;# 
   195   0039D1                     VREGCON         equ	14801	;# 
   196   0039D8                     CPUDOZE         equ	14808	;# 
   197   0039D9                     OSCCON1         equ	14809	;# 
   198   0039DA                     OSCCON2         equ	14810	;# 
   199   0039DB                     OSCCON3         equ	14811	;# 
   200   0039DC                     OSCSTAT         equ	14812	;# 
   201   0039DC                     OSCSTAT1        equ	14812	;# 
   202   0039DD                     OSCEN           equ	14813	;# 
   203   0039DE                     OSCTUNE         equ	14814	;# 
   204   0039DF                     OSCFRQ          equ	14815	;# 
   205   0039E0                     NVMADRL         equ	14816	;# 
   206   0039E1                     NVMADRH         equ	14817	;# 
   207   0039E3                     NVMDAT          equ	14819	;# 
   208   0039E5                     NVMCON1         equ	14821	;# 
   209   0039E6                     NVMCON2         equ	14822	;# 
   210   0039EF                     PRLOCK          equ	14831	;# 
   211   0039F1                     ISRPR           equ	14833	;# 
   212   0039F2                     MAINPR          equ	14834	;# 
   213   0039F3                     DMA1PR          equ	14835	;# 
   214   0039F4                     DMA2PR          equ	14836	;# 
   215   0039F7                     SCANPR          equ	14839	;# 
   216   003A00                     RA0PPS          equ	14848	;# 
   217   003A01                     RA1PPS          equ	14849	;# 
   218   003A02                     RA2PPS          equ	14850	;# 
   219   003A03                     RA3PPS          equ	14851	;# 
   220   003A04                     RA4PPS          equ	14852	;# 
   221   003A05                     RA5PPS          equ	14853	;# 
   222   003A06                     RA6PPS          equ	14854	;# 
   223   003A07                     RA7PPS          equ	14855	;# 
   224   003A08                     RB0PPS          equ	14856	;# 
   225   003A09                     RB1PPS          equ	14857	;# 
   226   003A0A                     RB2PPS          equ	14858	;# 
   227   003A0B                     RB3PPS          equ	14859	;# 
   228   003A0C                     RB4PPS          equ	14860	;# 
   229   003A0D                     RB5PPS          equ	14861	;# 
   230   003A0E                     RB6PPS          equ	14862	;# 
   231   003A0F                     RB7PPS          equ	14863	;# 
   232   003A10                     RC0PPS          equ	14864	;# 
   233   003A11                     RC1PPS          equ	14865	;# 
   234   003A12                     RC2PPS          equ	14866	;# 
   235   003A13                     RC3PPS          equ	14867	;# 
   236   003A14                     RC4PPS          equ	14868	;# 
   237   003A15                     RC5PPS          equ	14869	;# 
   238   003A16                     RC6PPS          equ	14870	;# 
   239   003A17                     RC7PPS          equ	14871	;# 
   240   003A18                     RD0PPS          equ	14872	;# 
   241   003A19                     RD1PPS          equ	14873	;# 
   242   003A1A                     RD2PPS          equ	14874	;# 
   243   003A1B                     RD3PPS          equ	14875	;# 
   244   003A1C                     RD4PPS          equ	14876	;# 
   245   003A1D                     RD5PPS          equ	14877	;# 
   246   003A1E                     RD6PPS          equ	14878	;# 
   247   003A1F                     RD7PPS          equ	14879	;# 
   248   003A20                     RE0PPS          equ	14880	;# 
   249   003A21                     RE1PPS          equ	14881	;# 
   250   003A22                     RE2PPS          equ	14882	;# 
   251   003A40                     ANSELA          equ	14912	;# 
   252   003A41                     WPUA            equ	14913	;# 
   253   003A42                     ODCONA          equ	14914	;# 
   254   003A43                     SLRCONA         equ	14915	;# 
   255   003A44                     INLVLA          equ	14916	;# 
   256   003A45                     IOCAP           equ	14917	;# 
   257   003A46                     IOCAN           equ	14918	;# 
   258   003A47                     IOCAF           equ	14919	;# 
   259   003A50                     ANSELB          equ	14928	;# 
   260   003A51                     WPUB            equ	14929	;# 
   261   003A52                     ODCONB          equ	14930	;# 
   262   003A53                     SLRCONB         equ	14931	;# 
   263   003A54                     INLVLB          equ	14932	;# 
   264   003A55                     IOCBP           equ	14933	;# 
   265   003A56                     IOCBN           equ	14934	;# 
   266   003A57                     IOCBF           equ	14935	;# 
   267   003A5A                     RB1I2C          equ	14938	;# 
   268   003A5B                     RB2I2C          equ	14939	;# 
   269   003A60                     ANSELC          equ	14944	;# 
   270   003A61                     WPUC            equ	14945	;# 
   271   003A62                     ODCONC          equ	14946	;# 
   272   003A63                     SLRCONC         equ	14947	;# 
   273   003A64                     INLVLC          equ	14948	;# 
   274   003A65                     IOCCP           equ	14949	;# 
   275   003A66                     IOCCN           equ	14950	;# 
   276   003A67                     IOCCF           equ	14951	;# 
   277   003A6A                     RC3I2C          equ	14954	;# 
   278   003A6B                     RC4I2C          equ	14955	;# 
   279   003A70                     ANSELD          equ	14960	;# 
   280   003A71                     WPUD            equ	14961	;# 
   281   003A72                     ODCOND          equ	14962	;# 
   282   003A73                     SLRCOND         equ	14963	;# 
   283   003A74                     INLVLD          equ	14964	;# 
   284   003A7A                     RD0I2C          equ	14970	;# 
   285   003A7B                     RD1I2C          equ	14971	;# 
   286   003A80                     ANSELE          equ	14976	;# 
   287   003A81                     WPUE            equ	14977	;# 
   288   003A82                     ODCONE          equ	14978	;# 
   289   003A83                     SLRCONE         equ	14979	;# 
   290   003A84                     INLVLE          equ	14980	;# 
   291   003A85                     IOCEP           equ	14981	;# 
   292   003A86                     IOCEN           equ	14982	;# 
   293   003A87                     IOCEF           equ	14983	;# 
   294   003ABF                     PPSLOCK         equ	15039	;# 
   295   003AC0                     INT0PPS         equ	15040	;# 
   296   003AC1                     INT1PPS         equ	15041	;# 
   297   003AC2                     INT2PPS         equ	15042	;# 
   298   003AC3                     T0CKIPPS        equ	15043	;# 
   299   003AC4                     T1CKIPPS        equ	15044	;# 
   300   003AC5                     T1GPPS          equ	15045	;# 
   301   003AC6                     T3CKIPPS        equ	15046	;# 
   302   003AC7                     T3GPPS          equ	15047	;# 
   303   003AC8                     T5CKIPPS        equ	15048	;# 
   304   003AC9                     T5GPPS          equ	15049	;# 
   305   003ACA                     T2INPPS         equ	15050	;# 
   306   003ACB                     T4INPPS         equ	15051	;# 
   307   003ACC                     T6INPPS         equ	15052	;# 
   308   003ACD                     CCP1PPS         equ	15053	;# 
   309   003ACE                     CCP2PPS         equ	15054	;# 
   310   003ACF                     CCP3PPS         equ	15055	;# 
   311   003AD0                     CCP4PPS         equ	15056	;# 
   312   003AD1                     SMT1WINPPS      equ	15057	;# 
   313   003AD2                     SMT1SIGPPS      equ	15058	;# 
   314   003AD3                     CWG1INPPS       equ	15059	;# 
   315   003AD4                     CWG2INPPS       equ	15060	;# 
   316   003AD5                     CWG3INPPS       equ	15061	;# 
   317   003AD6                     MD1CARLPPS      equ	15062	;# 
   318   003AD7                     MD1CARHPPS      equ	15063	;# 
   319   003AD8                     MD1SRCPPS       equ	15064	;# 
   320   003AD9                     CLCIN0PPS       equ	15065	;# 
   321   003ADA                     CLCIN1PPS       equ	15066	;# 
   322   003ADB                     CLCIN2PPS       equ	15067	;# 
   323   003ADC                     CLCIN3PPS       equ	15068	;# 
   324   003ADD                     ADACTPPS        equ	15069	;# 
   325   003ADE                     SPI1SCKPPS      equ	15070	;# 
   326   003ADF                     SPI1SDIPPS      equ	15071	;# 
   327   003AE0                     SPI1SSPPS       equ	15072	;# 
   328   003AE1                     I2C1SCLPPS      equ	15073	;# 
   329   003AE2                     I2C1SDAPPS      equ	15074	;# 
   330   003AE3                     I2C2SCLPPS      equ	15075	;# 
   331   003AE4                     I2C2SDAPPS      equ	15076	;# 
   332   003AE5                     U1RXPPS         equ	15077	;# 
   333   003AE6                     U1CTSPPS        equ	15078	;# 
   334   003AE8                     U2RXPPS         equ	15080	;# 
   335   003AE9                     U2CTSPPS        equ	15081	;# 
   336   003BC9                     DMA2BUF         equ	15305	;# 
   337   003BCA                     DMA2DCNT        equ	15306	;# 
   338   003BCA                     DMA2DCNTL       equ	15306	;# 
   339   003BCB                     DMA2DCNTH       equ	15307	;# 
   340   003BCC                     DMA2DPTR        equ	15308	;# 
   341   003BCC                     DMA2DPTRL       equ	15308	;# 
   342   003BCD                     DMA2DPTRH       equ	15309	;# 
   343   003BCE                     DMA2DSZ         equ	15310	;# 
   344   003BCE                     DMA2DSZL        equ	15310	;# 
   345   003BCF                     DMA2DSZH        equ	15311	;# 
   346   003BD0                     DMA2DSA         equ	15312	;# 
   347   003BD0                     DMA2DSAL        equ	15312	;# 
   348   003BD1                     DMA2DSAH        equ	15313	;# 
   349   003BD2                     DMA2SCNT        equ	15314	;# 
   350   003BD2                     DMA2SCNTL       equ	15314	;# 
   351   003BD3                     DMA2SCNTH       equ	15315	;# 
   352   003BD4                     DMA2SPTR        equ	15316	;# 
   353   003BD4                     DMA2SPTRL       equ	15316	;# 
   354   003BD5                     DMA2SPTRH       equ	15317	;# 
   355   003BD6                     DMA2SPTRU       equ	15318	;# 
   356   003BD7                     DMA2SSZ         equ	15319	;# 
   357   003BD7                     DMA2SSZL        equ	15319	;# 
   358   003BD8                     DMA2SSZH        equ	15320	;# 
   359   003BD9                     DMA2SSA         equ	15321	;# 
   360   003BD9                     DMA2SSAL        equ	15321	;# 
   361   003BDA                     DMA2SSAH        equ	15322	;# 
   362   003BDB                     DMA2SSAU        equ	15323	;# 
   363   003BDC                     DMA2CON0        equ	15324	;# 
   364   003BDD                     DMA2CON1        equ	15325	;# 
   365   003BDE                     DMA2AIRQ        equ	15326	;# 
   366   003BDF                     DMA2SIRQ        equ	15327	;# 
   367   003BE9                     DMA1BUF         equ	15337	;# 
   368   003BEA                     DMA1DCNT        equ	15338	;# 
   369   003BEA                     DMA1DCNTL       equ	15338	;# 
   370   003BEB                     DMA1DCNTH       equ	15339	;# 
   371   003BEC                     DMA1DPTR        equ	15340	;# 
   372   003BEC                     DMA1DPTRL       equ	15340	;# 
   373   003BED                     DMA1DPTRH       equ	15341	;# 
   374   003BEE                     DMA1DSZ         equ	15342	;# 
   375   003BEE                     DMA1DSZL        equ	15342	;# 
   376   003BEF                     DMA1DSZH        equ	15343	;# 
   377   003BF0                     DMA1DSA         equ	15344	;# 
   378   003BF0                     DMA1DSAL        equ	15344	;# 
   379   003BF1                     DMA1DSAH        equ	15345	;# 
   380   003BF2                     DMA1SCNT        equ	15346	;# 
   381   003BF2                     DMA1SCNTL       equ	15346	;# 
   382   003BF3                     DMA1SCNTH       equ	15347	;# 
   383   003BF4                     DMA1SPTR        equ	15348	;# 
   384   003BF4                     DMA1SPTRL       equ	15348	;# 
   385   003BF5                     DMA1SPTRH       equ	15349	;# 
   386   003BF6                     DMA1SPTRU       equ	15350	;# 
   387   003BF7                     DMA1SSZ         equ	15351	;# 
   388   003BF7                     DMA1SSZL        equ	15351	;# 
   389   003BF8                     DMA1SSZH        equ	15352	;# 
   390   003BF9                     DMA1SSA         equ	15353	;# 
   391   003BF9                     DMA1SSAL        equ	15353	;# 
   392   003BFA                     DMA1SSAH        equ	15354	;# 
   393   003BFB                     DMA1SSAU        equ	15355	;# 
   394   003BFC                     DMA1CON0        equ	15356	;# 
   395   003BFD                     DMA1CON1        equ	15357	;# 
   396   003BFE                     DMA1AIRQ        equ	15358	;# 
   397   003BFF                     DMA1SIRQ        equ	15359	;# 
   398   003C56                     CLC4CON         equ	15446	;# 
   399   003C57                     CLC4POL         equ	15447	;# 
   400   003C58                     CLC4SEL0        equ	15448	;# 
   401   003C59                     CLC4SEL1        equ	15449	;# 
   402   003C5A                     CLC4SEL2        equ	15450	;# 
   403   003C5B                     CLC4SEL3        equ	15451	;# 
   404   003C5C                     CLC4GLS0        equ	15452	;# 
   405   003C5D                     CLC4GLS1        equ	15453	;# 
   406   003C5E                     CLC4GLS2        equ	15454	;# 
   407   003C5F                     CLC4GLS3        equ	15455	;# 
   408   003C60                     CLC3CON         equ	15456	;# 
   409   003C61                     CLC3POL         equ	15457	;# 
   410   003C62                     CLC3SEL0        equ	15458	;# 
   411   003C63                     CLC3SEL1        equ	15459	;# 
   412   003C64                     CLC3SEL2        equ	15460	;# 
   413   003C65                     CLC3SEL3        equ	15461	;# 
   414   003C66                     CLC3GLS0        equ	15462	;# 
   415   003C67                     CLC3GLS1        equ	15463	;# 
   416   003C68                     CLC3GLS2        equ	15464	;# 
   417   003C69                     CLC3GLS3        equ	15465	;# 
   418   003C6A                     CLC2CON         equ	15466	;# 
   419   003C6B                     CLC2POL         equ	15467	;# 
   420   003C6C                     CLC2SEL0        equ	15468	;# 
   421   003C6D                     CLC2SEL1        equ	15469	;# 
   422   003C6E                     CLC2SEL2        equ	15470	;# 
   423   003C6F                     CLC2SEL3        equ	15471	;# 
   424   003C70                     CLC2GLS0        equ	15472	;# 
   425   003C71                     CLC2GLS1        equ	15473	;# 
   426   003C72                     CLC2GLS2        equ	15474	;# 
   427   003C73                     CLC2GLS3        equ	15475	;# 
   428   003C74                     CLC1CON         equ	15476	;# 
   429   003C75                     CLC1POL         equ	15477	;# 
   430   003C76                     CLC1SEL0        equ	15478	;# 
   431   003C77                     CLC1SEL1        equ	15479	;# 
   432   003C78                     CLC1SEL2        equ	15480	;# 
   433   003C79                     CLC1SEL3        equ	15481	;# 
   434   003C7A                     CLC1GLS0        equ	15482	;# 
   435   003C7B                     CLC1GLS1        equ	15483	;# 
   436   003C7C                     CLC1GLS2        equ	15484	;# 
   437   003C7D                     CLC1GLS3        equ	15485	;# 
   438   003C7E                     CLCDATA0        equ	15486	;# 
   439   003CE5                     CLKRCON         equ	15589	;# 
   440   003CE6                     CLKRCLK         equ	15590	;# 
   441   003CFA                     MD1CON0         equ	15610	;# 
   442   003CFB                     MD1CON1         equ	15611	;# 
   443   003CFC                     MD1SRC          equ	15612	;# 
   444   003CFD                     MD1CARL         equ	15613	;# 
   445   003CFE                     MD1CARH         equ	15614	;# 
   446   003D10                     SPI1RXB         equ	15632	;# 
   447   003D11                     SPI1TXB         equ	15633	;# 
   448   003D12                     SPI1TCNT        equ	15634	;# 
   449   003D12                     SPI1TCNTL       equ	15634	;# 
   450   003D13                     SPI1TCNTH       equ	15635	;# 
   451   003D14                     SPI1CON0        equ	15636	;# 
   452   003D15                     SPI1CON1        equ	15637	;# 
   453   003D16                     SPI1CON2        equ	15638	;# 
   454   003D17                     SPI1STATUS      equ	15639	;# 
   455   003D18                     SPI1TWIDTH      equ	15640	;# 
   456   003D19                     SPI1BAUD        equ	15641	;# 
   457   003D1A                     SPI1INTF        equ	15642	;# 
   458   003D1B                     SPI1INTE        equ	15643	;# 
   459   003D1C                     SPI1CLK         equ	15644	;# 
   460   003D54                     I2C2RXB         equ	15700	;# 
   461   003D55                     I2C2TXB         equ	15701	;# 
   462   003D56                     I2C2CNT         equ	15702	;# 
   463   003D57                     I2C2ADB0        equ	15703	;# 
   464   003D58                     I2C2ADB1        equ	15704	;# 
   465   003D59                     I2C2ADR0        equ	15705	;# 
   466   003D5A                     I2C2ADR1        equ	15706	;# 
   467   003D5B                     I2C2ADR2        equ	15707	;# 
   468   003D5C                     I2C2ADR3        equ	15708	;# 
   469   003D5D                     I2C2CON0        equ	15709	;# 
   470   003D5E                     I2C2CON1        equ	15710	;# 
   471   003D5F                     I2C2CON2        equ	15711	;# 
   472   003D60                     I2C2ERR         equ	15712	;# 
   473   003D61                     I2C2STAT0       equ	15713	;# 
   474   003D62                     I2C2STAT1       equ	15714	;# 
   475   003D63                     I2C2PIR         equ	15715	;# 
   476   003D64                     I2C2PIE         equ	15716	;# 
   477   003D65                     I2C2CLK         equ	15717	;# 
   478   003D66                     I2C2BTO         equ	15718	;# 
   479   003D6A                     I2C1RXB         equ	15722	;# 
   480   003D6B                     I2C1TXB         equ	15723	;# 
   481   003D6C                     I2C1CNT         equ	15724	;# 
   482   003D6D                     I2C1ADB0        equ	15725	;# 
   483   003D6E                     I2C1ADB1        equ	15726	;# 
   484   003D6F                     I2C1ADR0        equ	15727	;# 
   485   003D70                     I2C1ADR1        equ	15728	;# 
   486   003D71                     I2C1ADR2        equ	15729	;# 
   487   003D72                     I2C1ADR3        equ	15730	;# 
   488   003D73                     I2C1CON0        equ	15731	;# 
   489   003D74                     I2C1CON1        equ	15732	;# 
   490   003D75                     I2C1CON2        equ	15733	;# 
   491   003D76                     I2C1ERR         equ	15734	;# 
   492   003D77                     I2C1STAT0       equ	15735	;# 
   493   003D78                     I2C1STAT1       equ	15736	;# 
   494   003D79                     I2C1PIR         equ	15737	;# 
   495   003D7A                     I2C1PIE         equ	15738	;# 
   496   003D7B                     I2C1CLK         equ	15739	;# 
   497   003D7C                     I2C1BTO         equ	15740	;# 
   498   003DD0                     U2RXB           equ	15824	;# 
   499   003DD0                     U2RXBL          equ	15824	;# 
   500   003DD2                     U2TXB           equ	15826	;# 
   501   003DD2                     U2TXBL          equ	15826	;# 
   502   003DD4                     U2P1            equ	15828	;# 
   503   003DD4                     U2P1L           equ	15828	;# 
   504   003DD6                     U2P2            equ	15830	;# 
   505   003DD6                     U2P2L           equ	15830	;# 
   506   003DD8                     U2P3            equ	15832	;# 
   507   003DD8                     U2P3L           equ	15832	;# 
   508   003DDA                     U2CON0          equ	15834	;# 
   509   003DDB                     U2CON1          equ	15835	;# 
   510   003DDC                     U2CON2          equ	15836	;# 
   511   003DDD                     U2BRG           equ	15837	;# 
   512   003DDD                     U2BRGL          equ	15837	;# 
   513   003DDE                     U2BRGH          equ	15838	;# 
   514   003DDF                     U2FIFO          equ	15839	;# 
   515   003DE0                     U2UIR           equ	15840	;# 
   516   003DE1                     U2ERRIR         equ	15841	;# 
   517   003DE2                     U2ERRIE         equ	15842	;# 
   518   003DE8                     U1RXB           equ	15848	;# 
   519   003DE8                     U1RXBL          equ	15848	;# 
   520   003DE9                     U1RXCHK         equ	15849	;# 
   521   003DEA                     U1TXB           equ	15850	;# 
   522   003DEA                     U1TXBL          equ	15850	;# 
   523   003DEB                     U1TXCHK         equ	15851	;# 
   524   003DEC                     U1P1            equ	15852	;# 
   525   003DEC                     U1P1L           equ	15852	;# 
   526   003DED                     U1P1H           equ	15853	;# 
   527   003DEE                     U1P2            equ	15854	;# 
   528   003DEE                     U1P2L           equ	15854	;# 
   529   003DEF                     U1P2H           equ	15855	;# 
   530   003DF0                     U1P3            equ	15856	;# 
   531   003DF0                     U1P3L           equ	15856	;# 
   532   003DF1                     U1P3H           equ	15857	;# 
   533   003DF2                     U1CON0          equ	15858	;# 
   534   003DF3                     U1CON1          equ	15859	;# 
   535   003DF4                     U1CON2          equ	15860	;# 
   536   003DF5                     U1BRG           equ	15861	;# 
   537   003DF5                     U1BRGL          equ	15861	;# 
   538   003DF6                     U1BRGH          equ	15862	;# 
   539   003DF7                     U1FIFO          equ	15863	;# 
   540   003DF8                     U1UIR           equ	15864	;# 
   541   003DF9                     U1ERRIR         equ	15865	;# 
   542   003DFA                     U1ERRIE         equ	15866	;# 
   543   003E9C                     DAC1CON1        equ	16028	;# 
   544   003E9E                     DAC1CON0        equ	16030	;# 
   545   003EB8                     CM2CON0         equ	16056	;# 
   546   003EB9                     CM2CON1         equ	16057	;# 
   547   003EBA                     CM2NCH          equ	16058	;# 
   548   003EBB                     CM2PCH          equ	16059	;# 
   549   003EBC                     CM1CON0         equ	16060	;# 
   550   003EBD                     CM1CON1         equ	16061	;# 
   551   003EBE                     CM1NCH          equ	16062	;# 
   552   003EBF                     CM1PCH          equ	16063	;# 
   553   003EC0                     CMOUT           equ	16064	;# 
   554   003EC1                     FVRCON          equ	16065	;# 
   555   003EC3                     ZCDCON          equ	16067	;# 
   556   003EC9                     HLVDCON0        equ	16073	;# 
   557   003ECA                     HLVDCON1        equ	16074	;# 
   558   003ED7                     ADCP            equ	16087	;# 
   559   003EDE                     ADLTH           equ	16094	;# 
   560   003EDE                     ADLTHL          equ	16094	;# 
   561   003EDF                     ADLTHH          equ	16095	;# 
   562   003EE0                     ADUTH           equ	16096	;# 
   563   003EE0                     ADUTHL          equ	16096	;# 
   564   003EE1                     ADUTHH          equ	16097	;# 
   565   003EE2                     ADERR           equ	16098	;# 
   566   003EE2                     ADERRL          equ	16098	;# 
   567   003EE3                     ADERRH          equ	16099	;# 
   568   003EE4                     ADSTPT          equ	16100	;# 
   569   003EE4                     ADSTPTL         equ	16100	;# 
   570   003EE5                     ADSTPTH         equ	16101	;# 
   571   003EE6                     ADFLTR          equ	16102	;# 
   572   003EE6                     ADFLTRL         equ	16102	;# 
   573   003EE7                     ADFLTRH         equ	16103	;# 
   574   003EE8                     ADACC           equ	16104	;# 
   575   003EE8                     ADACCL          equ	16104	;# 
   576   003EE9                     ADACCH          equ	16105	;# 
   577   003EEA                     ADACCU          equ	16106	;# 
   578   003EEB                     ADCNT           equ	16107	;# 
   579   003EEC                     ADRPT           equ	16108	;# 
   580   003EED                     ADPREV          equ	16109	;# 
   581   003EED                     ADPREVL         equ	16109	;# 
   582   003EEE                     ADPREVH         equ	16110	;# 
   583   003EEF                     ADRES           equ	16111	;# 
   584   003EEF                     ADRESL          equ	16111	;# 
   585   003EF0                     ADRESH          equ	16112	;# 
   586   003EF1                     ADPCH           equ	16113	;# 
   587   003EF3                     ADACQ           equ	16115	;# 
   588   003EF3                     ADACQL          equ	16115	;# 
   589   003EF4                     ADACQH          equ	16116	;# 
   590   003EF5                     ADCAP           equ	16117	;# 
   591   003EF6                     ADPRE           equ	16118	;# 
   592   003EF6                     ADPREL          equ	16118	;# 
   593   003EF7                     ADPREH          equ	16119	;# 
   594   003EF8                     ADCON0          equ	16120	;# 
   595   003EF9                     ADCON1          equ	16121	;# 
   596   003EFA                     ADCON2          equ	16122	;# 
   597   003EFB                     ADCON3          equ	16123	;# 
   598   003EFC                     ADSTAT          equ	16124	;# 
   599   003EFD                     ADREF           equ	16125	;# 
   600   003EFE                     ADACT           equ	16126	;# 
   601   003EFF                     ADCLK           equ	16127	;# 
   602   003F12                     SMT1TMR         equ	16146	;# 
   603   003F12                     SMT1TMRL        equ	16146	;# 
   604   003F13                     SMT1TMRH        equ	16147	;# 
   605   003F14                     SMT1TMRU        equ	16148	;# 
   606   003F15                     SMT1CPR         equ	16149	;# 
   607   003F15                     SMT1CPRL        equ	16149	;# 
   608   003F16                     SMT1CPRH        equ	16150	;# 
   609   003F17                     SMT1CPRU        equ	16151	;# 
   610   003F18                     SMT1CPW         equ	16152	;# 
   611   003F18                     SMT1CPWL        equ	16152	;# 
   612   003F19                     SMT1CPWH        equ	16153	;# 
   613   003F1A                     SMT1CPWU        equ	16154	;# 
   614   003F1B                     SMT1PR          equ	16155	;# 
   615   003F1B                     SMT1PRL         equ	16155	;# 
   616   003F1C                     SMT1PRH         equ	16156	;# 
   617   003F1D                     SMT1PRU         equ	16157	;# 
   618   003F1E                     SMT1CON0        equ	16158	;# 
   619   003F1F                     SMT1CON1        equ	16159	;# 
   620   003F20                     SMT1STAT        equ	16160	;# 
   621   003F21                     SMT1CLK         equ	16161	;# 
   622   003F22                     SMT1SIG         equ	16162	;# 
   623   003F23                     SMT1WIN         equ	16163	;# 
   624   003F38                     NCO1ACC         equ	16184	;# 
   625   003F38                     NCO1ACCL        equ	16184	;# 
   626   003F39                     NCO1ACCH        equ	16185	;# 
   627   003F3A                     NCO1ACCU        equ	16186	;# 
   628   003F3B                     NCO1INC         equ	16187	;# 
   629   003F3B                     NCO1INCL        equ	16187	;# 
   630   003F3C                     NCO1INCH        equ	16188	;# 
   631   003F3D                     NCO1INCU        equ	16189	;# 
   632   003F3E                     NCO1CON         equ	16190	;# 
   633   003F3F                     NCO1CLK         equ	16191	;# 
   634   003F40                     CWG3CLK         equ	16192	;# 
   635   003F40                     CWG3CLKCON      equ	16192	;# 
   636   003F41                     CWG3ISM         equ	16193	;# 
   637   003F41                     CWG3DAT         equ	16193	;# 
   638   003F42                     CWG3DBR         equ	16194	;# 
   639   003F43                     CWG3DBF         equ	16195	;# 
   640   003F44                     CWG3CON0        equ	16196	;# 
   641   003F45                     CWG3CON1        equ	16197	;# 
   642   003F46                     CWG3AS0         equ	16198	;# 
   643   003F47                     CWG3AS1         equ	16199	;# 
   644   003F48                     CWG3STR         equ	16200	;# 
   645   003F49                     CWG2CLK         equ	16201	;# 
   646   003F49                     CWG2CLKCON      equ	16201	;# 
   647   003F4A                     CWG2ISM         equ	16202	;# 
   648   003F4A                     CWG2DAT         equ	16202	;# 
   649   003F4B                     CWG2DBR         equ	16203	;# 
   650   003F4C                     CWG2DBF         equ	16204	;# 
   651   003F4D                     CWG2CON0        equ	16205	;# 
   652   003F4E                     CWG2CON1        equ	16206	;# 
   653   003F4F                     CWG2AS0         equ	16207	;# 
   654   003F50                     CWG2AS1         equ	16208	;# 
   655   003F51                     CWG2STR         equ	16209	;# 
   656   003F52                     CWG1CLK         equ	16210	;# 
   657   003F52                     CWG1CLKCON      equ	16210	;# 
   658   003F53                     CWG1ISM         equ	16211	;# 
   659   003F53                     CWG1DAT         equ	16211	;# 
   660   003F54                     CWG1DBR         equ	16212	;# 
   661   003F55                     CWG1DBF         equ	16213	;# 
   662   003F56                     CWG1CON0        equ	16214	;# 
   663   003F57                     CWG1CON1        equ	16215	;# 
   664   003F58                     CWG1AS0         equ	16216	;# 
   665   003F59                     CWG1AS1         equ	16217	;# 
   666   003F5A                     CWG1STR         equ	16218	;# 
   667   003F5E                     CCPTMRS0        equ	16222	;# 
   668   003F5F                     CCPTMRS1        equ	16223	;# 
   669   003F60                     PWM8DC          equ	16224	;# 
   670   003F60                     PWM8DCL         equ	16224	;# 
   671   003F61                     PWM8DCH         equ	16225	;# 
   672   003F62                     PWM8CON         equ	16226	;# 
   673   003F64                     PWM7DC          equ	16228	;# 
   674   003F64                     PWM7DCL         equ	16228	;# 
   675   003F65                     PWM7DCH         equ	16229	;# 
   676   003F66                     PWM7CON         equ	16230	;# 
   677   003F68                     PWM6DC          equ	16232	;# 
   678   003F68                     PWM6DCL         equ	16232	;# 
   679   003F69                     PWM6DCH         equ	16233	;# 
   680   003F6A                     PWM6CON         equ	16234	;# 
   681   003F6C                     PWM5DC          equ	16236	;# 
   682   003F6C                     PWM5DCL         equ	16236	;# 
   683   003F6D                     PWM5DCH         equ	16237	;# 
   684   003F6E                     PWM5CON         equ	16238	;# 
   685   003F70                     CCPR4           equ	16240	;# 
   686   003F70                     CCPR4L          equ	16240	;# 
   687   003F71                     CCPR4H          equ	16241	;# 
   688   003F72                     CCP4CON         equ	16242	;# 
   689   003F73                     CCP4CAP         equ	16243	;# 
   690   003F74                     CCPR3           equ	16244	;# 
   691   003F74                     CCPR3L          equ	16244	;# 
   692   003F75                     CCPR3H          equ	16245	;# 
   693   003F76                     CCP3CON         equ	16246	;# 
   694   003F77                     CCP3CAP         equ	16247	;# 
   695   003F78                     CCPR2           equ	16248	;# 
   696   003F78                     CCPR2L          equ	16248	;# 
   697   003F79                     CCPR2H          equ	16249	;# 
   698   003F7A                     CCP2CON         equ	16250	;# 
   699   003F7B                     CCP2CAP         equ	16251	;# 
   700   003F7C                     CCPR1           equ	16252	;# 
   701   003F7C                     CCPR1L          equ	16252	;# 
   702   003F7D                     CCPR1H          equ	16253	;# 
   703   003F7E                     CCP1CON         equ	16254	;# 
   704   003F7F                     CCP1CAP         equ	16255	;# 
   705   003F92                     T6TMR           equ	16274	;# 
   706   003F92                     TMR6            equ	16274	;# 
   707   003F93                     T6PR            equ	16275	;# 
   708   003F93                     PR6             equ	16275	;# 
   709   003F94                     T6CON           equ	16276	;# 
   710   003F95                     T6HLT           equ	16277	;# 
   711   003F96                     T6CLKCON        equ	16278	;# 
   712   003F96                     T6CLK           equ	16278	;# 
   713   003F97                     T6RST           equ	16279	;# 
   714   003F98                     TMR5            equ	16280	;# 
   715   003F98                     TMR5L           equ	16280	;# 
   716   003F99                     TMR5H           equ	16281	;# 
   717   003F9A                     T5CON           equ	16282	;# 
   718   003F9A                     TMR5CON         equ	16282	;# 
   719   003F9B                     T5GCON          equ	16283	;# 
   720   003F9B                     TMR5GCON        equ	16283	;# 
   721   003F9C                     T5GATE          equ	16284	;# 
   722   003F9C                     TMR5GATE        equ	16284	;# 
   723   003F9D                     T5CLK           equ	16285	;# 
   724   003F9D                     TMR5CLK         equ	16285	;# 
   725   003F9D                     PR5             equ	16285	;# 
   726   003F9E                     T4TMR           equ	16286	;# 
   727   003F9E                     TMR4            equ	16286	;# 
   728   003F9F                     T4PR            equ	16287	;# 
   729   003F9F                     PR4             equ	16287	;# 
   730   003FA0                     T4CON           equ	16288	;# 
   731   003FA1                     T4HLT           equ	16289	;# 
   732   003FA2                     T4CLKCON        equ	16290	;# 
   733   003FA2                     T4CLK           equ	16290	;# 
   734   003FA3                     T4RST           equ	16291	;# 
   735   003FA4                     TMR3            equ	16292	;# 
   736   003FA4                     TMR3L           equ	16292	;# 
   737   003FA5                     TMR3H           equ	16293	;# 
   738   003FA6                     T3CON           equ	16294	;# 
   739   003FA6                     TMR3CON         equ	16294	;# 
   740   003FA7                     T3GCON          equ	16295	;# 
   741   003FA7                     TMR3GCON        equ	16295	;# 
   742   003FA8                     T3GATE          equ	16296	;# 
   743   003FA8                     TMR3GATE        equ	16296	;# 
   744   003FA9                     T3CLK           equ	16297	;# 
   745   003FA9                     TMR3CLK         equ	16297	;# 
   746   003FA9                     PR3             equ	16297	;# 
   747   003FAA                     T2TMR           equ	16298	;# 
   748   003FAA                     TMR2            equ	16298	;# 
   749   003FAB                     T2PR            equ	16299	;# 
   750   003FAB                     PR2             equ	16299	;# 
   751   003FAC                     T2CON           equ	16300	;# 
   752   003FAD                     T2HLT           equ	16301	;# 
   753   003FAE                     T2CLKCON        equ	16302	;# 
   754   003FAE                     T2CLK           equ	16302	;# 
   755   003FAF                     T2RST           equ	16303	;# 
   756   003FB0                     TMR1            equ	16304	;# 
   757   003FB0                     TMR1L           equ	16304	;# 
   758   003FB1                     TMR1H           equ	16305	;# 
   759   003FB2                     T1CON           equ	16306	;# 
   760   003FB2                     TMR1CON         equ	16306	;# 
   761   003FB3                     T1GCON          equ	16307	;# 
   762   003FB3                     TMR1GCON        equ	16307	;# 
   763   003FB4                     T1GATE          equ	16308	;# 
   764   003FB4                     TMR1GATE        equ	16308	;# 
   765   003FB5                     T1CLK           equ	16309	;# 
   766   003FB5                     TMR1CLK         equ	16309	;# 
   767   003FB5                     PR1             equ	16309	;# 
   768   003FB6                     TMR0L           equ	16310	;# 
   769   003FB6                     TMR0            equ	16310	;# 
   770   003FB7                     TMR0H           equ	16311	;# 
   771   003FB7                     PR0             equ	16311	;# 
   772   003FB8                     T0CON0          equ	16312	;# 
   773   003FB9                     T0CON1          equ	16313	;# 
   774   003FBA                     LATA            equ	16314	;# 
   775   003FBB                     LATB            equ	16315	;# 
   776   003FBC                     LATC            equ	16316	;# 
   777   003FBD                     LATD            equ	16317	;# 
   778   003FBE                     LATE            equ	16318	;# 
   779   003FC2                     TRISA           equ	16322	;# 
   780   003FC3                     TRISB           equ	16323	;# 
   781   003FC4                     TRISC           equ	16324	;# 
   782   003FC5                     TRISD           equ	16325	;# 
   783   003FC6                     TRISE           equ	16326	;# 
   784   003FCA                     PORTA           equ	16330	;# 
   785   003FCB                     PORTB           equ	16331	;# 
   786   003FCC                     PORTC           equ	16332	;# 
   787   003FCD                     PORTD           equ	16333	;# 
   788   003FCE                     PORTE           equ	16334	;# 
   789   003FD2                     INTCON0         equ	16338	;# 
   790   003FD3                     INTCON1         equ	16339	;# 
   791   003FD4                     IVTLOCK         equ	16340	;# 
   792   003FD5                     IVTBASE         equ	16341	;# 
   793   003FD5                     IVTBASEL        equ	16341	;# 
   794   003FD6                     IVTBASEH        equ	16342	;# 
   795   003FD7                     IVTBASEU        equ	16343	;# 
   796   003FD8                     STATUS          equ	16344	;# 
   797   003FD9                     FSR2            equ	16345	;# 
   798   003FD9                     FSR2L           equ	16345	;# 
   799   003FDA                     FSR2H           equ	16346	;# 
   800   003FDB                     PLUSW2          equ	16347	;# 
   801   003FDC                     PREINC2         equ	16348	;# 
   802   003FDD                     POSTDEC2        equ	16349	;# 
   803   003FDE                     POSTINC2        equ	16350	;# 
   804   003FDF                     INDF2           equ	16351	;# 
   805   003FE0                     BSR             equ	16352	;# 
   806   003FE1                     FSR1            equ	16353	;# 
   807   003FE1                     FSR1L           equ	16353	;# 
   808   003FE2                     FSR1H           equ	16354	;# 
   809   003FE3                     PLUSW1          equ	16355	;# 
   810   003FE4                     PREINC1         equ	16356	;# 
   811   003FE5                     POSTDEC1        equ	16357	;# 
   812   003FE6                     POSTINC1        equ	16358	;# 
   813   003FE7                     INDF1           equ	16359	;# 
   814   003FE8                     WREG            equ	16360	;# 
   815   003FE9                     FSR0            equ	16361	;# 
   816   003FE9                     FSR0L           equ	16361	;# 
   817   003FEA                     FSR0H           equ	16362	;# 
   818   003FEB                     PLUSW0          equ	16363	;# 
   819   003FEC                     PREINC0         equ	16364	;# 
   820   003FED                     POSTDEC0        equ	16365	;# 
   821   003FEE                     POSTINC0        equ	16366	;# 
   822   003FEF                     INDF0           equ	16367	;# 
   823   003FF0                     PCON0           equ	16368	;# 
   824   003FF1                     PCON1           equ	16369	;# 
   825   003FF3                     PROD            equ	16371	;# 
   826   003FF3                     PRODL           equ	16371	;# 
   827   003FF4                     PRODH           equ	16372	;# 
   828   003FF5                     TABLAT          equ	16373	;# 
   829   003FF6                     TBLPTR          equ	16374	;# 
   830   003FF6                     TBLPTRL         equ	16374	;# 
   831   003FF7                     TBLPTRH         equ	16375	;# 
   832   003FF8                     TBLPTRU         equ	16376	;# 
   833   003FF9                     PCLAT           equ	16377	;# 
   834   003FF9                     PCL             equ	16377	;# 
   835   003FFA                     PCLATH          equ	16378	;# 
   836   003FFB                     PCLATU          equ	16379	;# 
   837   003FFC                     STKPTR          equ	16380	;# 
   838   003FFD                     TOS             equ	16381	;# 
   839   003FFD                     TOSL            equ	16381	;# 
   840   003FFE                     TOSH            equ	16382	;# 
   841   003FFF                     TOSU            equ	16383	;# 
   842                           
   843                           	psect	idataCOMRAM
   844   002328                     __pidataCOMRAM:
   845                           	callstack 0
   846                           
   847                           ;initializer for _duty_value
   848   002328  002F               	dw	47
   849                           
   850                           ;initializer for _PWM2_INITIALIZE_DUTY_VALUE
   851   00232A  002F               	dw	47
   852   00232C  0000               	dw	0
   853   0039DF                     _OSCFRQ         set	14815
   854   0039DC                     _OSCSTATbits    set	14812
   855   0039A4                     _PIR4bits       set	14756
   856   003A70                     _ANSELD         set	14960
   857   003A50                     _ANSELB         set	14928
   858   003A0B                     _RB3PPS         set	14859
   859   003ABF                     _PPSLOCKbits    set	15039
   860   003ABF                     _PPSLOCK        set	15039
   861   003F5E                     _CCPTMRS0bits   set	16222
   862   003FCD                     _PORTDbits      set	16333
   863   003FCB                     _PORTBbits      set	16331
   864   003FAC                     _T2CON          set	16300
   865   003FC5                     _TRISD          set	16325
   866   003FCB                     _PORTB          set	16331
   867   003FC3                     _TRISB          set	16323
   868   003F7A                     _CCP2CONbits    set	16250
   869   003F78                     _CCPR2L         set	16248
   870   003F79                     _CCPR2H         set	16249
   871   003F7A                     _CCP2CON        set	16250
   872   003FC3                     _TRISBbits      set	16323
   873   003FAB                     _PR2            set	16299
   874   003FAA                     _TMR2           set	16298
   875   003FAC                     _T2CONbits      set	16300
   876   003FAA                     _T2TMR          set	16298
   877   003FAB                     _T2PR           set	16299
   878   003FAF                     _T2RST          set	16303
   879   003FAD                     _T2HLT          set	16301
   880   003FAE                     _T2CLKCON       set	16302
   881                           
   882                           ; #config settings
   883                           
   884                           	psect	cinit
   885   002262                     __pcinit:
   886                           	callstack 0
   887   002262                     start_initialization:
   888                           	callstack 0
   889   002262                     __initialization:
   890                           	callstack 0
   891                           
   892                           ; Initialize objects allocated to COMRAM (6 bytes)
   893                           ; load TBLPTR registers with __pidataCOMRAM
   894   002262  0E28               	movlw	low __pidataCOMRAM
   895   002264  6EF6               	movwf	tblptrl,c
   896   002266  0E23               	movlw	high __pidataCOMRAM
   897   002268  6EF7               	movwf	tblptrh,c
   898   00226A  0E00               	movlw	low (__pidataCOMRAM shr (0+16))
   899   00226C  6EF8               	movwf	tblptru,c
   900   00226E  EE00  F01C         	lfsr	0,__pdataCOMRAM
   901   002272  EE10 F006          	lfsr	1,6
   902   002276                     copy_data0:
   903   002276  0009               	tblrd		*+
   904   002278  006F FFD7 FFEE     	movff	tablat,postinc0
   905   00227E  50E5               	movf	postdec1,w,c
   906   002280  50E1               	movf	fsr1l,w,c
   907   002282  E1F9               	bnz	copy_data0
   908                           
   909                           ; Clear objects allocated to COMRAM (4 bytes)
   910   002284  6A25               	clrf	(__pbssCOMRAM+3)& (0+255),c
   911   002286  6A24               	clrf	(__pbssCOMRAM+2)& (0+255),c
   912   002288  6A23               	clrf	(__pbssCOMRAM+1)& (0+255),c
   913   00228A  6A22               	clrf	__pbssCOMRAM& (0+255),c
   914   00228C                     end_of_initialization:
   915                           	callstack 0
   916   00228C                     __end_of__initialization:
   917                           	callstack 0
   918   00228C  0100               	movlb	0
   919   00228E  EF01  F010         	goto	_main	;jump to C main() function
   920                           
   921                           	psect	bssCOMRAM
   922   000022                     __pbssCOMRAM:
   923                           	callstack 0
   924   000022                     _checkdutyCycle:
   925                           	callstack 0
   926   000022                     	ds	2
   927   000024                     _pwmStatus:
   928                           	callstack 0
   929   000024                     	ds	1
   930   000025                     _preScale:
   931                           	callstack 0
   932   000025                     	ds	1
   933                           
   934                           	psect	dataCOMRAM
   935   00001C                     __pdataCOMRAM:
   936                           	callstack 0
   937   00001C                     _duty_value:
   938                           	callstack 0
   939   00001C                     	ds	2
   940   00001E                     _PWM2_INITIALIZE_DUTY_VALUE:
   941                           	callstack 0
   942   00001E                     	ds	4
   943                           
   944                           	psect	cstackCOMRAM
   945   000001                     __pcstackCOMRAM:
   946                           	callstack 0
   947   000001                     ?___lmul:
   948                           	callstack 0
   949   000001                     PWM2_LoadDutyValue@dutyValue:
   950                           	callstack 0
   951   000001                     ___lmul@multiplier:
   952                           	callstack 0
   953   000001                     
   954                           ; 1 bytes @ 0x0
   955   000001                     	ds	2
   956   000003                     
   957                           ; 1 bytes @ 0x2
   958   000003                     	ds	2
   959   000005                     ___lmul@multiplicand:
   960                           	callstack 0
   961                           
   962                           ; 4 bytes @ 0x4
   963   000005                     	ds	4
   964   000009                     ___lmul@product:
   965                           	callstack 0
   966   000009                     
   967                           ; 1 bytes @ 0x8
   968   000009                     	ds	4
   969   00000D                     ?___lldiv:
   970                           	callstack 0
   971   00000D                     ___lldiv@dividend:
   972                           	callstack 0
   973                           
   974                           ; 4 bytes @ 0xC
   975   00000D                     	ds	4
   976   000011                     ___lldiv@divisor:
   977                           	callstack 0
   978                           
   979                           ; 4 bytes @ 0x10
   980   000011                     	ds	4
   981   000015                     ___lldiv@quotient:
   982                           	callstack 0
   983   000015                     
   984                           ; 1 bytes @ 0x14
   985   000015                     	ds	4
   986   000019                     ___lldiv@counter:
   987                           	callstack 0
   988                           
   989                           ; 1 bytes @ 0x18
   990   000019                     	ds	1
   991   00001A                     ??_main:
   992                           
   993                           ; 1 bytes @ 0x19
   994   00001A                     	ds	2
   995                           
   996 ;;
   997 ;;Main: autosize = 0, tempsize = 2, incstack = 0, save=0
   998 ;;
   999 ;; *************** function _main *****************
  1000 ;; Defined at:
  1001 ;;		line 64 in file "main.c"
  1002 ;; Parameters:    Size  Location     Type
  1003 ;;		None
  1004 ;; Auto vars:     Size  Location     Type
  1005 ;;		None
  1006 ;; Return value:  Size  Location     Type
  1007 ;;                  1    wreg      void 
  1008 ;; Registers used:
  1009 ;;		wreg, status,2, status,0, cstack
  1010 ;; Tracked objects:
  1011 ;;		On entry : 0/0
  1012 ;;		On exit  : 0/0
  1013 ;;		Unchanged: 0/0
  1014 ;; Data sizes:     COMRAM   BANK0   BANK1   BANK2   BANK3   BANK4   BANK5   BANK6   BANK7   BANK8   BANK9  BANK10  BANK1
      +1  BANK12  BANK13  BANK14  BANK15  BANK16  BANK17  BANK18  BANK19  BANK20  BANK21  BANK22  BANK23  BANK24  BANK25  BANK2
      +6  BANK27  BANK28  BANK29  BANK30  BANK31
  1015 ;;      Params:         0       0       0       0       0       0       0       0       0       0       0       0       
      +0       0       0       0       0       0       0       0       0       0       0       0       0       0       0       
      +0       0       0       0       0       0
  1016 ;;      Locals:         0       0       0       0       0       0       0       0       0       0       0       0       
      +0       0       0       0       0       0       0       0       0       0       0       0       0       0       0       
      +0       0       0       0       0       0
  1017 ;;      Temps:          2       0       0       0       0       0       0       0       0       0       0       0       
      +0       0       0       0       0       0       0       0       0       0       0       0       0       0       0       
      +0       0       0       0       0       0
  1018 ;;      Totals:         2       0       0       0       0       0       0       0       0       0       0       0       
      +0       0       0       0       0       0       0       0       0       0       0       0       0       0       0       
      +0       0       0       0       0       0
  1019 ;;Total ram usage:        2 bytes
  1020 ;; Hardware stack levels required when called: 2
  1021 ;; This function calls:
  1022 ;;		_PWM2_Initialize
  1023 ;;		_PWM2_LoadDutyValue
  1024 ;;		_PWM2_OutputStatusGet
  1025 ;;		_PWM_Output_D8_Enable
  1026 ;;		_TMR2_Initialize
  1027 ;;		_TMR2_StartTimer
  1028 ;;		___lldiv
  1029 ;;		___lmul
  1030 ;; This function is called by:
  1031 ;;		Startup code after reset
  1032 ;; This function uses a non-reentrant model
  1033 ;;
  1034                           
  1035                           	psect	text0
  1036   002002                     __ptext0:
  1037                           	callstack 0
  1038   002002                     _main:
  1039                           	callstack 29
  1040   002002                     
  1041                           ;main.c: 65:     OSCSTATbits.HFOR =1;
  1042   002002  0139               	movlb	57	; () banked
  1043   002004  8DDC               	bsf	220,6,b	;volatile
  1044   002006                     
  1045                           ; BSR set to: 57
  1046                           ;main.c: 66:     OSCFRQ=0x02;
  1047   002006  0E02               	movlw	2
  1048   002008  6FDF               	movwf	223,b	;volatile
  1049   00200A                     
  1050                           ; BSR set to: 57
  1051                           ;main.c: 68:     ANSELB = 0b00000000;
  1052   00200A  013A               	movlb	58	; () banked
  1053   00200C  6B50               	clrf	80,b	;volatile
  1054   00200E                     
  1055                           ; BSR set to: 58
  1056                           ;main.c: 69:     TRISB= 0b00000000;
  1057   00200E  6AC3               	clrf	195,c	;volatile
  1058   002010                     
  1059                           ; BSR set to: 58
  1060                           ;main.c: 70:     PORTB= 0b00000000;
  1061   002010  6ACB               	clrf	203,c	;volatile
  1062   002012                     
  1063                           ; BSR set to: 58
  1064                           ;main.c: 71:     TMR2_Initialize();
  1065   002012  EC61  F011         	call	_TMR2_Initialize	;wreg free
  1066                           
  1067                           ;main.c: 72:     TMR2_StartTimer();
  1068   002016  EC97  F011         	call	_TMR2_StartTimer	;wreg free
  1069   00201A                     
  1070                           ;main.c: 73:     ANSELD = 0x00;
  1071   00201A  013A               	movlb	58	; () banked
  1072   00201C  6B70               	clrf	112,b	;volatile
  1073   00201E                     
  1074                           ; BSR set to: 58
  1075                           ;main.c: 74:     TRISD = 0b00000011;
  1076   00201E  0E03               	movlw	3
  1077   002020  6EC5               	movwf	197,c	;volatile
  1078                           
  1079                           ;main.c: 76:     PWM_Output_D8_Enable();
  1080   002022  EC70  F011         	call	_PWM_Output_D8_Enable	;wreg free
  1081                           
  1082                           ;main.c: 77:     PWM2_Initialize();
  1083   002026  EC7F  F011         	call	_PWM2_Initialize	;wreg free
  1084   00202A                     
  1085                           ;main.c: 78:     PWM2_LoadDutyValue(PWM2_INITIALIZE_DUTY_VALUE );
  1086   00202A  C01E  F001         	movff	_PWM2_INITIALIZE_DUTY_VALUE,PWM2_LoadDutyValue@dutyValue
  1087   00202E  C01F  F002         	movff	_PWM2_INITIALIZE_DUTY_VALUE+1,PWM2_LoadDutyValue@dutyValue+1
  1088   002032  EC49  F011         	call	_PWM2_LoadDutyValue	;wreg free
  1089   002036                     
  1090                           ;main.c: 83:     checkdutyCycle =(uint16_t)((100UL*PWM2_INITIALIZE_DUTY_VALUE)/(4*(T2PR+
      +                          1)));
  1091   002036  C01E  F001         	movff	_PWM2_INITIALIZE_DUTY_VALUE,___lmul@multiplier
  1092   00203A  C01F  F002         	movff	_PWM2_INITIALIZE_DUTY_VALUE+1,___lmul@multiplier+1
  1093   00203E  C020  F003         	movff	_PWM2_INITIALIZE_DUTY_VALUE+2,___lmul@multiplier+2
  1094   002042  C021  F004         	movff	_PWM2_INITIALIZE_DUTY_VALUE+3,___lmul@multiplier+3
  1095   002046  0E64               	movlw	100
  1096   002048  6E05               	movwf	___lmul@multiplicand^0,c
  1097   00204A  0E00               	movlw	0
  1098   00204C  6E06               	movwf	(___lmul@multiplicand+1)^0,c
  1099   00204E  0E00               	movlw	0
  1100   002050  6E07               	movwf	(___lmul@multiplicand+2)^0,c
  1101   002052  0E00               	movlw	0
  1102   002054  6E08               	movwf	(___lmul@multiplicand+3)^0,c
  1103   002056  ECFC  F010         	call	___lmul	;wreg free
  1104   00205A  C001  F00D         	movff	?___lmul,___lldiv@dividend
  1105   00205E  C002  F00E         	movff	?___lmul+1,___lldiv@dividend+1
  1106   002062  C003  F00F         	movff	?___lmul+2,___lldiv@dividend+2
  1107   002066  C004  F010         	movff	?___lmul+3,___lldiv@dividend+3
  1108   00206A  50AB               	movf	171,w,c	;volatile
  1109   00206C  6E1A               	movwf	??_main^0,c
  1110   00206E  6A1B               	clrf	(??_main+1)^0,c
  1111   002070  90D8               	bcf	status,0,c
  1112   002072  361A               	rlcf	??_main^0,f,c
  1113   002074  361B               	rlcf	(??_main+1)^0,f,c
  1114   002076  90D8               	bcf	status,0,c
  1115   002078  361A               	rlcf	??_main^0,f,c
  1116   00207A  361B               	rlcf	(??_main+1)^0,f,c
  1117   00207C  0E04               	movlw	4
  1118   00207E  261A               	addwf	??_main^0,f,c
  1119   002080  0E00               	movlw	0
  1120   002082  221B               	addwfc	(??_main+1)^0,f,c
  1121   002084  C01A  F011         	movff	??_main,___lldiv@divisor
  1122   002088  C01B  F012         	movff	??_main+1,___lldiv@divisor+1
  1123   00208C  0E00               	movlw	0
  1124   00208E  BE12               	btfsc	(___lldiv@divisor+1)^0,7,c
  1125   002090  0EFF               	movlw	-1
  1126   002092  6E13               	movwf	(___lldiv@divisor+2)^0,c
  1127   002094  6E14               	movwf	(___lldiv@divisor+3)^0,c
  1128   002096  ECAA  F010         	call	___lldiv	;wreg free
  1129   00209A  C00D  F022         	movff	?___lldiv,_checkdutyCycle
  1130   00209E  C00E  F023         	movff	?___lldiv+1,_checkdutyCycle+1
  1131   0020A2                     
  1132                           ;main.c: 85:     preScale = ((T2CON >> 4) & (0x0F));
  1133   0020A2  38AC               	swapf	172,w,c	;volatile
  1134   0020A4  0B0F               	andlw	15
  1135   0020A6  0B0F               	andlw	15
  1136   0020A8  6E25               	movwf	_preScale^0,c
  1137   0020AA                     l1140:
  1138                           
  1139                           ;main.c: 88:         pwmStatus = PWM2_OutputStatusGet();
  1140   0020AA  EC8A  F011         	call	_PWM2_OutputStatusGet	;wreg free
  1141   0020AE  6E24               	movwf	_pwmStatus^0,c
  1142   0020B0                     
  1143                           ;main.c: 89:         PORTBbits.RB2 = pwmStatus;
  1144   0020B0  B024               	btfsc	_pwmStatus^0,0,c
  1145   0020B2  D002               	bra	u215
  1146   0020B4  94CB               	bcf	203,2,c	;volatile
  1147   0020B6  D001               	bra	u216
  1148   0020B8                     u215:
  1149   0020B8  84CB               	bsf	203,2,c	;volatile
  1150   0020BA                     u216:
  1151   0020BA                     
  1152                           ;main.c: 90:         if (PORTDbits.RD1){
  1153   0020BA  A2CD               	btfss	205,1,c	;volatile
  1154   0020BC  EF62  F010         	goto	u221
  1155   0020C0  EF64  F010         	goto	u220
  1156   0020C4                     u221:
  1157   0020C4  EF82  F010         	goto	l1154
  1158   0020C8                     u220:
  1159   0020C8                     
  1160                           ;main.c: 91:             if (duty_value > 10){
  1161   0020C8  BE1D               	btfsc	(_duty_value+1)^0,7,c
  1162   0020CA  EF70  F010         	goto	u231
  1163   0020CE  501D               	movf	(_duty_value+1)^0,w,c
  1164   0020D0  E109               	bnz	u230
  1165   0020D2  0E0B               	movlw	11
  1166   0020D4  5C1C               	subwf	_duty_value^0,w,c
  1167   0020D6  A0D8               	btfss	status,0,c
  1168   0020D8  EF70  F010         	goto	u231
  1169   0020DC  EF72  F010         	goto	u230
  1170   0020E0                     u231:
  1171   0020E0  EF75  F010         	goto	l1150
  1172   0020E4                     u230:
  1173   0020E4                     
  1174                           ;main.c: 92:                 duty_value--;
  1175   0020E4  061C               	decf	_duty_value^0,f,c
  1176   0020E6  A0D8               	btfss	status,0,c
  1177   0020E8  061D               	decf	(_duty_value+1)^0,f,c
  1178   0020EA                     l1150:
  1179                           
  1180                           ;main.c: 94:             PWM2_LoadDutyValue(duty_value);
  1181   0020EA  C01C  F001         	movff	_duty_value,PWM2_LoadDutyValue@dutyValue
  1182   0020EE  C01D  F002         	movff	_duty_value+1,PWM2_LoadDutyValue@dutyValue+1
  1183   0020F2  EC49  F011         	call	_PWM2_LoadDutyValue	;wreg free
  1184   0020F6                     
  1185                           ;main.c: 95:             _delay((unsigned long)((70)*(4000000/4000.0)));
  1186   0020F6  0E5B               	movlw	91
  1187   0020F8  6E1A               	movwf	??_main^0,c
  1188   0020FA  0EE8               	movlw	232
  1189   0020FC                     u267:
  1190   0020FC  2EE8               	decfsz	wreg,f,c
  1191   0020FE  D7FE               	bra	u267
  1192   002100  2E1A               	decfsz	??_main^0,f,c
  1193   002102  D7FC               	bra	u267
  1194   002104                     l1154:
  1195                           
  1196                           ;main.c: 97:         if (PORTDbits.RD0){
  1197   002104  A0CD               	btfss	205,0,c	;volatile
  1198   002106  EF87  F010         	goto	u241
  1199   00210A  EF89  F010         	goto	u240
  1200   00210E                     u241:
  1201   00210E  EF55  F010         	goto	l1140
  1202   002112                     u240:
  1203   002112                     
  1204                           ;main.c: 98:             if (duty_value < 78){
  1205   002112  BE1D               	btfsc	(_duty_value+1)^0,7,c
  1206   002114  EF97  F010         	goto	u250
  1207   002118  501D               	movf	(_duty_value+1)^0,w,c
  1208   00211A  E107               	bnz	u251
  1209   00211C  0E4E               	movlw	78
  1210   00211E  5C1C               	subwf	_duty_value^0,w,c
  1211   002120  B0D8               	btfsc	status,0,c
  1212   002122  EF95  F010         	goto	u251
  1213   002126  EF97  F010         	goto	u250
  1214   00212A                     u251:
  1215   00212A  EF99  F010         	goto	l1160
  1216   00212E                     u250:
  1217   00212E                     
  1218                           ;main.c: 99:                 duty_value++;
  1219   00212E  4A1C               	infsnz	_duty_value^0,f,c
  1220   002130  2A1D               	incf	(_duty_value+1)^0,f,c
  1221   002132                     l1160:
  1222                           
  1223                           ;main.c: 101:             PWM2_LoadDutyValue(duty_value);
  1224   002132  C01C  F001         	movff	_duty_value,PWM2_LoadDutyValue@dutyValue
  1225   002136  C01D  F002         	movff	_duty_value+1,PWM2_LoadDutyValue@dutyValue+1
  1226   00213A  EC49  F011         	call	_PWM2_LoadDutyValue	;wreg free
  1227   00213E                     
  1228                           ;main.c: 102:             _delay((unsigned long)((70)*(4000000/4000.0)));
  1229   00213E  0E5B               	movlw	91
  1230   002140  6E1A               	movwf	??_main^0,c
  1231   002142  0EE8               	movlw	232
  1232   002144                     u277:
  1233   002144  2EE8               	decfsz	wreg,f,c
  1234   002146  D7FE               	bra	u277
  1235   002148  2E1A               	decfsz	??_main^0,f,c
  1236   00214A  D7FC               	bra	u277
  1237   00214C  EF55  F010         	goto	l1140
  1238   002150  EFFE  F0FF         	goto	start
  1239   002154                     __end_of_main:
  1240                           	callstack 0
  1241                           
  1242 ;; *************** function ___lmul *****************
  1243 ;; Defined at:
  1244 ;;		line 15 in file "/Applications/microchip/xc8/v3.10/pic/sources/c99/common/Umul32.c"
  1245 ;; Parameters:    Size  Location     Type
  1246 ;;  multiplier      4    0[COMRAM] unsigned long 
  1247 ;;  multiplicand    4    4[COMRAM] unsigned long 
  1248 ;; Auto vars:     Size  Location     Type
  1249 ;;  product         4    8[COMRAM] unsigned long 
  1250 ;; Return value:  Size  Location     Type
  1251 ;;                  4    0[COMRAM] unsigned long 
  1252 ;; Registers used:
  1253 ;;		wreg, status,2, status,0
  1254 ;; Tracked objects:
  1255 ;;		On entry : 0/0
  1256 ;;		On exit  : 0/0
  1257 ;;		Unchanged: 0/0
  1258 ;; Data sizes:     COMRAM   BANK0   BANK1   BANK2   BANK3   BANK4   BANK5   BANK6   BANK7   BANK8   BANK9  BANK10  BANK1
      +1  BANK12  BANK13  BANK14  BANK15  BANK16  BANK17  BANK18  BANK19  BANK20  BANK21  BANK22  BANK23  BANK24  BANK25  BANK2
      +6  BANK27  BANK28  BANK29  BANK30  BANK31
  1259 ;;      Params:         8       0       0       0       0       0       0       0       0       0       0       0       
      +0       0       0       0       0       0       0       0       0       0       0       0       0       0       0       
      +0       0       0       0       0       0
  1260 ;;      Locals:         4       0       0       0       0       0       0       0       0       0       0       0       
      +0       0       0       0       0       0       0       0       0       0       0       0       0       0       0       
      +0       0       0       0       0       0
  1261 ;;      Temps:          0       0       0       0       0       0       0       0       0       0       0       0       
      +0       0       0       0       0       0       0       0       0       0       0       0       0       0       0       
      +0       0       0       0       0       0
  1262 ;;      Totals:        12       0       0       0       0       0       0       0       0       0       0       0       
      +0       0       0       0       0       0       0       0       0       0       0       0       0       0       0       
      +0       0       0       0       0       0
  1263 ;;Total ram usage:       12 bytes
  1264 ;; Hardware stack levels used: 1
  1265 ;; This function calls:
  1266 ;;		Nothing
  1267 ;; This function is called by:
  1268 ;;		_main
  1269 ;; This function uses a non-reentrant model
  1270 ;;
  1271                           
  1272                           	psect	text1
  1273   0021F8                     __ptext1:
  1274                           	callstack 0
  1275   0021F8                     ___lmul:
  1276                           	callstack 30
  1277   0021F8  0E00               	movlw	0
  1278   0021FA  6E09               	movwf	___lmul@product^0,c
  1279   0021FC  0E00               	movlw	0
  1280   0021FE  6E0A               	movwf	(___lmul@product+1)^0,c
  1281   002200  0E00               	movlw	0
  1282   002202  6E0B               	movwf	(___lmul@product+2)^0,c
  1283   002204  0E00               	movlw	0
  1284   002206  6E0C               	movwf	(___lmul@product+3)^0,c
  1285   002208                     l1088:
  1286   002208  A001               	btfss	___lmul@multiplier^0,0,c
  1287   00220A  EF09  F011         	goto	u161
  1288   00220E  EF0B  F011         	goto	u160
  1289   002212                     u161:
  1290   002212  EF13  F011         	goto	l1092
  1291   002216                     u160:
  1292   002216  5005               	movf	___lmul@multiplicand^0,w,c
  1293   002218  2609               	addwf	___lmul@product^0,f,c
  1294   00221A  5006               	movf	(___lmul@multiplicand+1)^0,w,c
  1295   00221C  220A               	addwfc	(___lmul@product+1)^0,f,c
  1296   00221E  5007               	movf	(___lmul@multiplicand+2)^0,w,c
  1297   002220  220B               	addwfc	(___lmul@product+2)^0,f,c
  1298   002222  5008               	movf	(___lmul@multiplicand+3)^0,w,c
  1299   002224  220C               	addwfc	(___lmul@product+3)^0,f,c
  1300   002226                     l1092:
  1301   002226  90D8               	bcf	status,0,c
  1302   002228  3605               	rlcf	___lmul@multiplicand^0,f,c
  1303   00222A  3606               	rlcf	(___lmul@multiplicand+1)^0,f,c
  1304   00222C  3607               	rlcf	(___lmul@multiplicand+2)^0,f,c
  1305   00222E  3608               	rlcf	(___lmul@multiplicand+3)^0,f,c
  1306   002230  90D8               	bcf	status,0,c
  1307   002232  3204               	rrcf	(___lmul@multiplier+3)^0,f,c
  1308   002234  3203               	rrcf	(___lmul@multiplier+2)^0,f,c
  1309   002236  3202               	rrcf	(___lmul@multiplier+1)^0,f,c
  1310   002238  3201               	rrcf	___lmul@multiplier^0,f,c
  1311   00223A  5001               	movf	___lmul@multiplier^0,w,c
  1312   00223C  1002               	iorwf	(___lmul@multiplier+1)^0,w,c
  1313   00223E  1003               	iorwf	(___lmul@multiplier+2)^0,w,c
  1314   002240  1004               	iorwf	(___lmul@multiplier+3)^0,w,c
  1315   002242  A4D8               	btfss	status,2,c
  1316   002244  EF26  F011         	goto	u171
  1317   002248  EF28  F011         	goto	u170
  1318   00224C                     u171:
  1319   00224C  EF04  F011         	goto	l1088
  1320   002250                     u170:
  1321   002250  C009  F001         	movff	___lmul@product,?___lmul
  1322   002254  C00A  F002         	movff	___lmul@product+1,?___lmul+1
  1323   002258  C00B  F003         	movff	___lmul@product+2,?___lmul+2
  1324   00225C  C00C  F004         	movff	___lmul@product+3,?___lmul+3
  1325   002260  0012               	return		;funcret
  1326   002262                     __end_of___lmul:
  1327                           	callstack 0
  1328                           
  1329 ;; *************** function ___lldiv *****************
  1330 ;; Defined at:
  1331 ;;		line 7 in file "/Applications/microchip/xc8/v3.10/pic/sources/c99/common/__lldiv.c"
  1332 ;; Parameters:    Size  Location     Type
  1333 ;;  dividend        4   12[COMRAM] unsigned long 
  1334 ;;  divisor         4   16[COMRAM] unsigned long 
  1335 ;; Auto vars:     Size  Location     Type
  1336 ;;  quotient        4   20[COMRAM] unsigned long 
  1337 ;;  counter         1   24[COMRAM] unsigned char 
  1338 ;; Return value:  Size  Location     Type
  1339 ;;                  4   12[COMRAM] unsigned long 
  1340 ;; Registers used:
  1341 ;;		wreg, status,2, status,0
  1342 ;; Tracked objects:
  1343 ;;		On entry : 0/0
  1344 ;;		On exit  : 0/0
  1345 ;;		Unchanged: 0/0
  1346 ;; Data sizes:     COMRAM   BANK0   BANK1   BANK2   BANK3   BANK4   BANK5   BANK6   BANK7   BANK8   BANK9  BANK10  BANK1
      +1  BANK12  BANK13  BANK14  BANK15  BANK16  BANK17  BANK18  BANK19  BANK20  BANK21  BANK22  BANK23  BANK24  BANK25  BANK2
      +6  BANK27  BANK28  BANK29  BANK30  BANK31
  1347 ;;      Params:         8       0       0       0       0       0       0       0       0       0       0       0       
      +0       0       0       0       0       0       0       0       0       0       0       0       0       0       0       
      +0       0       0       0       0       0
  1348 ;;      Locals:         5       0       0       0       0       0       0       0       0       0       0       0       
      +0       0       0       0       0       0       0       0       0       0       0       0       0       0       0       
      +0       0       0       0       0       0
  1349 ;;      Temps:          0       0       0       0       0       0       0       0       0       0       0       0       
      +0       0       0       0       0       0       0       0       0       0       0       0       0       0       0       
      +0       0       0       0       0       0
  1350 ;;      Totals:        13       0       0       0       0       0       0       0       0       0       0       0       
      +0       0       0       0       0       0       0       0       0       0       0       0       0       0       0       
      +0       0       0       0       0       0
  1351 ;;Total ram usage:       13 bytes
  1352 ;; Hardware stack levels used: 1
  1353 ;; This function calls:
  1354 ;;		Nothing
  1355 ;; This function is called by:
  1356 ;;		_main
  1357 ;; This function uses a non-reentrant model
  1358 ;;
  1359                           
  1360                           	psect	text2
  1361   002154                     __ptext2:
  1362                           	callstack 0
  1363   002154                     ___lldiv:
  1364                           	callstack 30
  1365   002154  0E00               	movlw	0
  1366   002156  6E15               	movwf	___lldiv@quotient^0,c
  1367   002158  0E00               	movlw	0
  1368   00215A  6E16               	movwf	(___lldiv@quotient+1)^0,c
  1369   00215C  0E00               	movlw	0
  1370   00215E  6E17               	movwf	(___lldiv@quotient+2)^0,c
  1371   002160  0E00               	movlw	0
  1372   002162  6E18               	movwf	(___lldiv@quotient+3)^0,c
  1373   002164  5011               	movf	___lldiv@divisor^0,w,c
  1374   002166  1012               	iorwf	(___lldiv@divisor+1)^0,w,c
  1375   002168  1013               	iorwf	(___lldiv@divisor+2)^0,w,c
  1376   00216A  1014               	iorwf	(___lldiv@divisor+3)^0,w,c
  1377   00216C  B4D8               	btfsc	status,2,c
  1378   00216E  EFBB  F010         	goto	u181
  1379   002172  EFBD  F010         	goto	u180
  1380   002176                     u181:
  1381   002176  EFF3  F010         	goto	l160
  1382   00217A                     u180:
  1383   00217A  0E01               	movlw	1
  1384   00217C  6E19               	movwf	___lldiv@counter^0,c
  1385   00217E  EFC7  F010         	goto	l1104
  1386   002182                     l1102:
  1387   002182  90D8               	bcf	status,0,c
  1388   002184  3611               	rlcf	___lldiv@divisor^0,f,c
  1389   002186  3612               	rlcf	(___lldiv@divisor+1)^0,f,c
  1390   002188  3613               	rlcf	(___lldiv@divisor+2)^0,f,c
  1391   00218A  3614               	rlcf	(___lldiv@divisor+3)^0,f,c
  1392   00218C  2A19               	incf	___lldiv@counter^0,f,c
  1393   00218E                     l1104:
  1394   00218E  AE14               	btfss	(___lldiv@divisor+3)^0,7,c
  1395   002190  EFCC  F010         	goto	u191
  1396   002194  EFCE  F010         	goto	u190
  1397   002198                     u191:
  1398   002198  EFC1  F010         	goto	l1102
  1399   00219C                     u190:
  1400   00219C                     l1106:
  1401   00219C  90D8               	bcf	status,0,c
  1402   00219E  3615               	rlcf	___lldiv@quotient^0,f,c
  1403   0021A0  3616               	rlcf	(___lldiv@quotient+1)^0,f,c
  1404   0021A2  3617               	rlcf	(___lldiv@quotient+2)^0,f,c
  1405   0021A4  3618               	rlcf	(___lldiv@quotient+3)^0,f,c
  1406   0021A6  5011               	movf	___lldiv@divisor^0,w,c
  1407   0021A8  5C0D               	subwf	___lldiv@dividend^0,w,c
  1408   0021AA  5012               	movf	(___lldiv@divisor+1)^0,w,c
  1409   0021AC  580E               	subwfb	(___lldiv@dividend+1)^0,w,c
  1410   0021AE  5013               	movf	(___lldiv@divisor+2)^0,w,c
  1411   0021B0  580F               	subwfb	(___lldiv@dividend+2)^0,w,c
  1412   0021B2  5014               	movf	(___lldiv@divisor+3)^0,w,c
  1413   0021B4  5810               	subwfb	(___lldiv@dividend+3)^0,w,c
  1414   0021B6  A0D8               	btfss	status,0,c
  1415   0021B8  EFE0  F010         	goto	u201
  1416   0021BC  EFE2  F010         	goto	u200
  1417   0021C0                     u201:
  1418   0021C0  EFEB  F010         	goto	l1114
  1419   0021C4                     u200:
  1420   0021C4  5011               	movf	___lldiv@divisor^0,w,c
  1421   0021C6  5E0D               	subwf	___lldiv@dividend^0,f,c
  1422   0021C8  5012               	movf	(___lldiv@divisor+1)^0,w,c
  1423   0021CA  5A0E               	subwfb	(___lldiv@dividend+1)^0,f,c
  1424   0021CC  5013               	movf	(___lldiv@divisor+2)^0,w,c
  1425   0021CE  5A0F               	subwfb	(___lldiv@dividend+2)^0,f,c
  1426   0021D0  5014               	movf	(___lldiv@divisor+3)^0,w,c
  1427   0021D2  5A10               	subwfb	(___lldiv@dividend+3)^0,f,c
  1428   0021D4  8015               	bsf	___lldiv@quotient^0,0,c
  1429   0021D6                     l1114:
  1430   0021D6  90D8               	bcf	status,0,c
  1431   0021D8  3214               	rrcf	(___lldiv@divisor+3)^0,f,c
  1432   0021DA  3213               	rrcf	(___lldiv@divisor+2)^0,f,c
  1433   0021DC  3212               	rrcf	(___lldiv@divisor+1)^0,f,c
  1434   0021DE  3211               	rrcf	___lldiv@divisor^0,f,c
  1435   0021E0  2E19               	decfsz	___lldiv@counter^0,f,c
  1436   0021E2  EFCE  F010         	goto	l1106
  1437   0021E6                     l160:
  1438   0021E6  C015  F00D         	movff	___lldiv@quotient,?___lldiv
  1439   0021EA  C016  F00E         	movff	___lldiv@quotient+1,?___lldiv+1
  1440   0021EE  C017  F00F         	movff	___lldiv@quotient+2,?___lldiv+2
  1441   0021F2  C018  F010         	movff	___lldiv@quotient+3,?___lldiv+3
  1442   0021F6  0012               	return		;funcret
  1443   0021F8                     __end_of___lldiv:
  1444                           	callstack 0
  1445                           
  1446 ;; *************** function _TMR2_StartTimer *****************
  1447 ;; Defined at:
  1448 ;;		line 76 in file "./header.h"
  1449 ;; Parameters:    Size  Location     Type
  1450 ;;		None
  1451 ;; Auto vars:     Size  Location     Type
  1452 ;;		None
  1453 ;; Return value:  Size  Location     Type
  1454 ;;                  1    wreg      void 
  1455 ;; Registers used:
  1456 ;;		cstack
  1457 ;; Tracked objects:
  1458 ;;		On entry : 0/0
  1459 ;;		On exit  : 0/0
  1460 ;;		Unchanged: 0/0
  1461 ;; Data sizes:     COMRAM   BANK0   BANK1   BANK2   BANK3   BANK4   BANK5   BANK6   BANK7   BANK8   BANK9  BANK10  BANK1
      +1  BANK12  BANK13  BANK14  BANK15  BANK16  BANK17  BANK18  BANK19  BANK20  BANK21  BANK22  BANK23  BANK24  BANK25  BANK2
      +6  BANK27  BANK28  BANK29  BANK30  BANK31
  1462 ;;      Params:         0       0       0       0       0       0       0       0       0       0       0       0       
      +0       0       0       0       0       0       0       0       0       0       0       0       0       0       0       
      +0       0       0       0       0       0
  1463 ;;      Locals:         0       0       0       0       0       0       0       0       0       0       0       0       
      +0       0       0       0       0       0       0       0       0       0       0       0       0       0       0       
      +0       0       0       0       0       0
  1464 ;;      Temps:          0       0       0       0       0       0       0       0       0       0       0       0       
      +0       0       0       0       0       0       0       0       0       0       0       0       0       0       0       
      +0       0       0       0       0       0
  1465 ;;      Totals:         0       0       0       0       0       0       0       0       0       0       0       0       
      +0       0       0       0       0       0       0       0       0       0       0       0       0       0       0       
      +0       0       0       0       0       0
  1466 ;;Total ram usage:        0 bytes
  1467 ;; Hardware stack levels used: 1
  1468 ;; Hardware stack levels required when called: 1
  1469 ;; This function calls:
  1470 ;;		_TMR2_Start
  1471 ;; This function is called by:
  1472 ;;		_main
  1473 ;; This function uses a non-reentrant model
  1474 ;;
  1475                           
  1476                           	psect	text3
  1477   00232E                     __ptext3:
  1478                           	callstack 0
  1479   00232E                     _TMR2_StartTimer:
  1480                           	callstack 29
  1481   00232E                     
  1482                           ;./header.h: 78:     TMR2_Start();
  1483   00232E  EC9A  F011         	call	_TMR2_Start	;wreg free
  1484   002332  0012               	return		;funcret
  1485   002334                     __end_of_TMR2_StartTimer:
  1486                           	callstack 0
  1487                           
  1488 ;; *************** function _TMR2_Start *****************
  1489 ;; Defined at:
  1490 ;;		line 70 in file "./header.h"
  1491 ;; Parameters:    Size  Location     Type
  1492 ;;		None
  1493 ;; Auto vars:     Size  Location     Type
  1494 ;;		None
  1495 ;; Return value:  Size  Location     Type
  1496 ;;                  1    wreg      void 
  1497 ;; Registers used:
  1498 ;;		None
  1499 ;; Tracked objects:
  1500 ;;		On entry : 0/0
  1501 ;;		On exit  : 0/0
  1502 ;;		Unchanged: 0/0
  1503 ;; Data sizes:     COMRAM   BANK0   BANK1   BANK2   BANK3   BANK4   BANK5   BANK6   BANK7   BANK8   BANK9  BANK10  BANK1
      +1  BANK12  BANK13  BANK14  BANK15  BANK16  BANK17  BANK18  BANK19  BANK20  BANK21  BANK22  BANK23  BANK24  BANK25  BANK2
      +6  BANK27  BANK28  BANK29  BANK30  BANK31
  1504 ;;      Params:         0       0       0       0       0       0       0       0       0       0       0       0       
      +0       0       0       0       0       0       0       0       0       0       0       0       0       0       0       
      +0       0       0       0       0       0
  1505 ;;      Locals:         0       0       0       0       0       0       0       0       0       0       0       0       
      +0       0       0       0       0       0       0       0       0       0       0       0       0       0       0       
      +0       0       0       0       0       0
  1506 ;;      Temps:          0       0       0       0       0       0       0       0       0       0       0       0       
      +0       0       0       0       0       0       0       0       0       0       0       0       0       0       0       
      +0       0       0       0       0       0
  1507 ;;      Totals:         0       0       0       0       0       0       0       0       0       0       0       0       
      +0       0       0       0       0       0       0       0       0       0       0       0       0       0       0       
      +0       0       0       0       0       0
  1508 ;;Total ram usage:        0 bytes
  1509 ;; Hardware stack levels used: 1
  1510 ;; This function calls:
  1511 ;;		Nothing
  1512 ;; This function is called by:
  1513 ;;		_TMR2_StartTimer
  1514 ;; This function uses a non-reentrant model
  1515 ;;
  1516                           
  1517                           	psect	text4
  1518   002334                     __ptext4:
  1519                           	callstack 0
  1520   002334                     _TMR2_Start:
  1521                           	callstack 29
  1522   002334                     
  1523                           ;./header.h: 73:     T2CONbits.TMR2ON = 1;
  1524   002334  8EAC               	bsf	172,7,c	;volatile
  1525   002336  0012               	return		;funcret
  1526   002338                     __end_of_TMR2_Start:
  1527                           	callstack 0
  1528                           
  1529 ;; *************** function _TMR2_Initialize *****************
  1530 ;; Defined at:
  1531 ;;		line 30 in file "./header.h"
  1532 ;; Parameters:    Size  Location     Type
  1533 ;;		None
  1534 ;; Auto vars:     Size  Location     Type
  1535 ;;		None
  1536 ;; Return value:  Size  Location     Type
  1537 ;;                  1    wreg      void 
  1538 ;; Registers used:
  1539 ;;		wreg, status,2
  1540 ;; Tracked objects:
  1541 ;;		On entry : 0/0
  1542 ;;		On exit  : 0/0
  1543 ;;		Unchanged: 0/0
  1544 ;; Data sizes:     COMRAM   BANK0   BANK1   BANK2   BANK3   BANK4   BANK5   BANK6   BANK7   BANK8   BANK9  BANK10  BANK1
      +1  BANK12  BANK13  BANK14  BANK15  BANK16  BANK17  BANK18  BANK19  BANK20  BANK21  BANK22  BANK23  BANK24  BANK25  BANK2
      +6  BANK27  BANK28  BANK29  BANK30  BANK31
  1545 ;;      Params:         0       0       0       0       0       0       0       0       0       0       0       0       
      +0       0       0       0       0       0       0       0       0       0       0       0       0       0       0       
      +0       0       0       0       0       0
  1546 ;;      Locals:         0       0       0       0       0       0       0       0       0       0       0       0       
      +0       0       0       0       0       0       0       0       0       0       0       0       0       0       0       
      +0       0       0       0       0       0
  1547 ;;      Temps:          0       0       0       0       0       0       0       0       0       0       0       0       
      +0       0       0       0       0       0       0       0       0       0       0       0       0       0       0       
      +0       0       0       0       0       0
  1548 ;;      Totals:         0       0       0       0       0       0       0       0       0       0       0       0       
      +0       0       0       0       0       0       0       0       0       0       0       0       0       0       0       
      +0       0       0       0       0       0
  1549 ;;Total ram usage:        0 bytes
  1550 ;; Hardware stack levels used: 1
  1551 ;; This function calls:
  1552 ;;		Nothing
  1553 ;; This function is called by:
  1554 ;;		_main
  1555 ;; This function uses a non-reentrant model
  1556 ;;
  1557                           
  1558                           	psect	text5
  1559   0022C2                     __ptext5:
  1560                           	callstack 0
  1561   0022C2                     _TMR2_Initialize:
  1562                           	callstack 30
  1563   0022C2                     
  1564                           ;./header.h: 35:     T2CLKCON = 0x01;
  1565   0022C2  0E01               	movlw	1
  1566   0022C4  6EAE               	movwf	174,c	;volatile
  1567   0022C6                     
  1568                           ;./header.h: 38:     T2HLT = 0x00;
  1569   0022C6  6AAD               	clrf	173,c	;volatile
  1570   0022C8                     
  1571                           ;./header.h: 41:     T2RST = 0x00;
  1572   0022C8  6AAF               	clrf	175,c	;volatile
  1573                           
  1574                           ;./header.h: 44:     T2PR = 0x9C;
  1575   0022CA  0E9C               	movlw	156
  1576   0022CC  6EAB               	movwf	171,c	;volatile
  1577   0022CE                     
  1578                           ;./header.h: 47:     T2TMR = 0x00;
  1579   0022CE  6AAA               	clrf	170,c	;volatile
  1580   0022D0                     
  1581                           ;./header.h: 50:     PIR4bits.TMR2IF = 0;
  1582   0022D0  0139               	movlb	57	; () banked
  1583   0022D2  95A4               	bcf	164,2,b	;volatile
  1584   0022D4                     
  1585                           ; BSR set to: 57
  1586                           ;./header.h: 53:     T2CONbits.ON = 1;
  1587   0022D4  8EAC               	bsf	172,7,c	;volatile
  1588                           
  1589                           ;./header.h: 54:     T2CONbits.CKPS = 0b111;
  1590   0022D6  0E70               	movlw	112
  1591   0022D8  12AC               	iorwf	172,f,c	;volatile
  1592                           
  1593                           ;./header.h: 55:     T2CONbits.OUTPS = 0x00;
  1594   0022DA  0EF0               	movlw	-16
  1595   0022DC  16AC               	andwf	172,f,c	;volatile
  1596   0022DE                     
  1597                           ; BSR set to: 57
  1598   0022DE  0012               	return		;funcret
  1599   0022E0                     __end_of_TMR2_Initialize:
  1600                           	callstack 0
  1601                           
  1602 ;; *************** function _PWM_Output_D8_Enable *****************
  1603 ;; Defined at:
  1604 ;;		line 144 in file "./header.h"
  1605 ;; Parameters:    Size  Location     Type
  1606 ;;		None
  1607 ;; Auto vars:     Size  Location     Type
  1608 ;;		None
  1609 ;; Return value:  Size  Location     Type
  1610 ;;                  1    wreg      void 
  1611 ;; Registers used:
  1612 ;;		wreg, status,2
  1613 ;; Tracked objects:
  1614 ;;		On entry : 0/0
  1615 ;;		On exit  : 0/0
  1616 ;;		Unchanged: 0/0
  1617 ;; Data sizes:     COMRAM   BANK0   BANK1   BANK2   BANK3   BANK4   BANK5   BANK6   BANK7   BANK8   BANK9  BANK10  BANK1
      +1  BANK12  BANK13  BANK14  BANK15  BANK16  BANK17  BANK18  BANK19  BANK20  BANK21  BANK22  BANK23  BANK24  BANK25  BANK2
      +6  BANK27  BANK28  BANK29  BANK30  BANK31
  1618 ;;      Params:         0       0       0       0       0       0       0       0       0       0       0       0       
      +0       0       0       0       0       0       0       0       0       0       0       0       0       0       0       
      +0       0       0       0       0       0
  1619 ;;      Locals:         0       0       0       0       0       0       0       0       0       0       0       0       
      +0       0       0       0       0       0       0       0       0       0       0       0       0       0       0       
      +0       0       0       0       0       0
  1620 ;;      Temps:          0       0       0       0       0       0       0       0       0       0       0       0       
      +0       0       0       0       0       0       0       0       0       0       0       0       0       0       0       
      +0       0       0       0       0       0
  1621 ;;      Totals:         0       0       0       0       0       0       0       0       0       0       0       0       
      +0       0       0       0       0       0       0       0       0       0       0       0       0       0       0       
      +0       0       0       0       0       0
  1622 ;;Total ram usage:        0 bytes
  1623 ;; Hardware stack levels used: 1
  1624 ;; This function calls:
  1625 ;;		Nothing
  1626 ;; This function is called by:
  1627 ;;		_main
  1628 ;; This function uses a non-reentrant model
  1629 ;;
  1630                           
  1631                           	psect	text6
  1632   0022E0                     __ptext6:
  1633                           	callstack 0
  1634   0022E0                     _PWM_Output_D8_Enable:
  1635                           	callstack 30
  1636   0022E0                     
  1637                           ;./header.h: 145:     PPSLOCK = 0x55;
  1638   0022E0  0E55               	movlw	85
  1639   0022E2  013A               	movlb	58	; () banked
  1640   0022E4  6FBF               	movwf	191,b	;volsfr
  1641                           
  1642                           ;./header.h: 146:     PPSLOCK = 0xAA;
  1643   0022E6  0EAA               	movlw	170
  1644   0022E8  6FBF               	movwf	191,b	;volsfr
  1645   0022EA                     
  1646                           ; BSR set to: 58
  1647                           ;./header.h: 147:     PPSLOCKbits.PPSLOCKED = 0x00;
  1648   0022EA  91BF               	bcf	191,0,b	;volsfr
  1649                           
  1650                           ;./header.h: 150:     RB3PPS = 0x0A;
  1651   0022EC  0E0A               	movlw	10
  1652   0022EE  6F0B               	movwf	11,b	;volatile
  1653   0022F0                     
  1654                           ; BSR set to: 58
  1655                           ;./header.h: 152:     TRISBbits.TRISB3 = 0;
  1656   0022F0  96C3               	bcf	195,3,c	;volatile
  1657                           
  1658                           ;./header.h: 154:     PPSLOCK = 0x55;
  1659   0022F2  0E55               	movlw	85
  1660   0022F4  6FBF               	movwf	191,b	;volsfr
  1661                           
  1662                           ;./header.h: 155:     PPSLOCK = 0xAA;
  1663   0022F6  0EAA               	movlw	170
  1664   0022F8  6FBF               	movwf	191,b	;volsfr
  1665   0022FA                     
  1666                           ; BSR set to: 58
  1667                           ;./header.h: 156:     PPSLOCKbits.PPSLOCKED = 0x01;
  1668   0022FA  81BF               	bsf	191,0,b	;volsfr
  1669   0022FC                     
  1670                           ; BSR set to: 58
  1671   0022FC  0012               	return		;funcret
  1672   0022FE                     __end_of_PWM_Output_D8_Enable:
  1673                           	callstack 0
  1674                           
  1675 ;; *************** function _PWM2_OutputStatusGet *****************
  1676 ;; Defined at:
  1677 ;;		line 209 in file "./header.h"
  1678 ;; Parameters:    Size  Location     Type
  1679 ;;		None
  1680 ;; Auto vars:     Size  Location     Type
  1681 ;;		None
  1682 ;; Return value:  Size  Location     Type
  1683 ;;                  1    wreg      _Bool 
  1684 ;; Registers used:
  1685 ;;		wreg
  1686 ;; Tracked objects:
  1687 ;;		On entry : 0/0
  1688 ;;		On exit  : 0/0
  1689 ;;		Unchanged: 0/0
  1690 ;; Data sizes:     COMRAM   BANK0   BANK1   BANK2   BANK3   BANK4   BANK5   BANK6   BANK7   BANK8   BANK9  BANK10  BANK1
      +1  BANK12  BANK13  BANK14  BANK15  BANK16  BANK17  BANK18  BANK19  BANK20  BANK21  BANK22  BANK23  BANK24  BANK25  BANK2
      +6  BANK27  BANK28  BANK29  BANK30  BANK31
  1691 ;;      Params:         0       0       0       0       0       0       0       0       0       0       0       0       
      +0       0       0       0       0       0       0       0       0       0       0       0       0       0       0       
      +0       0       0       0       0       0
  1692 ;;      Locals:         0       0       0       0       0       0       0       0       0       0       0       0       
      +0       0       0       0       0       0       0       0       0       0       0       0       0       0       0       
      +0       0       0       0       0       0
  1693 ;;      Temps:          0       0       0       0       0       0       0       0       0       0       0       0       
      +0       0       0       0       0       0       0       0       0       0       0       0       0       0       0       
      +0       0       0       0       0       0
  1694 ;;      Totals:         0       0       0       0       0       0       0       0       0       0       0       0       
      +0       0       0       0       0       0       0       0       0       0       0       0       0       0       0       
      +0       0       0       0       0       0
  1695 ;;Total ram usage:        0 bytes
  1696 ;; Hardware stack levels used: 1
  1697 ;; This function calls:
  1698 ;;		Nothing
  1699 ;; This function is called by:
  1700 ;;		_main
  1701 ;; This function uses a non-reentrant model
  1702 ;;
  1703                           
  1704                           	psect	text7
  1705   002314                     __ptext7:
  1706                           	callstack 0
  1707   002314                     _PWM2_OutputStatusGet:
  1708                           	callstack 30
  1709   002314                     
  1710                           ;./header.h: 212:     return(CCP2CONbits.OUT);
  1711   002314  BA7A               	btfsc	122,5,c	;volatile
  1712   002316  EF8F  F011         	goto	u31
  1713   00231A  EF92  F011         	goto	u30
  1714   00231E                     u31:
  1715   00231E  0E01               	movlw	1
  1716   002320  EF93  F011         	goto	u36
  1717   002324                     u30:
  1718   002324  0E00               	movlw	0
  1719   002326                     u36:
  1720   002326  0012               	return		;funcret
  1721   002328                     __end_of_PWM2_OutputStatusGet:
  1722                           	callstack 0
  1723                           
  1724 ;; *************** function _PWM2_LoadDutyValue *****************
  1725 ;; Defined at:
  1726 ;;		line 191 in file "./header.h"
  1727 ;; Parameters:    Size  Location     Type
  1728 ;;  dutyValue       2    0[COMRAM] unsigned short 
  1729 ;; Auto vars:     Size  Location     Type
  1730 ;;		None
  1731 ;; Return value:  Size  Location     Type
  1732 ;;                  1    wreg      void 
  1733 ;; Registers used:
  1734 ;;		wreg, status,2, status,0
  1735 ;; Tracked objects:
  1736 ;;		On entry : 0/0
  1737 ;;		On exit  : 0/0
  1738 ;;		Unchanged: 0/0
  1739 ;; Data sizes:     COMRAM   BANK0   BANK1   BANK2   BANK3   BANK4   BANK5   BANK6   BANK7   BANK8   BANK9  BANK10  BANK1
      +1  BANK12  BANK13  BANK14  BANK15  BANK16  BANK17  BANK18  BANK19  BANK20  BANK21  BANK22  BANK23  BANK24  BANK25  BANK2
      +6  BANK27  BANK28  BANK29  BANK30  BANK31
  1740 ;;      Params:         2       0       0       0       0       0       0       0       0       0       0       0       
      +0       0       0       0       0       0       0       0       0       0       0       0       0       0       0       
      +0       0       0       0       0       0
  1741 ;;      Locals:         0       0       0       0       0       0       0       0       0       0       0       0       
      +0       0       0       0       0       0       0       0       0       0       0       0       0       0       0       
      +0       0       0       0       0       0
  1742 ;;      Temps:          0       0       0       0       0       0       0       0       0       0       0       0       
      +0       0       0       0       0       0       0       0       0       0       0       0       0       0       0       
      +0       0       0       0       0       0
  1743 ;;      Totals:         2       0       0       0       0       0       0       0       0       0       0       0       
      +0       0       0       0       0       0       0       0       0       0       0       0       0       0       0       
      +0       0       0       0       0       0
  1744 ;;Total ram usage:        2 bytes
  1745 ;; Hardware stack levels used: 1
  1746 ;; This function calls:
  1747 ;;		Nothing
  1748 ;; This function is called by:
  1749 ;;		_main
  1750 ;; This function uses a non-reentrant model
  1751 ;;
  1752                           
  1753                           	psect	text8
  1754   002292                     __ptext8:
  1755                           	callstack 0
  1756   002292                     _PWM2_LoadDutyValue:
  1757                           	callstack 30
  1758   002292                     
  1759                           ;./header.h: 191: void PWM2_LoadDutyValue(uint16_t dutyValue);./header.h: 192: {;./heade
      +                          r.h: 193:     dutyValue &= 0x03FF;
  1760   002292  0EFF               	movlw	255
  1761   002294  1601               	andwf	PWM2_LoadDutyValue@dutyValue^0,f,c
  1762   002296  0E03               	movlw	3
  1763   002298  1602               	andwf	(PWM2_LoadDutyValue@dutyValue+1)^0,f,c
  1764   00229A                     
  1765                           ;./header.h: 196:     if(CCP2CONbits.FMT)
  1766   00229A  A87A               	btfss	122,4,c	;volatile
  1767   00229C  EF52  F011         	goto	u141
  1768   0022A0  EF54  F011         	goto	u140
  1769   0022A4                     u141:
  1770   0022A4  EF5B  F011         	goto	l1078
  1771   0022A8                     u140:
  1772   0022A8                     
  1773                           ;./header.h: 197:     {;./header.h: 198:         dutyValue <<= 6;
  1774   0022A8  0E06               	movlw	6
  1775   0022AA                     u155:
  1776   0022AA  90D8               	bcf	status,0,c
  1777   0022AC  3601               	rlcf	PWM2_LoadDutyValue@dutyValue^0,f,c
  1778   0022AE  3602               	rlcf	(PWM2_LoadDutyValue@dutyValue+1)^0,f,c
  1779   0022B0  2EE8               	decfsz	wreg,f,c
  1780   0022B2  EF55  F011         	goto	u155
  1781   0022B6                     l1078:
  1782                           
  1783                           ;./header.h: 199:         CCPR2H = dutyValue >> 8;
  1784   0022B6  5002               	movf	(PWM2_LoadDutyValue@dutyValue+1)^0,w,c
  1785   0022B8  6E79               	movwf	121,c	;volatile
  1786   0022BA                     
  1787                           ;./header.h: 200:         CCPR2L = dutyValue;
  1788   0022BA  0060  F007  FF78   	movff	PWM2_LoadDutyValue@dutyValue,16248	;volatile
  1789   0022C0  0012               	return		;funcret
  1790   0022C2                     __end_of_PWM2_LoadDutyValue:
  1791                           	callstack 0
  1792                           
  1793 ;; *************** function _PWM2_Initialize *****************
  1794 ;; Defined at:
  1795 ;;		line 174 in file "./header.h"
  1796 ;; Parameters:    Size  Location     Type
  1797 ;;		None
  1798 ;; Auto vars:     Size  Location     Type
  1799 ;;		None
  1800 ;; Return value:  Size  Location     Type
  1801 ;;                  1    wreg      void 
  1802 ;; Registers used:
  1803 ;;		wreg, status,2
  1804 ;; Tracked objects:
  1805 ;;		On entry : 0/0
  1806 ;;		On exit  : 0/0
  1807 ;;		Unchanged: 0/0
  1808 ;; Data sizes:     COMRAM   BANK0   BANK1   BANK2   BANK3   BANK4   BANK5   BANK6   BANK7   BANK8   BANK9  BANK10  BANK1
      +1  BANK12  BANK13  BANK14  BANK15  BANK16  BANK17  BANK18  BANK19  BANK20  BANK21  BANK22  BANK23  BANK24  BANK25  BANK2
      +6  BANK27  BANK28  BANK29  BANK30  BANK31
  1809 ;;      Params:         0       0       0       0       0       0       0       0       0       0       0       0       
      +0       0       0       0       0       0       0       0       0       0       0       0       0       0       0       
      +0       0       0       0       0       0
  1810 ;;      Locals:         0       0       0       0       0       0       0       0       0       0       0       0       
      +0       0       0       0       0       0       0       0       0       0       0       0       0       0       0       
      +0       0       0       0       0       0
  1811 ;;      Temps:          0       0       0       0       0       0       0       0       0       0       0       0       
      +0       0       0       0       0       0       0       0       0       0       0       0       0       0       0       
      +0       0       0       0       0       0
  1812 ;;      Totals:         0       0       0       0       0       0       0       0       0       0       0       0       
      +0       0       0       0       0       0       0       0       0       0       0       0       0       0       0       
      +0       0       0       0       0       0
  1813 ;;Total ram usage:        0 bytes
  1814 ;; Hardware stack levels used: 1
  1815 ;; This function calls:
  1816 ;;		Nothing
  1817 ;; This function is called by:
  1818 ;;		_main
  1819 ;; This function uses a non-reentrant model
  1820 ;;
  1821                           
  1822                           	psect	text9
  1823   0022FE                     __ptext9:
  1824                           	callstack 0
  1825   0022FE                     _PWM2_Initialize:
  1826                           	callstack 30
  1827   0022FE                     
  1828                           ;./header.h: 179:  CCP2CON = 0x8C;
  1829   0022FE  0E8C               	movlw	140
  1830   002300  6E7A               	movwf	122,c	;volatile
  1831   002302                     
  1832                           ;./header.h: 182:  CCPR2H = 0x0;
  1833   002302  6A79               	clrf	121,c	;volatile
  1834                           
  1835                           ;./header.h: 185:  CCPR2L = 0x0f;
  1836   002304  0E0F               	movlw	15
  1837   002306  6E78               	movwf	120,c	;volatile
  1838                           
  1839                           ;./header.h: 188:  CCPTMRS0bits.C2TSEL = 0x1;
  1840   002308  013F               	movlb	63	; () banked
  1841   00230A  515E               	movf	94,w,b	;volatile
  1842   00230C  0BF3               	andlw	-13
  1843   00230E  0904               	iorlw	4
  1844   002310  6F5E               	movwf	94,b	;volatile
  1845   002312                     
  1846                           ; BSR set to: 63
  1847   002312  0012               	return		;funcret
  1848   002314                     __end_of_PWM2_Initialize:
  1849                           	callstack 0
  1850                           
  1851                           	psect	smallconst
  1852   002000                     __psmallconst:
  1853                           	callstack 0
  1854   002000  00                 	db	0
  1855   002001  00                 	db	0	; dummy byte at the end
  1856   002000                     __smallconst    set	__psmallconst
  1857   002000                     __mediumconst   set	__psmallconst
  1858   000000                     __activetblptr  equ	0
  1859                           
  1860                           	psect	rparam
  1861   000001                     ___rparam_used  equ	1
  1862   000000                     ___param_bank   equ	0
  1863   000000                     __Lparam        equ	__Lrparam
  1864   000000                     __Hparam        equ	__Hrparam
  1865                           
  1866                           	psect	config
  1867                           
  1868                           ;Config register CONFIG1L @ 0x300000
  1869                           ;	External Oscillator Selection
  1870                           ;	FEXTOSC = LP, LP (crystal oscillator) optimized for 32.768 kHz; PFM set to low power
  1871                           ;	Reset Oscillator Selection
  1872                           ;	RSTOSC = EXTOSC, EXTOSC operating per FEXTOSC bits (device manufacturing default)
  1873   300000                     	org	3145728
  1874   300000  F8                 	db	248
  1875                           
  1876                           ;Config register CONFIG1H @ 0x300001
  1877                           ;	Clock out Enable bit
  1878                           ;	CLKOUTEN = OFF, CLKOUT function is disabled
  1879                           ;	PRLOCKED One-Way Set Enable bit
  1880                           ;	PR1WAY = ON, PRLOCK bit can be cleared and set only once
  1881                           ;	Clock Switch Enable bit
  1882                           ;	CSWEN = ON, Writing to NOSC and NDIV is allowed
  1883                           ;	Fail-Safe Clock Monitor Enable bit
  1884                           ;	FCMEN = ON, Fail-Safe Clock Monitor enabled
  1885   300001                     	org	3145729
  1886   300001  FF                 	db	255
  1887                           
  1888                           ;Config register CONFIG2L @ 0x300002
  1889                           ;	MCLR Enable bit
  1890                           ;	MCLRE = EXTMCLR, If LVP = 0, MCLR pin is MCLR; If LVP = 1, RE3 pin function is MCLR
  1891                           ;	Power-up timer selection bits
  1892                           ;	PWRTS = PWRT_OFF, PWRT is disabled
  1893                           ;	Multi-vector enable bit
  1894                           ;	MVECEN = ON, Multi-vector enabled, Vector table used for interrupts
  1895                           ;	IVTLOCK bit One-way set enable bit
  1896                           ;	IVT1WAY = ON, IVTLOCK bit can be cleared and set only once
  1897                           ;	Low Power BOR Enable bit
  1898                           ;	LPBOREN = OFF, ULPBOR disabled
  1899                           ;	Brown-out Reset Enable bits
  1900                           ;	BOREN = SBORDIS, Brown-out Reset enabled , SBOREN bit is ignored
  1901   300002                     	org	3145730
  1902   300002  FF                 	db	255
  1903                           
  1904                           ;Config register CONFIG2H @ 0x300003
  1905                           ;	Brown-out Reset Voltage Selection bits
  1906                           ;	BORV = VBOR_2P45, Brown-out Reset Voltage (VBOR) set to 2.45V
  1907                           ;	ZCD Disable bit
  1908                           ;	ZCD = OFF, ZCD disabled. ZCD can be enabled by setting the ZCDSEN bit of ZCDCON
  1909                           ;	PPSLOCK bit One-Way Set Enable bit
  1910                           ;	PPS1WAY = ON, PPSLOCK bit can be cleared and set only once; PPS registers remain locke
      +                          d after one clear/set cycle
  1911                           ;	Stack Full/Underflow Reset Enable bit
  1912                           ;	STVREN = ON, Stack full/underflow will cause Reset
  1913                           ;	Debugger Enable bit
  1914                           ;	DEBUG = OFF, Background debugger disabled
  1915                           ;	Extended Instruction Set Enable bit
  1916                           ;	XINST = OFF, Extended Instruction Set and Indexed Addressing Mode disabled
  1917   300003                     	org	3145731
  1918   300003  FF                 	db	255
  1919                           
  1920                           ;Config register CONFIG3L @ 0x300004
  1921                           ;	WDT Period selection bits
  1922                           ;	WDTCPS = WDTCPS_31, Divider ratio 1:65536; software control of WDTPS
  1923                           ;	WDT operating mode
  1924                           ;	WDTE = OFF, WDT Disabled; SWDTEN is ignored
  1925   300004                     	org	3145732
  1926   300004  9F                 	db	159
  1927                           
  1928                           ;Config register CONFIG3H @ 0x300005
  1929                           ;	WDT Window Select bits
  1930                           ;	WDTCWS = WDTCWS_7, window always open (100%); software control; keyed access not requi
      +                          red
  1931                           ;	WDT input clock selector
  1932                           ;	WDTCCS = SC, Software Control
  1933   300005                     	org	3145733
  1934   300005  FF                 	db	255
  1935                           
  1936                           ;Config register CONFIG4L @ 0x300006
  1937                           ;	Boot Block Size selection bits
  1938                           ;	BBSIZE = BBSIZE_512, Boot Block size is 512 words
  1939                           ;	Boot Block enable bit
  1940                           ;	BBEN = OFF, Boot block disabled
  1941                           ;	Storage Area Flash enable bit
  1942                           ;	SAFEN = OFF, SAF disabled
  1943                           ;	Application Block write protection bit
  1944                           ;	WRTAPP = OFF, Application Block not write protected
  1945   300006                     	org	3145734
  1946   300006  FF                 	db	255
  1947                           
  1948                           ;Config register CONFIG4H @ 0x300007
  1949                           ;	Boot Block Write Protection bit
  1950                           ;	WRTB = OFF, Boot Block not write-protected
  1951                           ;	Configuration Register Write Protection bit
  1952                           ;	WRTC = OFF, Configuration registers not write-protected
  1953                           ;	Data EEPROM Write Protection bit
  1954                           ;	WRTD = OFF, Data EEPROM not write-protected
  1955                           ;	SAF Write protection bit
  1956                           ;	WRTSAF = OFF, SAF not Write Protected
  1957                           ;	Low Voltage Programming Enable bit
  1958                           ;	LVP = ON, Low voltage programming enabled. MCLR/VPP pin function is MCLR. MCLRE config
      +                          uration bit is ignored
  1959   300007                     	org	3145735
  1960   300007  FF                 	db	255
  1961                           
  1962                           ;Config register CONFIG5L @ 0x300008
  1963                           ;	PFM and Data EEPROM Code Protection bit
  1964                           ;	CP = OFF, PFM and Data EEPROM code protection disabled
  1965   300008                     	org	3145736
  1966   300008  FF                 	db	255
  1967                           
  1968                           ;Config register CONFIG5H @ 0x300009
  1969                           ;	unspecified, using default values
  1970   300009                     	org	3145737
  1971   300009  FF                 	db	255
  1972                           tosu	equ	0x3FFF
  1973                           tosh	equ	0x3FFE
  1974                           tosl	equ	0x3FFD
  1975                           stkptr	equ	0x3FFC
  1976                           pclatu	equ	0x3FFB
  1977                           pclath	equ	0x3FFA
  1978                           pcl	equ	0x3FF9
  1979                           tblptru	equ	0x3FF8
  1980                           tblptrh	equ	0x3FF7
  1981                           tblptrl	equ	0x3FF6
  1982                           tablat	equ	0x3FF5
  1983                           prodh	equ	0x3FF4
  1984                           prodl	equ	0x3FF3
  1985                           indf0	equ	0x3FEF
  1986                           postinc0	equ	0x3FEE
  1987                           postdec0	equ	0x3FED
  1988                           preinc0	equ	0x3FEC
  1989                           plusw0	equ	0x3FEB
  1990                           fsr0h	equ	0x3FEA
  1991                           fsr0l	equ	0x3FE9
  1992                           wreg	equ	0x3FE8
  1993                           indf1	equ	0x3FE7
  1994                           postinc1	equ	0x3FE6
  1995                           postdec1	equ	0x3FE5
  1996                           preinc1	equ	0x3FE4
  1997                           plusw1	equ	0x3FE3
  1998                           fsr1h	equ	0x3FE2
  1999                           fsr1l	equ	0x3FE1
  2000                           bsr	equ	0x3FE0
  2001                           indf2	equ	0x3FDF
  2002                           postinc2	equ	0x3FDE
  2003                           postdec2	equ	0x3FDD
  2004                           preinc2	equ	0x3FDC
  2005                           plusw2	equ	0x3FDB
  2006                           fsr2h	equ	0x3FDA
  2007                           fsr2l	equ	0x3FD9
  2008                           status	equ	0x3FD8

Data Sizes:
    Strings     0
    Constant    0
    Data        6
    BSS         4
    Persistent  0
    Stack       0

Auto Spaces:
    Space          Size  Autos    Used
    COMRAM           95     27      37
    BANK0           160      0       0
    BANK1           256      0       0
    BANK2           256      0       0
    BANK3           256      0       0
    BANK4           256      0       0
    BANK5           256      0       0
    BANK6           256      0       0
    BANK7           256      0       0
    BANK8           256      0       0
    BANK9           256      0       0
    BANK10          256      0       0
    BANK11          256      0       0
    BANK12          256      0       0
    BANK13          256      0       0
    BANK14          256      0       0
    BANK15          256      0       0
    BANK16          256      0       0
    BANK17          256      0       0
    BANK18          256      0       0
    BANK19          256      0       0
    BANK20          256      0       0
    BANK21          256      0       0
    BANK22          256      0       0
    BANK23          256      0       0
    BANK24          256      0       0
    BANK25          256      0       0
    BANK26          256      0       0
    BANK27          256      0       0
    BANK28          256      0       0
    BANK29          256      0       0
    BANK30          256      0       0
    BANK31          256      0       0

Pointer List with Targets:

    None.

Critical Paths under _main in COMRAM

    _main->___lldiv
    ___lldiv->___lmul

Critical Paths under _main in BANK0

    None.

Critical Paths under _main in BANK1

    None.

Critical Paths under _main in BANK2

    None.

Critical Paths under _main in BANK3

    None.

Critical Paths under _main in BANK4

    None.

Critical Paths under _main in BANK5

    None.

Critical Paths under _main in BANK6

    None.

Critical Paths under _main in BANK7

    None.

Critical Paths under _main in BANK8

    None.

Critical Paths under _main in BANK9

    None.

Critical Paths under _main in BANK10

    None.

Critical Paths under _main in BANK11

    None.

Critical Paths under _main in BANK12

    None.

Critical Paths under _main in BANK13

    None.

Critical Paths under _main in BANK14

    None.

Critical Paths under _main in BANK15

    None.

Critical Paths under _main in BANK16

    None.

Critical Paths under _main in BANK17

    None.

Critical Paths under _main in BANK18

    None.

Critical Paths under _main in BANK19

    None.

Critical Paths under _main in BANK20

    None.

Critical Paths under _main in BANK21

    None.

Critical Paths under _main in BANK22

    None.

Critical Paths under _main in BANK23

    None.

Critical Paths under _main in BANK24

    None.

Critical Paths under _main in BANK25

    None.

Critical Paths under _main in BANK26

    None.

Critical Paths under _main in BANK27

    None.

Critical Paths under _main in BANK28

    None.

Critical Paths under _main in BANK29

    None.

Critical Paths under _main in BANK30

    None.

Critical Paths under _main in BANK31

    None.

Call Graph Tables:

 ---------------------------------------------------------------------------------
 (Depth) Function   	        Calls       Base Space   Used Autos Params    Refs
 ---------------------------------------------------------------------------------
 (0) _main                                                 2     2      0     351
                                             25 COMRAM     2     2      0
                    _PWM2_Initialize
                 _PWM2_LoadDutyValue
               _PWM2_OutputStatusGet
               _PWM_Output_D8_Enable
                    _TMR2_Initialize
                    _TMR2_StartTimer
                            ___lldiv
                             ___lmul
 ---------------------------------------------------------------------------------
 (1) ___lmul                                              12     4      8      94
                                              0 COMRAM    12     4      8
 ---------------------------------------------------------------------------------
 (1) ___lldiv                                             13     5      8     164
                                             12 COMRAM    13     5      8
                             ___lmul (ARG)
 ---------------------------------------------------------------------------------
 (1) _TMR2_StartTimer                                      0     0      0       0
                         _TMR2_Start
 ---------------------------------------------------------------------------------
 (2) _TMR2_Start                                           0     0      0       0
 ---------------------------------------------------------------------------------
 (1) _TMR2_Initialize                                      0     0      0       0
 ---------------------------------------------------------------------------------
 (1) _PWM_Output_D8_Enable                                 0     0      0       0
 ---------------------------------------------------------------------------------
 (1) _PWM2_OutputStatusGet                                 0     0      0       0
 ---------------------------------------------------------------------------------
 (1) _PWM2_LoadDutyValue                                   2     0      2      93
                                              0 COMRAM     2     0      2
 ---------------------------------------------------------------------------------
 (1) _PWM2_Initialize                                      0     0      0       0
 ---------------------------------------------------------------------------------
 Estimated maximum stack depth 2
 ---------------------------------------------------------------------------------

 Call Graph Graphs:

 _main (ROOT)
   _PWM2_Initialize
   _PWM2_LoadDutyValue
   _PWM2_OutputStatusGet
   _PWM_Output_D8_Enable
   _TMR2_Initialize
   _TMR2_StartTimer
     _TMR2_Start
   ___lldiv
     ___lmul (ARG)
   ___lmul

Address spaces:
Name               Size   Autos  Total    Usage
BIGRAM            8191      0       0      0.0%
BITBIGSFRlllh     1390      0       0      0.0%
BITBIGSFRlllll     420      0       0      0.0%
BITBANK31          256      0       0      0.0%
BANK31             256      0       0      0.0%
BITBANK30          256      0       0      0.0%
BANK30             256      0       0      0.0%
BITBANK29          256      0       0      0.0%
BANK29             256      0       0      0.0%
BITBANK28          256      0       0      0.0%
BANK28             256      0       0      0.0%
BITBANK27          256      0       0      0.0%
BANK27             256      0       0      0.0%
BITBANK26          256      0       0      0.0%
BANK26             256      0       0      0.0%
BITBANK25          256      0       0      0.0%
BANK25             256      0       0      0.0%
BITBANK24          256      0       0      0.0%
BANK24             256      0       0      0.0%
BITBANK23          256      0       0      0.0%
BANK23             256      0       0      0.0%
BITBANK22          256      0       0      0.0%
BANK22             256      0       0      0.0%
BITBANK21          256      0       0      0.0%
BANK21             256      0       0      0.0%
BITBANK20          256      0       0      0.0%
BANK20             256      0       0      0.0%
BITBANK19          256      0       0      0.0%
BANK19             256      0       0      0.0%
BITBANK18          256      0       0      0.0%
BANK18             256      0       0      0.0%
BITBANK17          256      0       0      0.0%
BANK17             256      0       0      0.0%
BITBANK16          256      0       0      0.0%
BANK16             256      0       0      0.0%
BITBANK15          256      0       0      0.0%
BANK15             256      0       0      0.0%
BITBANK14          256      0       0      0.0%
BANK14             256      0       0      0.0%
BITBANK13          256      0       0      0.0%
BANK13             256      0       0      0.0%
BITBANK12          256      0       0      0.0%
BANK12             256      0       0      0.0%
BITBANK11          256      0       0      0.0%
BANK11             256      0       0      0.0%
BITBANK10          256      0       0      0.0%
BANK10             256      0       0      0.0%
BITBANK9           256      0       0      0.0%
BANK9              256      0       0      0.0%
BITBANK8           256      0       0      0.0%
BANK8              256      0       0      0.0%
BITBANK7           256      0       0      0.0%
BANK7              256      0       0      0.0%
BITBANK6           256      0       0      0.0%
BANK6              256      0       0      0.0%
BITBANK5           256      0       0      0.0%
BANK5              256      0       0      0.0%
BITBANK4           256      0       0      0.0%
BANK4              256      0       0      0.0%
BITBANK3           256      0       0      0.0%
BANK3              256      0       0      0.0%
BITBANK2           256      0       0      0.0%
BANK2              256      0       0      0.0%
BITBANK1           256      0       0      0.0%
BANK1              256      0       0      0.0%
BITBANK0           160      0       0      0.0%
BANK0              160      0       0      0.0%
BITBIGSFRllllh     102      0       0      0.0%
BITCOMRAM           95      0       0      0.0%
COMRAM              95     27      37     38.9%
BITBIGSFRh          80      0       0      0.0%
BITBIGSFRllh        49      0       0      0.0%
BITBIGSFRlh          2      0       0      0.0%
STACK                0      0       0      0.0%
DATA                 0      0      37      0.0%


Microchip Technology PIC18 Macro Assembler V3.10 build 20250813170317 
Symbol Table                                                                                   Tue May 12 19:46:09 2026

       ?_PWM_Output_D8_Enable 0001                            l61 22DE                            l64 2336  
                          l67 2332                            l94 22FC                            u30 2324  
                          u31 231E                            u36 2326                           l100 2312  
                         l105 22C0                           l108 2326                           l160 21E6  
                         l144 2250                           l145 2260                           l167 21F6  
                         l920 22C6                           l922 22C8                           l930 232E  
                         l940 22FE                           l932 22E0                           l924 22CE  
                         l916 2334                           l942 2302                           l934 22EA  
                         l926 22D0                           l918 22C2                           l936 22F0  
                         l928 22D4                           l938 22FA                           l958 2314  
                         u200 21C4                           u201 21C0                           u140 22A8  
                         u220 20C8                           u141 22A4                           u221 20C4  
                         u230 20E4                           u231 20E0                           u215 20B8  
                         u160 2216                           u240 2112                           u216 20BA  
                         u161 2212                           u241 210E                           u170 2250  
                         u250 212E                           u155 22AA                           u171 224C  
                         u251 212A                           u180 217A                           u181 2176  
                         u190 219C                           _PR2 3FAB                           u191 2198  
                         u267 20FC                           u277 2144               _TMR2_Initialize 22C2  
                         wreg 3FE8  __end_of_PWM2_OutputStatusGet 2328                          l1100 217A  
                        l1110 21C4                          l1102 2182                          l1112 21D4  
                        l1104 218E                          l1120 2006                          l1114 21D6  
                        l1106 219C                          l1130 201A                          l1122 200A  
                        l1116 21E0                          l1108 21A6                          l1140 20AA  
                        l1132 201E                          l1124 200E                          l1150 20EA  
                        l1142 20B0                          l1134 202A                          l1126 2010  
                        l1118 2002                          l1080 22BA                          l1072 2292  
                        l1160 2132                          l1152 20F6                          l1144 20BA  
                        l1136 2036                          l1128 2012                          l1074 229A  
                        l1090 2216                          l1162 213E                          l1146 20C8  
                        l1154 2104                          l1138 20A2                          l1076 22A8  
                        l1092 2226                          l1156 2112                          l1148 20E4  
                        l1078 22B6                          l1094 2230                          l1086 21F8  
                        l1158 212E                          l1096 2154                          l1088 2208  
                        l1098 2164                          _T2PR 3FAB                          _TMR2 3FAA  
                        _main 2002                          fsr1l 3FE1                          start FFFC  
                ___param_bank 0000       __end_of_PWM2_Initialize 2314                _checkdutyCycle 0022  
                       ?_main 0001               __end_of___lldiv 21F8                         _T2CON 3FAC  
                       _T2HLT 3FAD                         _T2TMR 3FAA                         _T2RST 3FAF  
                       _PORTB 3FCB                         _TRISB 3FC3                         _TRISD 3FC5  
         ___lmul@multiplicand 0005                   ?_TMR2_Start 0001                         tablat 3FF5  
                       status 3FD8               _TMR2_StartTimer 232E        ??_PWM_Output_D8_Enable 0001  
             __initialization 2262                  __end_of_main 2154       __end_of_TMR2_Initialize 22E0  
                      ??_main 001A                 __activetblptr 0000                        _CCPR2H 3F79  
                      _CCPR2L 3F78                        _ANSELB 3A50                        _ANSELD 3A70  
                      _RB3PPS 3A0B                        _OSCFRQ 39DF                  _CCPTMRS0bits 3F5E  
                      ___lmul 21F8                     ??___lldiv 0015              ?_PWM2_Initialize 0001  
        _PWM2_OutputStatusGet 2314                        isa$std 0001                  __pdataCOMRAM 001C  
                __mediumconst 2000                        tblptrh 3FF7                        tblptrl 3FF6  
                      tblptru 3FF8       __end_of_TMR2_StartTimer 2334                    __accesstop 0060  
     __end_of__initialization 228C    __end_of_PWM2_LoadDutyValue 22C2                 ___rparam_used 0001  
              __pcstackCOMRAM 0001         ?_PWM2_OutputStatusGet 0001              ?_TMR2_Initialize 0001  
                     ?___lmul 0001                       _CCP2CON 3F7A                ___lmul@product 0009  
                     _PPSLOCK 3ABF                  ??_TMR2_Start 0001              ?_TMR2_StartTimer 0001  
                     __Hparam 0000                       __Lparam 0000        ??_PWM2_OutputStatusGet 0001  
                     ___lldiv 2154                  __psmallconst 2000            __end_of_TMR2_Start 2338  
                     __pcinit 2262                       __ramtop 2000                       __ptext0 2002  
                     __ptext1 21F8                       __ptext2 2154                       __ptext3 232E  
                     __ptext4 2334                       __ptext5 22C2                       __ptext6 22E0  
                     __ptext7 2314                       __ptext8 2292                       __ptext9 22FE  
                   _T2CONbits 3FAC                    _duty_value 001C          end_of_initialization 228C  
             ___lldiv@divisor 0011               ___lldiv@counter 0019                       postdec1 3FE5  
                     postinc0 3FEE                     _PORTBbits 3FCB                     _PORTDbits 3FCD  
                   _TRISBbits 3FC3                   _CCP2CONbits 3F7A                __end_of___lmul 2262  
               __pidataCOMRAM 2328            _PWM2_LoadDutyValue 2292           start_initialization 2262  
         ?_PWM2_LoadDutyValue 0001          ??_PWM2_LoadDutyValue 0003   PWM2_LoadDutyValue@dutyValue 0001  
                    ??___lmul 0009                   __pbssCOMRAM 0022                      ?___lldiv 000D  
                 __smallconst 2000                      _T2CLKCON 3FAE             ??_PWM2_Initialize 0001  
                    _PIR4bits 39A4                     _pwmStatus 0024  __end_of_PWM_Output_D8_Enable 22FE  
           ___lmul@multiplier 0001                     copy_data0 2276             ??_TMR2_Initialize 0001  
                    __Hrparam 0000                      __Lrparam 0000                      _preScale 0025  
                    isa$xinst 0000             ??_TMR2_StartTimer 0001                   _OSCSTATbits 39DC  
            ___lldiv@dividend 000D                   _PPSLOCKbits 3ABF          _PWM_Output_D8_Enable 22E0  
  _PWM2_INITIALIZE_DUTY_VALUE 001E              ___lldiv@quotient 0015               _PWM2_Initialize 22FE  
                  _TMR2_Start 2334  
