

Microchip MPLAB XC8 Assembler V3.10 build 20250813170317 
                                                                                               Sun May 17 23:40:43 2026

Microchip MPLAB XC8 C Compiler v3.10 (Free license) build 20250813170317 Og1 
     1                           	processor	18F47K42
     2                           	fnconf	rparam,??,?,0
     3                           	pagewidth 120
     4                           	opt	flic
     5                           	psect	idataCOMRAM,global,class=CODE,space=0,delta=1,noexec
     6                           	psect	smallconst,global,reloc=2,class=SMALLCONST,space=0,delta=1,noexec
     7                           	psect	cinit,global,reloc=2,class=CODE,space=0,delta=1
     8                           	psect	bssCOMRAM,global,class=COMRAM,space=1,delta=1,lowdata,noexec
     9                           	psect	dataCOMRAM,global,class=COMRAM,space=1,delta=1,lowdata,noexec
    10                           	psect	bssBANK0,global,class=BANK0,space=1,delta=1,lowdata,noexec
    11                           	psect	cstackCOMRAM,global,class=COMRAM,space=1,delta=1,lowdata,noexec
    12                           	psect	text0,global,reloc=2,class=CODE,space=0,delta=1
    13                           	psect	text1,global,reloc=2,class=CODE,space=0,delta=1
    14                           	psect	text2,global,reloc=2,class=CODE,space=0,delta=1,group=3
    15                           	psect	text3,global,reloc=2,class=CODE,space=0,delta=1,group=1
    16                           	psect	text4,global,reloc=2,class=CODE,space=0,delta=1,group=1
    17                           	psect	text5,global,reloc=2,class=CODE,space=0,delta=1,group=3
    18                           	psect	text6,global,reloc=2,class=CODE,space=0,delta=1,group=3
    19                           	psect	text7,global,reloc=2,class=CODE,space=0,delta=1,group=2
    20                           	psect	text8,global,reloc=2,class=CODE,space=0,delta=1,group=2
    21                           	psect	text9,global,reloc=2,class=CODE,space=0,delta=1
    22                           	psect	text10,global,reloc=2,class=CODE,space=0,delta=1,group=3
    23                           	psect	text11,global,reloc=2,class=CODE,space=0,delta=1
    24                           	psect	text12,global,reloc=2,class=CODE,space=0,delta=1
    25                           	psect	text13,global,reloc=2,class=CODE,space=0,delta=1
    26                           	psect	text14,global,reloc=2,class=CODE,space=0,delta=1
    27                           	psect	text15,global,reloc=2,class=CODE,space=0,delta=1
    28                           	psect	text16,global,reloc=2,class=CODE,space=0,delta=1
    29                           	psect	text17,global,reloc=2,class=CODE,space=0,delta=1
    30                           	psect	text18,global,reloc=2,class=CODE,space=0,delta=1
    31                           	psect	ivt0x8,global,reloc=2,class=CODE,space=0,delta=1,noexec,keep,optim=
    32                           	psect	intsave_regs,global,class=BIGRAM,space=1,delta=1,noexec
    33                           	psect	rparam,global,class=COMRAM,space=1,delta=1,noexec
    34                           	psect	config,global,abs,ovrld,class=CONFIG,space=4,delta=1,noexec
    35   000000                     
    36                           ; Generated 13/12/2024 GMT
    37                           ; 
    38                           ; Copyright © 2024, Microchip Technology Inc. and its subsidiaries ("Microchip")
    39                           ; All rights reserved.
    40                           ; 
    41                           ; This software is developed by Microchip Technology Inc. and its subsidiaries ("Microch
      +                          ip").
    42                           ; 
    43                           ; Redistribution and use in source and binary forms, with or without modification, are
    44                           ; permitted provided that the following conditions are met:
    45                           ; 
    46                           ;     1. Redistributions of source code must retain the above copyright notice, this lis
      +                          t of
    47                           ;        conditions and the following disclaimer.
    48                           ; 
    49                           ;     2. Redistributions in binary form must reproduce the above copyright notice, this 
      +                          list
    50                           ;        of conditions and the following disclaimer in the documentation and/or other
    51                           ;        materials provided with the distribution. Publication is not required when
    52                           ;        this file is used in an embedded application.
    53                           ; 
    54                           ;     3. Microchip's name may not be used to endorse or promote products derived from th
      +                          is
    55                           ;        software without specific prior written permission.
    56                           ; 
    57                           ; THIS SOFTWARE IS PROVIDED BY MICROCHIP "AS IS" AND ANY EXPRESS OR IMPLIED WARRANTIES,
    58                           ; INCLUDING, BUT NOT LIMITED TO, THE IMPLIED WARRANTIES OF MERCHANTABILITY AND FITNESS F
      +                          OR
    59                           ; PURPOSE ARE DISCLAIMED.  IN NO EVENT SHALL MICROCHIP BE LIABLE FOR ANY DIRECT, INDIREC
      +                          T,
    60                           ; INCIDENTAL, SPECIAL, EXEMPLARY, OR CONSEQUENTIAL DAMAGES (INCLUDING BUT NOT LIMITED TO
    61                           ; PROCUREMENT OF SUBSTITUTE GOODS OR SERVICES; LOSS OF USE, DATA OR PROFITS; OR BUSINESS
    62                           ; INTERRUPTION) HOWSOEVER CAUSED AND ON ANY THEORY OF LIABILITY, WHETHER IN CONTRACT, ST
      +                          RICT
    63                           ; LIABILITY, OR TORT (INCLUDING NEGLIGENCE OR OTHERWISE) ARISING IN ANY WAY OUT OF THE U
      +                          SE OF
    64                           ; THIS SOFTWARE, EVEN IF ADVISED OF THE POSSIBILITY OF SUCH DAMAGE.
    65                           ; 
    66                           ; 
    67                           ; Code-generator required, PIC18F47K42 Definitions
    68                           ; 
    69                           ; SFR Addresses
    70   003FE0                     bsr             equ	16352
    71   003FE9                     fsr0            equ	16361
    72   003FEA                     fsr0h           equ	16362
    73   003FE9                     fsr0l           equ	16361
    74   003FE1                     fsr1            equ	16353
    75   003FE2                     fsr1h           equ	16354
    76   003FE1                     fsr1l           equ	16353
    77   003FD9                     fsr2            equ	16345
    78   003FDA                     fsr2h           equ	16346
    79   003FD9                     fsr2l           equ	16345
    80   003FEF                     indf0           equ	16367
    81   003FE7                     indf1           equ	16359
    82   003FDF                     indf2           equ	16351
    83   003FD2                     intcon          equ	16338
    84   0039E5                     nvmcon          equ	14821
    85   003FF9                     pcl             equ	16377
    86   003FFA                     pclath          equ	16378
    87   003FFB                     pclatu          equ	16379
    88   003FEB                     plusw0          equ	16363
    89   003FE3                     plusw1          equ	16355
    90   003FDB                     plusw2          equ	16347
    91   003FED                     postdec0        equ	16365
    92   003FE5                     postdec1        equ	16357
    93   003FDD                     postdec2        equ	16349
    94   003FEE                     postinc0        equ	16366
    95   003FE6                     postinc1        equ	16358
    96   003FDE                     postinc2        equ	16350
    97   003FEC                     preinc0         equ	16364
    98   003FE4                     preinc1         equ	16356
    99   003FDC                     preinc2         equ	16348
   100   003FF3                     prod            equ	16371
   101   003FF4                     prodh           equ	16372
   102   003FF3                     prodl           equ	16371
   103   003FD8                     status          equ	16344
   104   003FF5                     tablat          equ	16373
   105   003FF6                     tblptr          equ	16374
   106   003FF7                     tblptrh         equ	16375
   107   003FF6                     tblptrl         equ	16374
   108   003FF8                     tblptru         equ	16376
   109   003FFD                     tosl            equ	16381
   110   003FE8                     wreg            equ	16360
   111   003880                     STATUS_CSHAD    equ	14464	;# 
   112   003881                     WREG_CSHAD      equ	14465	;# 
   113   003882                     BSR_CSHAD       equ	14466	;# 
   114   003883                     SHADCON         equ	14467	;# 
   115   003884                     STATUS_SHAD     equ	14468	;# 
   116   003885                     WREG_SHAD       equ	14469	;# 
   117   003886                     BSR_SHAD        equ	14470	;# 
   118   003887                     PCLATH_SHAD     equ	14471	;# 
   119   003888                     PCLATU_SHAD     equ	14472	;# 
   120   003889                     FSR0SH          equ	14473	;# 
   121   003889                     FSR0L_SHAD      equ	14473	;# 
   122   00388A                     FSR0H_SHAD      equ	14474	;# 
   123   00388B                     FSR1SH          equ	14475	;# 
   124   00388B                     FSR1L_SHAD      equ	14475	;# 
   125   00388C                     FSR1H_SHAD      equ	14476	;# 
   126   00388D                     FSR2SH          equ	14477	;# 
   127   00388D                     FSR2L_SHAD      equ	14477	;# 
   128   00388E                     FSR2H_SHAD      equ	14478	;# 
   129   00388F                     PRODSH          equ	14479	;# 
   130   00388F                     PRODL_SHAD      equ	14479	;# 
   131   003890                     PRODH_SHAD      equ	14480	;# 
   132   00389D                     IVTADL          equ	14493	;# 
   133   00389E                     IVTADH          equ	14494	;# 
   134   00389F                     IVTADU          equ	14495	;# 
   135   00395B                     WDTCON0         equ	14683	;# 
   136   00395C                     WDTCON1         equ	14684	;# 
   137   00395D                     WDTPSL          equ	14685	;# 
   138   00395E                     WDTPSH          equ	14686	;# 
   139   00395F                     WDTTMR          equ	14687	;# 
   140   003960                     CRCDATA         equ	14688	;# 
   141   003960                     CRCDATL         equ	14688	;# 
   142   003961                     CRCDATH         equ	14689	;# 
   143   003962                     CRCACC          equ	14690	;# 
   144   003962                     CRCACCL         equ	14690	;# 
   145   003963                     CRCACCH         equ	14691	;# 
   146   003964                     CRCSHFT         equ	14692	;# 
   147   003964                     CRCSHIFTL       equ	14692	;# 
   148   003965                     CRCSHIFTH       equ	14693	;# 
   149   003966                     CRCXOR          equ	14694	;# 
   150   003966                     CRCXORL         equ	14694	;# 
   151   003967                     CRCXORH         equ	14695	;# 
   152   003968                     CRCCON0         equ	14696	;# 
   153   003969                     CRCCON1         equ	14697	;# 
   154   003976                     SCANLADR        equ	14710	;# 
   155   003976                     SCANLADRL       equ	14710	;# 
   156   003977                     SCANLADRH       equ	14711	;# 
   157   003978                     SCANLADRU       equ	14712	;# 
   158   003979                     SCANHADR        equ	14713	;# 
   159   003979                     SCANHADRL       equ	14713	;# 
   160   00397A                     SCANHADRH       equ	14714	;# 
   161   00397B                     SCANHADRU       equ	14715	;# 
   162   00397C                     SCANCON0        equ	14716	;# 
   163   00397D                     SCANTRIG        equ	14717	;# 
   164   003980                     IPR0            equ	14720	;# 
   165   003981                     IPR1            equ	14721	;# 
   166   003982                     IPR2            equ	14722	;# 
   167   003983                     IPR3            equ	14723	;# 
   168   003984                     IPR4            equ	14724	;# 
   169   003985                     IPR5            equ	14725	;# 
   170   003986                     IPR6            equ	14726	;# 
   171   003987                     IPR7            equ	14727	;# 
   172   003988                     IPR8            equ	14728	;# 
   173   003989                     IPR9            equ	14729	;# 
   174   00398A                     IPR10           equ	14730	;# 
   175   003990                     PIE0            equ	14736	;# 
   176   003991                     PIE1            equ	14737	;# 
   177   003992                     PIE2            equ	14738	;# 
   178   003993                     PIE3            equ	14739	;# 
   179   003994                     PIE4            equ	14740	;# 
   180   003995                     PIE5            equ	14741	;# 
   181   003996                     PIE6            equ	14742	;# 
   182   003997                     PIE7            equ	14743	;# 
   183   003998                     PIE8            equ	14744	;# 
   184   003999                     PIE9            equ	14745	;# 
   185   00399A                     PIE10           equ	14746	;# 
   186   0039A0                     PIR0            equ	14752	;# 
   187   0039A1                     PIR1            equ	14753	;# 
   188   0039A2                     PIR2            equ	14754	;# 
   189   0039A3                     PIR3            equ	14755	;# 
   190   0039A4                     PIR4            equ	14756	;# 
   191   0039A5                     PIR5            equ	14757	;# 
   192   0039A6                     PIR6            equ	14758	;# 
   193   0039A7                     PIR7            equ	14759	;# 
   194   0039A8                     PIR8            equ	14760	;# 
   195   0039A9                     PIR9            equ	14761	;# 
   196   0039AA                     PIR10           equ	14762	;# 
   197   0039C0                     PMD0            equ	14784	;# 
   198   0039C1                     PMD1            equ	14785	;# 
   199   0039C2                     PMD2            equ	14786	;# 
   200   0039C3                     PMD3            equ	14787	;# 
   201   0039C4                     PMD4            equ	14788	;# 
   202   0039C5                     PMD5            equ	14789	;# 
   203   0039C6                     PMD6            equ	14790	;# 
   204   0039C7                     PMD7            equ	14791	;# 
   205   0039D0                     BORCON          equ	14800	;# 
   206   0039D1                     VREGCON         equ	14801	;# 
   207   0039D8                     CPUDOZE         equ	14808	;# 
   208   0039D9                     OSCCON1         equ	14809	;# 
   209   0039DA                     OSCCON2         equ	14810	;# 
   210   0039DB                     OSCCON3         equ	14811	;# 
   211   0039DC                     OSCSTAT         equ	14812	;# 
   212   0039DC                     OSCSTAT1        equ	14812	;# 
   213   0039DD                     OSCEN           equ	14813	;# 
   214   0039DE                     OSCTUNE         equ	14814	;# 
   215   0039DF                     OSCFRQ          equ	14815	;# 
   216   0039E0                     NVMADRL         equ	14816	;# 
   217   0039E1                     NVMADRH         equ	14817	;# 
   218   0039E3                     NVMDAT          equ	14819	;# 
   219   0039E5                     NVMCON1         equ	14821	;# 
   220   0039E6                     NVMCON2         equ	14822	;# 
   221   0039EF                     PRLOCK          equ	14831	;# 
   222   0039F1                     ISRPR           equ	14833	;# 
   223   0039F2                     MAINPR          equ	14834	;# 
   224   0039F3                     DMA1PR          equ	14835	;# 
   225   0039F4                     DMA2PR          equ	14836	;# 
   226   0039F7                     SCANPR          equ	14839	;# 
   227   003A00                     RA0PPS          equ	14848	;# 
   228   003A01                     RA1PPS          equ	14849	;# 
   229   003A02                     RA2PPS          equ	14850	;# 
   230   003A03                     RA3PPS          equ	14851	;# 
   231   003A04                     RA4PPS          equ	14852	;# 
   232   003A05                     RA5PPS          equ	14853	;# 
   233   003A06                     RA6PPS          equ	14854	;# 
   234   003A07                     RA7PPS          equ	14855	;# 
   235   003A08                     RB0PPS          equ	14856	;# 
   236   003A09                     RB1PPS          equ	14857	;# 
   237   003A0A                     RB2PPS          equ	14858	;# 
   238   003A0B                     RB3PPS          equ	14859	;# 
   239   003A0C                     RB4PPS          equ	14860	;# 
   240   003A0D                     RB5PPS          equ	14861	;# 
   241   003A0E                     RB6PPS          equ	14862	;# 
   242   003A0F                     RB7PPS          equ	14863	;# 
   243   003A10                     RC0PPS          equ	14864	;# 
   244   003A11                     RC1PPS          equ	14865	;# 
   245   003A12                     RC2PPS          equ	14866	;# 
   246   003A13                     RC3PPS          equ	14867	;# 
   247   003A14                     RC4PPS          equ	14868	;# 
   248   003A15                     RC5PPS          equ	14869	;# 
   249   003A16                     RC6PPS          equ	14870	;# 
   250   003A17                     RC7PPS          equ	14871	;# 
   251   003A18                     RD0PPS          equ	14872	;# 
   252   003A19                     RD1PPS          equ	14873	;# 
   253   003A1A                     RD2PPS          equ	14874	;# 
   254   003A1B                     RD3PPS          equ	14875	;# 
   255   003A1C                     RD4PPS          equ	14876	;# 
   256   003A1D                     RD5PPS          equ	14877	;# 
   257   003A1E                     RD6PPS          equ	14878	;# 
   258   003A1F                     RD7PPS          equ	14879	;# 
   259   003A20                     RE0PPS          equ	14880	;# 
   260   003A21                     RE1PPS          equ	14881	;# 
   261   003A22                     RE2PPS          equ	14882	;# 
   262   003A40                     ANSELA          equ	14912	;# 
   263   003A41                     WPUA            equ	14913	;# 
   264   003A42                     ODCONA          equ	14914	;# 
   265   003A43                     SLRCONA         equ	14915	;# 
   266   003A44                     INLVLA          equ	14916	;# 
   267   003A45                     IOCAP           equ	14917	;# 
   268   003A46                     IOCAN           equ	14918	;# 
   269   003A47                     IOCAF           equ	14919	;# 
   270   003A50                     ANSELB          equ	14928	;# 
   271   003A51                     WPUB            equ	14929	;# 
   272   003A52                     ODCONB          equ	14930	;# 
   273   003A53                     SLRCONB         equ	14931	;# 
   274   003A54                     INLVLB          equ	14932	;# 
   275   003A55                     IOCBP           equ	14933	;# 
   276   003A56                     IOCBN           equ	14934	;# 
   277   003A57                     IOCBF           equ	14935	;# 
   278   003A5A                     RB1I2C          equ	14938	;# 
   279   003A5B                     RB2I2C          equ	14939	;# 
   280   003A60                     ANSELC          equ	14944	;# 
   281   003A61                     WPUC            equ	14945	;# 
   282   003A62                     ODCONC          equ	14946	;# 
   283   003A63                     SLRCONC         equ	14947	;# 
   284   003A64                     INLVLC          equ	14948	;# 
   285   003A65                     IOCCP           equ	14949	;# 
   286   003A66                     IOCCN           equ	14950	;# 
   287   003A67                     IOCCF           equ	14951	;# 
   288   003A6A                     RC3I2C          equ	14954	;# 
   289   003A6B                     RC4I2C          equ	14955	;# 
   290   003A70                     ANSELD          equ	14960	;# 
   291   003A71                     WPUD            equ	14961	;# 
   292   003A72                     ODCOND          equ	14962	;# 
   293   003A73                     SLRCOND         equ	14963	;# 
   294   003A74                     INLVLD          equ	14964	;# 
   295   003A7A                     RD0I2C          equ	14970	;# 
   296   003A7B                     RD1I2C          equ	14971	;# 
   297   003A80                     ANSELE          equ	14976	;# 
   298   003A81                     WPUE            equ	14977	;# 
   299   003A82                     ODCONE          equ	14978	;# 
   300   003A83                     SLRCONE         equ	14979	;# 
   301   003A84                     INLVLE          equ	14980	;# 
   302   003A85                     IOCEP           equ	14981	;# 
   303   003A86                     IOCEN           equ	14982	;# 
   304   003A87                     IOCEF           equ	14983	;# 
   305   003ABF                     PPSLOCK         equ	15039	;# 
   306   003AC0                     INT0PPS         equ	15040	;# 
   307   003AC1                     INT1PPS         equ	15041	;# 
   308   003AC2                     INT2PPS         equ	15042	;# 
   309   003AC3                     T0CKIPPS        equ	15043	;# 
   310   003AC4                     T1CKIPPS        equ	15044	;# 
   311   003AC5                     T1GPPS          equ	15045	;# 
   312   003AC6                     T3CKIPPS        equ	15046	;# 
   313   003AC7                     T3GPPS          equ	15047	;# 
   314   003AC8                     T5CKIPPS        equ	15048	;# 
   315   003AC9                     T5GPPS          equ	15049	;# 
   316   003ACA                     T2INPPS         equ	15050	;# 
   317   003ACB                     T4INPPS         equ	15051	;# 
   318   003ACC                     T6INPPS         equ	15052	;# 
   319   003ACD                     CCP1PPS         equ	15053	;# 
   320   003ACE                     CCP2PPS         equ	15054	;# 
   321   003ACF                     CCP3PPS         equ	15055	;# 
   322   003AD0                     CCP4PPS         equ	15056	;# 
   323   003AD1                     SMT1WINPPS      equ	15057	;# 
   324   003AD2                     SMT1SIGPPS      equ	15058	;# 
   325   003AD3                     CWG1INPPS       equ	15059	;# 
   326   003AD4                     CWG2INPPS       equ	15060	;# 
   327   003AD5                     CWG3INPPS       equ	15061	;# 
   328   003AD6                     MD1CARLPPS      equ	15062	;# 
   329   003AD7                     MD1CARHPPS      equ	15063	;# 
   330   003AD8                     MD1SRCPPS       equ	15064	;# 
   331   003AD9                     CLCIN0PPS       equ	15065	;# 
   332   003ADA                     CLCIN1PPS       equ	15066	;# 
   333   003ADB                     CLCIN2PPS       equ	15067	;# 
   334   003ADC                     CLCIN3PPS       equ	15068	;# 
   335   003ADD                     ADACTPPS        equ	15069	;# 
   336   003ADE                     SPI1SCKPPS      equ	15070	;# 
   337   003ADF                     SPI1SDIPPS      equ	15071	;# 
   338   003AE0                     SPI1SSPPS       equ	15072	;# 
   339   003AE1                     I2C1SCLPPS      equ	15073	;# 
   340   003AE2                     I2C1SDAPPS      equ	15074	;# 
   341   003AE3                     I2C2SCLPPS      equ	15075	;# 
   342   003AE4                     I2C2SDAPPS      equ	15076	;# 
   343   003AE5                     U1RXPPS         equ	15077	;# 
   344   003AE6                     U1CTSPPS        equ	15078	;# 
   345   003AE8                     U2RXPPS         equ	15080	;# 
   346   003AE9                     U2CTSPPS        equ	15081	;# 
   347   003BC9                     DMA2BUF         equ	15305	;# 
   348   003BCA                     DMA2DCNT        equ	15306	;# 
   349   003BCA                     DMA2DCNTL       equ	15306	;# 
   350   003BCB                     DMA2DCNTH       equ	15307	;# 
   351   003BCC                     DMA2DPTR        equ	15308	;# 
   352   003BCC                     DMA2DPTRL       equ	15308	;# 
   353   003BCD                     DMA2DPTRH       equ	15309	;# 
   354   003BCE                     DMA2DSZ         equ	15310	;# 
   355   003BCE                     DMA2DSZL        equ	15310	;# 
   356   003BCF                     DMA2DSZH        equ	15311	;# 
   357   003BD0                     DMA2DSA         equ	15312	;# 
   358   003BD0                     DMA2DSAL        equ	15312	;# 
   359   003BD1                     DMA2DSAH        equ	15313	;# 
   360   003BD2                     DMA2SCNT        equ	15314	;# 
   361   003BD2                     DMA2SCNTL       equ	15314	;# 
   362   003BD3                     DMA2SCNTH       equ	15315	;# 
   363   003BD4                     DMA2SPTR        equ	15316	;# 
   364   003BD4                     DMA2SPTRL       equ	15316	;# 
   365   003BD5                     DMA2SPTRH       equ	15317	;# 
   366   003BD6                     DMA2SPTRU       equ	15318	;# 
   367   003BD7                     DMA2SSZ         equ	15319	;# 
   368   003BD7                     DMA2SSZL        equ	15319	;# 
   369   003BD8                     DMA2SSZH        equ	15320	;# 
   370   003BD9                     DMA2SSA         equ	15321	;# 
   371   003BD9                     DMA2SSAL        equ	15321	;# 
   372   003BDA                     DMA2SSAH        equ	15322	;# 
   373   003BDB                     DMA2SSAU        equ	15323	;# 
   374   003BDC                     DMA2CON0        equ	15324	;# 
   375   003BDD                     DMA2CON1        equ	15325	;# 
   376   003BDE                     DMA2AIRQ        equ	15326	;# 
   377   003BDF                     DMA2SIRQ        equ	15327	;# 
   378   003BE9                     DMA1BUF         equ	15337	;# 
   379   003BEA                     DMA1DCNT        equ	15338	;# 
   380   003BEA                     DMA1DCNTL       equ	15338	;# 
   381   003BEB                     DMA1DCNTH       equ	15339	;# 
   382   003BEC                     DMA1DPTR        equ	15340	;# 
   383   003BEC                     DMA1DPTRL       equ	15340	;# 
   384   003BED                     DMA1DPTRH       equ	15341	;# 
   385   003BEE                     DMA1DSZ         equ	15342	;# 
   386   003BEE                     DMA1DSZL        equ	15342	;# 
   387   003BEF                     DMA1DSZH        equ	15343	;# 
   388   003BF0                     DMA1DSA         equ	15344	;# 
   389   003BF0                     DMA1DSAL        equ	15344	;# 
   390   003BF1                     DMA1DSAH        equ	15345	;# 
   391   003BF2                     DMA1SCNT        equ	15346	;# 
   392   003BF2                     DMA1SCNTL       equ	15346	;# 
   393   003BF3                     DMA1SCNTH       equ	15347	;# 
   394   003BF4                     DMA1SPTR        equ	15348	;# 
   395   003BF4                     DMA1SPTRL       equ	15348	;# 
   396   003BF5                     DMA1SPTRH       equ	15349	;# 
   397   003BF6                     DMA1SPTRU       equ	15350	;# 
   398   003BF7                     DMA1SSZ         equ	15351	;# 
   399   003BF7                     DMA1SSZL        equ	15351	;# 
   400   003BF8                     DMA1SSZH        equ	15352	;# 
   401   003BF9                     DMA1SSA         equ	15353	;# 
   402   003BF9                     DMA1SSAL        equ	15353	;# 
   403   003BFA                     DMA1SSAH        equ	15354	;# 
   404   003BFB                     DMA1SSAU        equ	15355	;# 
   405   003BFC                     DMA1CON0        equ	15356	;# 
   406   003BFD                     DMA1CON1        equ	15357	;# 
   407   003BFE                     DMA1AIRQ        equ	15358	;# 
   408   003BFF                     DMA1SIRQ        equ	15359	;# 
   409   003C56                     CLC4CON         equ	15446	;# 
   410   003C57                     CLC4POL         equ	15447	;# 
   411   003C58                     CLC4SEL0        equ	15448	;# 
   412   003C59                     CLC4SEL1        equ	15449	;# 
   413   003C5A                     CLC4SEL2        equ	15450	;# 
   414   003C5B                     CLC4SEL3        equ	15451	;# 
   415   003C5C                     CLC4GLS0        equ	15452	;# 
   416   003C5D                     CLC4GLS1        equ	15453	;# 
   417   003C5E                     CLC4GLS2        equ	15454	;# 
   418   003C5F                     CLC4GLS3        equ	15455	;# 
   419   003C60                     CLC3CON         equ	15456	;# 
   420   003C61                     CLC3POL         equ	15457	;# 
   421   003C62                     CLC3SEL0        equ	15458	;# 
   422   003C63                     CLC3SEL1        equ	15459	;# 
   423   003C64                     CLC3SEL2        equ	15460	;# 
   424   003C65                     CLC3SEL3        equ	15461	;# 
   425   003C66                     CLC3GLS0        equ	15462	;# 
   426   003C67                     CLC3GLS1        equ	15463	;# 
   427   003C68                     CLC3GLS2        equ	15464	;# 
   428   003C69                     CLC3GLS3        equ	15465	;# 
   429   003C6A                     CLC2CON         equ	15466	;# 
   430   003C6B                     CLC2POL         equ	15467	;# 
   431   003C6C                     CLC2SEL0        equ	15468	;# 
   432   003C6D                     CLC2SEL1        equ	15469	;# 
   433   003C6E                     CLC2SEL2        equ	15470	;# 
   434   003C6F                     CLC2SEL3        equ	15471	;# 
   435   003C70                     CLC2GLS0        equ	15472	;# 
   436   003C71                     CLC2GLS1        equ	15473	;# 
   437   003C72                     CLC2GLS2        equ	15474	;# 
   438   003C73                     CLC2GLS3        equ	15475	;# 
   439   003C74                     CLC1CON         equ	15476	;# 
   440   003C75                     CLC1POL         equ	15477	;# 
   441   003C76                     CLC1SEL0        equ	15478	;# 
   442   003C77                     CLC1SEL1        equ	15479	;# 
   443   003C78                     CLC1SEL2        equ	15480	;# 
   444   003C79                     CLC1SEL3        equ	15481	;# 
   445   003C7A                     CLC1GLS0        equ	15482	;# 
   446   003C7B                     CLC1GLS1        equ	15483	;# 
   447   003C7C                     CLC1GLS2        equ	15484	;# 
   448   003C7D                     CLC1GLS3        equ	15485	;# 
   449   003C7E                     CLCDATA0        equ	15486	;# 
   450   003CE5                     CLKRCON         equ	15589	;# 
   451   003CE6                     CLKRCLK         equ	15590	;# 
   452   003CFA                     MD1CON0         equ	15610	;# 
   453   003CFB                     MD1CON1         equ	15611	;# 
   454   003CFC                     MD1SRC          equ	15612	;# 
   455   003CFD                     MD1CARL         equ	15613	;# 
   456   003CFE                     MD1CARH         equ	15614	;# 
   457   003D10                     SPI1RXB         equ	15632	;# 
   458   003D11                     SPI1TXB         equ	15633	;# 
   459   003D12                     SPI1TCNT        equ	15634	;# 
   460   003D12                     SPI1TCNTL       equ	15634	;# 
   461   003D13                     SPI1TCNTH       equ	15635	;# 
   462   003D14                     SPI1CON0        equ	15636	;# 
   463   003D15                     SPI1CON1        equ	15637	;# 
   464   003D16                     SPI1CON2        equ	15638	;# 
   465   003D17                     SPI1STATUS      equ	15639	;# 
   466   003D18                     SPI1TWIDTH      equ	15640	;# 
   467   003D19                     SPI1BAUD        equ	15641	;# 
   468   003D1A                     SPI1INTF        equ	15642	;# 
   469   003D1B                     SPI1INTE        equ	15643	;# 
   470   003D1C                     SPI1CLK         equ	15644	;# 
   471   003D54                     I2C2RXB         equ	15700	;# 
   472   003D55                     I2C2TXB         equ	15701	;# 
   473   003D56                     I2C2CNT         equ	15702	;# 
   474   003D57                     I2C2ADB0        equ	15703	;# 
   475   003D58                     I2C2ADB1        equ	15704	;# 
   476   003D59                     I2C2ADR0        equ	15705	;# 
   477   003D5A                     I2C2ADR1        equ	15706	;# 
   478   003D5B                     I2C2ADR2        equ	15707	;# 
   479   003D5C                     I2C2ADR3        equ	15708	;# 
   480   003D5D                     I2C2CON0        equ	15709	;# 
   481   003D5E                     I2C2CON1        equ	15710	;# 
   482   003D5F                     I2C2CON2        equ	15711	;# 
   483   003D60                     I2C2ERR         equ	15712	;# 
   484   003D61                     I2C2STAT0       equ	15713	;# 
   485   003D62                     I2C2STAT1       equ	15714	;# 
   486   003D63                     I2C2PIR         equ	15715	;# 
   487   003D64                     I2C2PIE         equ	15716	;# 
   488   003D65                     I2C2CLK         equ	15717	;# 
   489   003D66                     I2C2BTO         equ	15718	;# 
   490   003D6A                     I2C1RXB         equ	15722	;# 
   491   003D6B                     I2C1TXB         equ	15723	;# 
   492   003D6C                     I2C1CNT         equ	15724	;# 
   493   003D6D                     I2C1ADB0        equ	15725	;# 
   494   003D6E                     I2C1ADB1        equ	15726	;# 
   495   003D6F                     I2C1ADR0        equ	15727	;# 
   496   003D70                     I2C1ADR1        equ	15728	;# 
   497   003D71                     I2C1ADR2        equ	15729	;# 
   498   003D72                     I2C1ADR3        equ	15730	;# 
   499   003D73                     I2C1CON0        equ	15731	;# 
   500   003D74                     I2C1CON1        equ	15732	;# 
   501   003D75                     I2C1CON2        equ	15733	;# 
   502   003D76                     I2C1ERR         equ	15734	;# 
   503   003D77                     I2C1STAT0       equ	15735	;# 
   504   003D78                     I2C1STAT1       equ	15736	;# 
   505   003D79                     I2C1PIR         equ	15737	;# 
   506   003D7A                     I2C1PIE         equ	15738	;# 
   507   003D7B                     I2C1CLK         equ	15739	;# 
   508   003D7C                     I2C1BTO         equ	15740	;# 
   509   003DD0                     U2RXB           equ	15824	;# 
   510   003DD0                     U2RXBL          equ	15824	;# 
   511   003DD2                     U2TXB           equ	15826	;# 
   512   003DD2                     U2TXBL          equ	15826	;# 
   513   003DD4                     U2P1            equ	15828	;# 
   514   003DD4                     U2P1L           equ	15828	;# 
   515   003DD6                     U2P2            equ	15830	;# 
   516   003DD6                     U2P2L           equ	15830	;# 
   517   003DD8                     U2P3            equ	15832	;# 
   518   003DD8                     U2P3L           equ	15832	;# 
   519   003DDA                     U2CON0          equ	15834	;# 
   520   003DDB                     U2CON1          equ	15835	;# 
   521   003DDC                     U2CON2          equ	15836	;# 
   522   003DDD                     U2BRG           equ	15837	;# 
   523   003DDD                     U2BRGL          equ	15837	;# 
   524   003DDE                     U2BRGH          equ	15838	;# 
   525   003DDF                     U2FIFO          equ	15839	;# 
   526   003DE0                     U2UIR           equ	15840	;# 
   527   003DE1                     U2ERRIR         equ	15841	;# 
   528   003DE2                     U2ERRIE         equ	15842	;# 
   529   003DE8                     U1RXB           equ	15848	;# 
   530   003DE8                     U1RXBL          equ	15848	;# 
   531   003DE9                     U1RXCHK         equ	15849	;# 
   532   003DEA                     U1TXB           equ	15850	;# 
   533   003DEA                     U1TXBL          equ	15850	;# 
   534   003DEB                     U1TXCHK         equ	15851	;# 
   535   003DEC                     U1P1            equ	15852	;# 
   536   003DEC                     U1P1L           equ	15852	;# 
   537   003DED                     U1P1H           equ	15853	;# 
   538   003DEE                     U1P2            equ	15854	;# 
   539   003DEE                     U1P2L           equ	15854	;# 
   540   003DEF                     U1P2H           equ	15855	;# 
   541   003DF0                     U1P3            equ	15856	;# 
   542   003DF0                     U1P3L           equ	15856	;# 
   543   003DF1                     U1P3H           equ	15857	;# 
   544   003DF2                     U1CON0          equ	15858	;# 
   545   003DF3                     U1CON1          equ	15859	;# 
   546   003DF4                     U1CON2          equ	15860	;# 
   547   003DF5                     U1BRG           equ	15861	;# 
   548   003DF5                     U1BRGL          equ	15861	;# 
   549   003DF6                     U1BRGH          equ	15862	;# 
   550   003DF7                     U1FIFO          equ	15863	;# 
   551   003DF8                     U1UIR           equ	15864	;# 
   552   003DF9                     U1ERRIR         equ	15865	;# 
   553   003DFA                     U1ERRIE         equ	15866	;# 
   554   003E9C                     DAC1CON1        equ	16028	;# 
   555   003E9E                     DAC1CON0        equ	16030	;# 
   556   003EB8                     CM2CON0         equ	16056	;# 
   557   003EB9                     CM2CON1         equ	16057	;# 
   558   003EBA                     CM2NCH          equ	16058	;# 
   559   003EBB                     CM2PCH          equ	16059	;# 
   560   003EBC                     CM1CON0         equ	16060	;# 
   561   003EBD                     CM1CON1         equ	16061	;# 
   562   003EBE                     CM1NCH          equ	16062	;# 
   563   003EBF                     CM1PCH          equ	16063	;# 
   564   003EC0                     CMOUT           equ	16064	;# 
   565   003EC1                     FVRCON          equ	16065	;# 
   566   003EC3                     ZCDCON          equ	16067	;# 
   567   003EC9                     HLVDCON0        equ	16073	;# 
   568   003ECA                     HLVDCON1        equ	16074	;# 
   569   003ED7                     ADCP            equ	16087	;# 
   570   003EDE                     ADLTH           equ	16094	;# 
   571   003EDE                     ADLTHL          equ	16094	;# 
   572   003EDF                     ADLTHH          equ	16095	;# 
   573   003EE0                     ADUTH           equ	16096	;# 
   574   003EE0                     ADUTHL          equ	16096	;# 
   575   003EE1                     ADUTHH          equ	16097	;# 
   576   003EE2                     ADERR           equ	16098	;# 
   577   003EE2                     ADERRL          equ	16098	;# 
   578   003EE3                     ADERRH          equ	16099	;# 
   579   003EE4                     ADSTPT          equ	16100	;# 
   580   003EE4                     ADSTPTL         equ	16100	;# 
   581   003EE5                     ADSTPTH         equ	16101	;# 
   582   003EE6                     ADFLTR          equ	16102	;# 
   583   003EE6                     ADFLTRL         equ	16102	;# 
   584   003EE7                     ADFLTRH         equ	16103	;# 
   585   003EE8                     ADACC           equ	16104	;# 
   586   003EE8                     ADACCL          equ	16104	;# 
   587   003EE9                     ADACCH          equ	16105	;# 
   588   003EEA                     ADACCU          equ	16106	;# 
   589   003EEB                     ADCNT           equ	16107	;# 
   590   003EEC                     ADRPT           equ	16108	;# 
   591   003EED                     ADPREV          equ	16109	;# 
   592   003EED                     ADPREVL         equ	16109	;# 
   593   003EEE                     ADPREVH         equ	16110	;# 
   594   003EEF                     ADRES           equ	16111	;# 
   595   003EEF                     ADRESL          equ	16111	;# 
   596   003EF0                     ADRESH          equ	16112	;# 
   597   003EF1                     ADPCH           equ	16113	;# 
   598   003EF3                     ADACQ           equ	16115	;# 
   599   003EF3                     ADACQL          equ	16115	;# 
   600   003EF4                     ADACQH          equ	16116	;# 
   601   003EF5                     ADCAP           equ	16117	;# 
   602   003EF6                     ADPRE           equ	16118	;# 
   603   003EF6                     ADPREL          equ	16118	;# 
   604   003EF7                     ADPREH          equ	16119	;# 
   605   003EF8                     ADCON0          equ	16120	;# 
   606   003EF9                     ADCON1          equ	16121	;# 
   607   003EFA                     ADCON2          equ	16122	;# 
   608   003EFB                     ADCON3          equ	16123	;# 
   609   003EFC                     ADSTAT          equ	16124	;# 
   610   003EFD                     ADREF           equ	16125	;# 
   611   003EFE                     ADACT           equ	16126	;# 
   612   003EFF                     ADCLK           equ	16127	;# 
   613   003F12                     SMT1TMR         equ	16146	;# 
   614   003F12                     SMT1TMRL        equ	16146	;# 
   615   003F13                     SMT1TMRH        equ	16147	;# 
   616   003F14                     SMT1TMRU        equ	16148	;# 
   617   003F15                     SMT1CPR         equ	16149	;# 
   618   003F15                     SMT1CPRL        equ	16149	;# 
   619   003F16                     SMT1CPRH        equ	16150	;# 
   620   003F17                     SMT1CPRU        equ	16151	;# 
   621   003F18                     SMT1CPW         equ	16152	;# 
   622   003F18                     SMT1CPWL        equ	16152	;# 
   623   003F19                     SMT1CPWH        equ	16153	;# 
   624   003F1A                     SMT1CPWU        equ	16154	;# 
   625   003F1B                     SMT1PR          equ	16155	;# 
   626   003F1B                     SMT1PRL         equ	16155	;# 
   627   003F1C                     SMT1PRH         equ	16156	;# 
   628   003F1D                     SMT1PRU         equ	16157	;# 
   629   003F1E                     SMT1CON0        equ	16158	;# 
   630   003F1F                     SMT1CON1        equ	16159	;# 
   631   003F20                     SMT1STAT        equ	16160	;# 
   632   003F21                     SMT1CLK         equ	16161	;# 
   633   003F22                     SMT1SIG         equ	16162	;# 
   634   003F23                     SMT1WIN         equ	16163	;# 
   635   003F38                     NCO1ACC         equ	16184	;# 
   636   003F38                     NCO1ACCL        equ	16184	;# 
   637   003F39                     NCO1ACCH        equ	16185	;# 
   638   003F3A                     NCO1ACCU        equ	16186	;# 
   639   003F3B                     NCO1INC         equ	16187	;# 
   640   003F3B                     NCO1INCL        equ	16187	;# 
   641   003F3C                     NCO1INCH        equ	16188	;# 
   642   003F3D                     NCO1INCU        equ	16189	;# 
   643   003F3E                     NCO1CON         equ	16190	;# 
   644   003F3F                     NCO1CLK         equ	16191	;# 
   645   003F40                     CWG3CLK         equ	16192	;# 
   646   003F40                     CWG3CLKCON      equ	16192	;# 
   647   003F41                     CWG3ISM         equ	16193	;# 
   648   003F41                     CWG3DAT         equ	16193	;# 
   649   003F42                     CWG3DBR         equ	16194	;# 
   650   003F43                     CWG3DBF         equ	16195	;# 
   651   003F44                     CWG3CON0        equ	16196	;# 
   652   003F45                     CWG3CON1        equ	16197	;# 
   653   003F46                     CWG3AS0         equ	16198	;# 
   654   003F47                     CWG3AS1         equ	16199	;# 
   655   003F48                     CWG3STR         equ	16200	;# 
   656   003F49                     CWG2CLK         equ	16201	;# 
   657   003F49                     CWG2CLKCON      equ	16201	;# 
   658   003F4A                     CWG2ISM         equ	16202	;# 
   659   003F4A                     CWG2DAT         equ	16202	;# 
   660   003F4B                     CWG2DBR         equ	16203	;# 
   661   003F4C                     CWG2DBF         equ	16204	;# 
   662   003F4D                     CWG2CON0        equ	16205	;# 
   663   003F4E                     CWG2CON1        equ	16206	;# 
   664   003F4F                     CWG2AS0         equ	16207	;# 
   665   003F50                     CWG2AS1         equ	16208	;# 
   666   003F51                     CWG2STR         equ	16209	;# 
   667   003F52                     CWG1CLK         equ	16210	;# 
   668   003F52                     CWG1CLKCON      equ	16210	;# 
   669   003F53                     CWG1ISM         equ	16211	;# 
   670   003F53                     CWG1DAT         equ	16211	;# 
   671   003F54                     CWG1DBR         equ	16212	;# 
   672   003F55                     CWG1DBF         equ	16213	;# 
   673   003F56                     CWG1CON0        equ	16214	;# 
   674   003F57                     CWG1CON1        equ	16215	;# 
   675   003F58                     CWG1AS0         equ	16216	;# 
   676   003F59                     CWG1AS1         equ	16217	;# 
   677   003F5A                     CWG1STR         equ	16218	;# 
   678   003F5E                     CCPTMRS0        equ	16222	;# 
   679   003F5F                     CCPTMRS1        equ	16223	;# 
   680   003F60                     PWM8DC          equ	16224	;# 
   681   003F60                     PWM8DCL         equ	16224	;# 
   682   003F61                     PWM8DCH         equ	16225	;# 
   683   003F62                     PWM8CON         equ	16226	;# 
   684   003F64                     PWM7DC          equ	16228	;# 
   685   003F64                     PWM7DCL         equ	16228	;# 
   686   003F65                     PWM7DCH         equ	16229	;# 
   687   003F66                     PWM7CON         equ	16230	;# 
   688   003F68                     PWM6DC          equ	16232	;# 
   689   003F68                     PWM6DCL         equ	16232	;# 
   690   003F69                     PWM6DCH         equ	16233	;# 
   691   003F6A                     PWM6CON         equ	16234	;# 
   692   003F6C                     PWM5DC          equ	16236	;# 
   693   003F6C                     PWM5DCL         equ	16236	;# 
   694   003F6D                     PWM5DCH         equ	16237	;# 
   695   003F6E                     PWM5CON         equ	16238	;# 
   696   003F70                     CCPR4           equ	16240	;# 
   697   003F70                     CCPR4L          equ	16240	;# 
   698   003F71                     CCPR4H          equ	16241	;# 
   699   003F72                     CCP4CON         equ	16242	;# 
   700   003F73                     CCP4CAP         equ	16243	;# 
   701   003F74                     CCPR3           equ	16244	;# 
   702   003F74                     CCPR3L          equ	16244	;# 
   703   003F75                     CCPR3H          equ	16245	;# 
   704   003F76                     CCP3CON         equ	16246	;# 
   705   003F77                     CCP3CAP         equ	16247	;# 
   706   003F78                     CCPR2           equ	16248	;# 
   707   003F78                     CCPR2L          equ	16248	;# 
   708   003F79                     CCPR2H          equ	16249	;# 
   709   003F7A                     CCP2CON         equ	16250	;# 
   710   003F7B                     CCP2CAP         equ	16251	;# 
   711   003F7C                     CCPR1           equ	16252	;# 
   712   003F7C                     CCPR1L          equ	16252	;# 
   713   003F7D                     CCPR1H          equ	16253	;# 
   714   003F7E                     CCP1CON         equ	16254	;# 
   715   003F7F                     CCP1CAP         equ	16255	;# 
   716   003F92                     T6TMR           equ	16274	;# 
   717   003F92                     TMR6            equ	16274	;# 
   718   003F93                     T6PR            equ	16275	;# 
   719   003F93                     PR6             equ	16275	;# 
   720   003F94                     T6CON           equ	16276	;# 
   721   003F95                     T6HLT           equ	16277	;# 
   722   003F96                     T6CLKCON        equ	16278	;# 
   723   003F96                     T6CLK           equ	16278	;# 
   724   003F97                     T6RST           equ	16279	;# 
   725   003F98                     TMR5            equ	16280	;# 
   726   003F98                     TMR5L           equ	16280	;# 
   727   003F99                     TMR5H           equ	16281	;# 
   728   003F9A                     T5CON           equ	16282	;# 
   729   003F9A                     TMR5CON         equ	16282	;# 
   730   003F9B                     T5GCON          equ	16283	;# 
   731   003F9B                     TMR5GCON        equ	16283	;# 
   732   003F9C                     T5GATE          equ	16284	;# 
   733   003F9C                     TMR5GATE        equ	16284	;# 
   734   003F9D                     T5CLK           equ	16285	;# 
   735   003F9D                     TMR5CLK         equ	16285	;# 
   736   003F9D                     PR5             equ	16285	;# 
   737   003F9E                     T4TMR           equ	16286	;# 
   738   003F9E                     TMR4            equ	16286	;# 
   739   003F9F                     T4PR            equ	16287	;# 
   740   003F9F                     PR4             equ	16287	;# 
   741   003FA0                     T4CON           equ	16288	;# 
   742   003FA1                     T4HLT           equ	16289	;# 
   743   003FA2                     T4CLKCON        equ	16290	;# 
   744   003FA2                     T4CLK           equ	16290	;# 
   745   003FA3                     T4RST           equ	16291	;# 
   746   003FA4                     TMR3            equ	16292	;# 
   747   003FA4                     TMR3L           equ	16292	;# 
   748   003FA5                     TMR3H           equ	16293	;# 
   749   003FA6                     T3CON           equ	16294	;# 
   750   003FA6                     TMR3CON         equ	16294	;# 
   751   003FA7                     T3GCON          equ	16295	;# 
   752   003FA7                     TMR3GCON        equ	16295	;# 
   753   003FA8                     T3GATE          equ	16296	;# 
   754   003FA8                     TMR3GATE        equ	16296	;# 
   755   003FA9                     T3CLK           equ	16297	;# 
   756   003FA9                     TMR3CLK         equ	16297	;# 
   757   003FA9                     PR3             equ	16297	;# 
   758   003FAA                     T2TMR           equ	16298	;# 
   759   003FAA                     TMR2            equ	16298	;# 
   760   003FAB                     T2PR            equ	16299	;# 
   761   003FAB                     PR2             equ	16299	;# 
   762   003FAC                     T2CON           equ	16300	;# 
   763   003FAD                     T2HLT           equ	16301	;# 
   764   003FAE                     T2CLKCON        equ	16302	;# 
   765   003FAE                     T2CLK           equ	16302	;# 
   766   003FAF                     T2RST           equ	16303	;# 
   767   003FB0                     TMR1            equ	16304	;# 
   768   003FB0                     TMR1L           equ	16304	;# 
   769   003FB1                     TMR1H           equ	16305	;# 
   770   003FB2                     T1CON           equ	16306	;# 
   771   003FB2                     TMR1CON         equ	16306	;# 
   772   003FB3                     T1GCON          equ	16307	;# 
   773   003FB3                     TMR1GCON        equ	16307	;# 
   774   003FB4                     T1GATE          equ	16308	;# 
   775   003FB4                     TMR1GATE        equ	16308	;# 
   776   003FB5                     T1CLK           equ	16309	;# 
   777   003FB5                     TMR1CLK         equ	16309	;# 
   778   003FB5                     PR1             equ	16309	;# 
   779   003FB6                     TMR0L           equ	16310	;# 
   780   003FB6                     TMR0            equ	16310	;# 
   781   003FB7                     TMR0H           equ	16311	;# 
   782   003FB7                     PR0             equ	16311	;# 
   783   003FB8                     T0CON0          equ	16312	;# 
   784   003FB9                     T0CON1          equ	16313	;# 
   785   003FBA                     LATA            equ	16314	;# 
   786   003FBB                     LATB            equ	16315	;# 
   787   003FBC                     LATC            equ	16316	;# 
   788   003FBD                     LATD            equ	16317	;# 
   789   003FBE                     LATE            equ	16318	;# 
   790   003FC2                     TRISA           equ	16322	;# 
   791   003FC3                     TRISB           equ	16323	;# 
   792   003FC4                     TRISC           equ	16324	;# 
   793   003FC5                     TRISD           equ	16325	;# 
   794   003FC6                     TRISE           equ	16326	;# 
   795   003FCA                     PORTA           equ	16330	;# 
   796   003FCB                     PORTB           equ	16331	;# 
   797   003FCC                     PORTC           equ	16332	;# 
   798   003FCD                     PORTD           equ	16333	;# 
   799   003FCE                     PORTE           equ	16334	;# 
   800   003FD2                     INTCON0         equ	16338	;# 
   801   003FD3                     INTCON1         equ	16339	;# 
   802   003FD4                     IVTLOCK         equ	16340	;# 
   803   003FD5                     IVTBASE         equ	16341	;# 
   804   003FD5                     IVTBASEL        equ	16341	;# 
   805   003FD6                     IVTBASEH        equ	16342	;# 
   806   003FD7                     IVTBASEU        equ	16343	;# 
   807   003FD8                     STATUS          equ	16344	;# 
   808   003FD9                     FSR2            equ	16345	;# 
   809   003FD9                     FSR2L           equ	16345	;# 
   810   003FDA                     FSR2H           equ	16346	;# 
   811   003FDB                     PLUSW2          equ	16347	;# 
   812   003FDC                     PREINC2         equ	16348	;# 
   813   003FDD                     POSTDEC2        equ	16349	;# 
   814   003FDE                     POSTINC2        equ	16350	;# 
   815   003FDF                     INDF2           equ	16351	;# 
   816   003FE0                     BSR             equ	16352	;# 
   817   003FE1                     FSR1            equ	16353	;# 
   818   003FE1                     FSR1L           equ	16353	;# 
   819   003FE2                     FSR1H           equ	16354	;# 
   820   003FE3                     PLUSW1          equ	16355	;# 
   821   003FE4                     PREINC1         equ	16356	;# 
   822   003FE5                     POSTDEC1        equ	16357	;# 
   823   003FE6                     POSTINC1        equ	16358	;# 
   824   003FE7                     INDF1           equ	16359	;# 
   825   003FE8                     WREG            equ	16360	;# 
   826   003FE9                     FSR0            equ	16361	;# 
   827   003FE9                     FSR0L           equ	16361	;# 
   828   003FEA                     FSR0H           equ	16362	;# 
   829   003FEB                     PLUSW0          equ	16363	;# 
   830   003FEC                     PREINC0         equ	16364	;# 
   831   003FED                     POSTDEC0        equ	16365	;# 
   832   003FEE                     POSTINC0        equ	16366	;# 
   833   003FEF                     INDF0           equ	16367	;# 
   834   003FF0                     PCON0           equ	16368	;# 
   835   003FF1                     PCON1           equ	16369	;# 
   836   003FF3                     PROD            equ	16371	;# 
   837   003FF3                     PRODL           equ	16371	;# 
   838   003FF4                     PRODH           equ	16372	;# 
   839   003FF5                     TABLAT          equ	16373	;# 
   840   003FF6                     TBLPTR          equ	16374	;# 
   841   003FF6                     TBLPTRL         equ	16374	;# 
   842   003FF7                     TBLPTRH         equ	16375	;# 
   843   003FF8                     TBLPTRU         equ	16376	;# 
   844   003FF9                     PCLAT           equ	16377	;# 
   845   003FF9                     PCL             equ	16377	;# 
   846   003FFA                     PCLATH          equ	16378	;# 
   847   003FFB                     PCLATU          equ	16379	;# 
   848   003FFC                     STKPTR          equ	16380	;# 
   849   003FFD                     TOS             equ	16381	;# 
   850   003FFD                     TOSL            equ	16381	;# 
   851   003FFE                     TOSH            equ	16382	;# 
   852   003FFF                     TOSU            equ	16383	;# 
   853                           
   854                           	psect	idataCOMRAM
   855   00275C                     __pidataCOMRAM:
   856                           	callstack 0
   857                           
   858                           ;initializer for _ready_for_step
   859   00275C  01                 	db	1
   860   003990                     _PIE0bits       set	14736
   861   0039A0                     _PIR0bits       set	14752
   862   003A40                     _ANSELAbits     set	14912
   863   003A67                     _IOCCFbits      set	14951
   864   003A66                     _IOCCNbits      set	14950
   865   003A65                     _IOCCPbits      set	14949
   866   003A60                     _ANSELCbits     set	14944
   867   003A70                     _ANSELDbits     set	14960
   868   003A70                     _ANSELD         set	14960
   869   003A50                     _ANSELB         set	14928
   870   003EF4                     _ADACQH         set	16116
   871   003EF3                     _ADACQL         set	16115
   872   003EF7                     _ADPREH         set	16119
   873   003EF6                     _ADPREL         set	16118
   874   003EFF                     _ADCLK          set	16127
   875   003EEF                     _ADRESL         set	16111
   876   003EF0                     _ADRESH         set	16112
   877   003EF8                     _ADCON0bits     set	16120
   878   003EF1                     _ADPCH          set	16113
   879   003FC2                     _TRISAbits      set	16322
   880   003FD2                     _INTCON0bits    set	16338
   881   003FCC                     _PORTC          set	16332
   882   003FC4                     _TRISCbits      set	16324
   883   003FBD                     _LATDbits       set	16317
   884   003FC5                     _TRISDbits      set	16325
   885   003FBD                     _LATD           set	16317
   886   003FBB                     _LATB           set	16315
   887   003FC5                     _TRISD          set	16325
   888   003FC3                     _TRISB          set	16323
   889                           
   890                           	psect	smallconst
   891   002000                     __psmallconst:
   892                           	callstack 0
   893   002000  00                 	db	0
   894   002001                     STR_2:
   895                           
   896                           ; BSR set to: 57
   897   002001  4D                 	db	77	;'M'
   898   002002  6F                 	db	111	;'o'
   899   002003  76                 	db	118	;'v'
   900   002004  65                 	db	101	;'e'
   901   002005  3A                 	db	58	;':'
   902   002006  25                 	db	37
   903   002007  75                 	db	117	;'u'
   904   002008  20                 	db	32
   905   002009  20                 	db	32
   906   00200A  20                 	db	32
   907   00200B  20                 	db	32
   908   00200C  00                 	db	0
   909   00200D                     STR_1:
   910                           
   911                           ; BSR set to: 57
   912   00200D  53                 	db	83	;'S'
   913   00200E  74                 	db	116	;'t'
   914   00200F  65                 	db	101	;'e'
   915   002010  70                 	db	112	;'p'
   916   002011  73                 	db	115	;'s'
   917   002012  3A                 	db	58	;':'
   918   002013  25                 	db	37
   919   002014  75                 	db	117	;'u'
   920   002015  20                 	db	32
   921   002016  20                 	db	32
   922   002017  20                 	db	32
   923   002018  00                 	db	0
   924   002019  00                 	db	0	; dummy byte at the end
   925   002000                     __smallconst    set	__psmallconst
   926   002000                     __mediumconst   set	__psmallconst
   927   000003                     __activetblptr  equ	3
   928                           
   929                           ; #config settings
   930                           
   931                           	psect	cinit
   932   0025BA                     __pcinit:
   933                           	callstack 0
   934   0025BA                     start_initialization:
   935                           	callstack 0
   936   0025BA                     __initialization:
   937                           	callstack 0
   938                           
   939                           ; Initialize objects allocated to COMRAM (1 bytes)
   940                           ; load TBLPTR registers with __pidataCOMRAM
   941   0025BA  0E5C               	movlw	low __pidataCOMRAM
   942   0025BC  6EF6               	movwf	tblptrl,c
   943   0025BE  0E27               	movlw	high __pidataCOMRAM
   944   0025C0  6EF7               	movwf	tblptrh,c
   945   0025C2  0E00               	movlw	low (__pidataCOMRAM shr (0+16))
   946   0025C4  6EF8               	movwf	tblptru,c
   947   0025C6  0009               	tblrd		*+	;fetch initializer
   948   0025C8  006F FFD4  F056    	movff	tablat,__pdataCOMRAM
   949                           
   950                           ; Clear objects allocated to BANK0 (32 bytes)
   951   0025CE  EE00  F060         	lfsr	0,__pbssBANK0
   952   0025D2  0E20               	movlw	32
   953   0025D4                     clear_0:
   954   0025D4  6AEE               	clrf	postinc0,c
   955   0025D6  06E8               	decf	wreg,f,c
   956   0025D8  E1FD               	bnz	clear_0
   957                           
   958                           ; Clear objects allocated to COMRAM (33 bytes)
   959   0025DA  EE00  F035         	lfsr	0,__pbssCOMRAM
   960   0025DE  0E21               	movlw	33
   961   0025E0                     clear_1:
   962   0025E0  6AEE               	clrf	postinc0,c
   963   0025E2  06E8               	decf	wreg,f,c
   964   0025E4  E1FD               	bnz	clear_1
   965                           
   966                           ;
   967                           ; Setup IVTBASE
   968                           ;
   969   003FD5                     IVTBASEL        equ	16341
   970   003FD6                     IVTBASEH        equ	16342
   971   003FD7                     IVTBASEU        equ	16343
   972   0025E6  0E08               	movlw	(ivt0x8_base shr 0)& (0+255)
   973   0025E8  6ED5               	movwf	213,c
   974   0025EA  0E00               	movlw	(ivt0x8_base shr (0+8))& (0+255)
   975   0025EC  6ED6               	movwf	214,c
   976   0025EE  0E00               	movlw	(ivt0x8_base shr (0+16))& (0+255)
   977   0025F0  6ED7               	movwf	215,c
   978   0025F2                     end_of_initialization:
   979                           	callstack 0
   980   0025F2                     __end_of__initialization:
   981                           	callstack 0
   982   0025F2  0100               	movlb	0
   983   0025F4  EF7E  F011         	goto	_main	;jump to C main() function
   984                           
   985                           	psect	bssCOMRAM
   986   000035                     __pbssCOMRAM:
   987                           	callstack 0
   988   000035                     _adc_voltage:
   989                           	callstack 0
   990   000035                     	ds	4
   991   000039                     _width:
   992                           	callstack 0
   993   000039                     	ds	2
   994   00003B                     _prec:
   995                           	callstack 0
   996   00003B                     	ds	2
   997   00003D                     Step_Detection@prev_y:
   998                           	callstack 0
   999   00003D                     	ds	2
  1000   00003F                     Step_Detection@prev_x:
  1001                           	callstack 0
  1002   00003F                     	ds	2
  1003   000041                     _step_count:
  1004                           	callstack 0
  1005   000041                     	ds	2
  1006   000043                     _adc_value:
  1007                           	callstack 0
  1008   000043                     	ds	2
  1009   000045                     _flags:
  1010                           	callstack 0
  1011   000045                     	ds	1
  1012   000046                     _lcd_buffer:
  1013                           	callstack 0
  1014   000046                     	ds	16
  1015                           
  1016                           	psect	dataCOMRAM
  1017   000056                     __pdataCOMRAM:
  1018                           	callstack 0
  1019   000056                     _ready_for_step:
  1020                           	callstack 0
  1021   000056                     	ds	1
  1022                           
  1023                           	psect	bssBANK0
  1024   000060                     __pbssBANK0:
  1025                           	callstack 0
  1026   000060                     _dbuf:
  1027                           	callstack 0
  1028   000060                     	ds	32
  1029                           
  1030                           	psect	cstackCOMRAM
  1031   000001                     __pcstackCOMRAM:
  1032                           	callstack 0
  1033   000001                     ??_ISR:
  1034                           
  1035                           ; 1 bytes @ 0x0
  1036   000001                     	ds	1
  1037   000002                     ISR@i:
  1038                           	callstack 0
  1039                           
  1040                           ; 2 bytes @ 0x1
  1041   000002                     	ds	2
  1042   000004                     ?_ADC_Read:
  1043                           	callstack 0
  1044   000004                     ?_abs:
  1045                           	callstack 0
  1046   000004                     ?___lwdiv:
  1047                           	callstack 0
  1048   000004                     ?___lwmod:
  1049                           	callstack 0
  1050   000004                     LCD_Command@cmd:
  1051                           	callstack 0
  1052   000004                     LCD_Char@dat:
  1053                           	callstack 0
  1054   000004                     ___lwdiv@dividend:
  1055                           	callstack 0
  1056   000004                     ___lwmod@dividend:
  1057                           	callstack 0
  1058   000004                     abs@a:
  1059                           	callstack 0
  1060   000004                     fputc@c:
  1061                           	callstack 0
  1062   000004                     
  1063                           ; 1 bytes @ 0x3
  1064   000004                     	ds	1
  1065   000005                     LCD_String@msg:
  1066                           	callstack 0
  1067   000005                     ??_LCD_Init:
  1068                           
  1069                           ; 1 bytes @ 0x4
  1070   000005                     	ds	1
  1071   000006                     LCD_String_xy@pos:
  1072                           	callstack 0
  1073   000006                     fputc@fp:
  1074                           	callstack 0
  1075   000006                     ___lwdiv@divisor:
  1076                           	callstack 0
  1077   000006                     ___lwmod@divisor:
  1078                           	callstack 0
  1079   000006                     ??_ADC_Read:
  1080   000006                     ??_abs:
  1081   000006                     
  1082                           ; 1 bytes @ 0x5
  1083   000006                     	ds	1
  1084   000007                     LCD_String_xy@msg:
  1085                           	callstack 0
  1086   000007                     ??_fputc:
  1087                           
  1088                           ; 1 bytes @ 0x6
  1089   000007                     	ds	1
  1090   000008                     ?_Step_Detection:
  1091                           	callstack 0
  1092   000008                     ADC_Read@channel:
  1093                           	callstack 0
  1094   000008                     LCD_String_xy@row:
  1095                           	callstack 0
  1096   000008                     ___lwmod@counter:
  1097                           	callstack 0
  1098   000008                     Step_Detection@x_val:
  1099                           	callstack 0
  1100   000008                     ___lwdiv@quotient:
  1101                           	callstack 0
  1102   000008                     
  1103                           ; 1 bytes @ 0x7
  1104   000008                     	ds	1
  1105   000009                     LCD_String_xy@location:
  1106                           	callstack 0
  1107                           
  1108                           ; 1 bytes @ 0x8
  1109   000009                     	ds	1
  1110   00000A                     ___lwdiv@counter:
  1111                           	callstack 0
  1112   00000A                     Step_Detection@y_val:
  1113                           	callstack 0
  1114                           
  1115                           ; 2 bytes @ 0x9
  1116   00000A                     	ds	2
  1117   00000C                     vfpfcnvrt@fp:
  1118                           	callstack 0
  1119   00000C                     ??_Step_Detection:
  1120                           
  1121                           ; 1 bytes @ 0xB
  1122   00000C                     	ds	1
  1123   00000D                     vfpfcnvrt@fmt:
  1124                           	callstack 0
  1125                           
  1126                           ; 1 bytes @ 0xC
  1127   00000D                     	ds	1
  1128   00000E                     vfpfcnvrt@ap:
  1129                           	callstack 0
  1130   00000E                     Step_Detection@movement:
  1131                           	callstack 0
  1132                           
  1133                           ; 2 bytes @ 0xD
  1134   00000E                     	ds	1
  1135   00000F                     ??_vfpfcnvrt:
  1136                           
  1137                           ; 1 bytes @ 0xE
  1138   00000F                     	ds	1
  1139   000010                     vfpfcnvrt@convarg:
  1140                           	callstack 0
  1141                           
  1142                           ; 4 bytes @ 0xF
  1143   000010                     	ds	4
  1144   000014                     vfpfcnvrt@cp:
  1145                           	callstack 0
  1146                           
  1147                           ; 1 bytes @ 0x13
  1148   000014                     	ds	1
  1149   000015                     vfpfcnvrt@c:
  1150                           	callstack 0
  1151                           
  1152                           ; 1 bytes @ 0x14
  1153   000015                     	ds	1
  1154   000016                     ?_vfprintf:
  1155                           	callstack 0
  1156   000016                     vfprintf@fp:
  1157                           	callstack 0
  1158                           
  1159                           ; 1 bytes @ 0x15
  1160   000016                     	ds	1
  1161   000017                     vfprintf@fmt:
  1162                           	callstack 0
  1163                           
  1164                           ; 1 bytes @ 0x16
  1165   000017                     	ds	1
  1166   000018                     vfprintf@ap:
  1167                           	callstack 0
  1168                           
  1169                           ; 1 bytes @ 0x17
  1170   000018                     	ds	1
  1171   000019                     vfprintf@cfmt:
  1172                           	callstack 0
  1173   000019                     
  1174                           ; 1 bytes @ 0x18
  1175   000019                     	ds	1
  1176   00001A                     ?_sprintf:
  1177                           	callstack 0
  1178   00001A                     sprintf@s:
  1179                           	callstack 0
  1180                           
  1181                           ; 1 bytes @ 0x19
  1182   00001A                     	ds	1
  1183   00001B                     sprintf@fmt:
  1184                           	callstack 0
  1185                           
  1186                           ; 1 bytes @ 0x1A
  1187   00001B                     	ds	3
  1188   00001E                     sprintf@ap:
  1189                           	callstack 0
  1190   00001E                     
  1191                           ; 1 bytes @ 0x1D
  1192   00001E                     	ds	1
  1193   00001F                     sprintf@f:
  1194                           	callstack 0
  1195                           
  1196                           ; 11 bytes @ 0x1E
  1197   00001F                     	ds	11
  1198   00002A                     LCD_Print_Status@x_val:
  1199                           	callstack 0
  1200                           
  1201                           ; 2 bytes @ 0x29
  1202   00002A                     	ds	2
  1203   00002C                     LCD_Print_Status@y_val:
  1204                           	callstack 0
  1205                           
  1206                           ; 2 bytes @ 0x2B
  1207   00002C                     	ds	2
  1208   00002E                     LCD_Print_Status@movement:
  1209                           	callstack 0
  1210   00002E                     
  1211                           ; 1 bytes @ 0x2D
  1212   00002E                     	ds	2
  1213   000030                     ??_main:
  1214                           
  1215                           ; 1 bytes @ 0x2F
  1216   000030                     	ds	1
  1217   000031                     main@x_val:
  1218                           	callstack 0
  1219                           
  1220                           ; 2 bytes @ 0x30
  1221   000031                     	ds	2
  1222   000033                     main@y_val:
  1223                           	callstack 0
  1224                           
  1225                           ; 2 bytes @ 0x32
  1226   000033                     	ds	2
  1227                           
  1228 ;;
  1229 ;;Main: autosize = 0, tempsize = 1, incstack = 0, save=0
  1230 ;;
  1231 ;; *************** function _main *****************
  1232 ;; Defined at:
  1233 ;;		line 130 in file "main.c"
  1234 ;; Parameters:    Size  Location     Type
  1235 ;;		None
  1236 ;; Auto vars:     Size  Location     Type
  1237 ;;  y_val           2   50[COMRAM] unsigned int 
  1238 ;;  x_val           2   48[COMRAM] unsigned int 
  1239 ;; Return value:  Size  Location     Type
  1240 ;;                  1    wreg      void 
  1241 ;; Registers used:
  1242 ;;		wreg, fsr1l, fsr1h, fsr2l, fsr2h, status,2, status,0, tblptrl, tblptrh, tblptru, cstack
  1243 ;; Tracked objects:
  1244 ;;		On entry : 0/0
  1245 ;;		On exit  : 0/0
  1246 ;;		Unchanged: 0/0
  1247 ;; Data sizes:     COMRAM   BANK0   BANK1   BANK2   BANK3   BANK4   BANK5   BANK6   BANK7   BANK8   BANK9  BANK10  BANK1
      +1  BANK12  BANK13  BANK14  BANK15  BANK16  BANK17  BANK18  BANK19  BANK20  BANK21  BANK22  BANK23  BANK24  BANK25  BANK2
      +6  BANK27  BANK28  BANK29  BANK30  BANK31
  1248 ;;      Params:         0       0       0       0       0       0       0       0       0       0       0       0       
      +0       0       0       0       0       0       0       0       0       0       0       0       0       0       0       
      +0       0       0       0       0       0
  1249 ;;      Locals:         4       0       0       0       0       0       0       0       0       0       0       0       
      +0       0       0       0       0       0       0       0       0       0       0       0       0       0       0       
      +0       0       0       0       0       0
  1250 ;;      Temps:          1       0       0       0       0       0       0       0       0       0       0       0       
      +0       0       0       0       0       0       0       0       0       0       0       0       0       0       0       
      +0       0       0       0       0       0
  1251 ;;      Totals:         5       0       0       0       0       0       0       0       0       0       0       0       
      +0       0       0       0       0       0       0       0       0       0       0       0       0       0       0       
      +0       0       0       0       0       0
  1252 ;;Total ram usage:        5 bytes
  1253 ;; Hardware stack levels required when called: 7
  1254 ;; This function calls:
  1255 ;;		_ADC_Init
  1256 ;;		_ADC_Read
  1257 ;;		_LCD_Init
  1258 ;;		_LCD_Print_Status
  1259 ;; This function is called by:
  1260 ;;		Startup code after reset
  1261 ;; This function uses a non-reentrant model
  1262 ;;
  1263                           
  1264                           	psect	text0
  1265   0022FC                     __ptext0:
  1266                           	callstack 0
  1267   0022FC                     _main:
  1268                           	callstack 24
  1269   0022FC                     
  1270                           ;main.c: 132:     ANSELB = 0x00;
  1271   0022FC  013A               	movlb	58	; () banked
  1272   0022FE  6B50               	clrf	80,b	;volatile
  1273                           
  1274                           ;main.c: 133:     ANSELD = 0x00;
  1275   002300  6B70               	clrf	112,b	;volatile
  1276                           
  1277                           ;main.c: 135:     TRISB = 0x00;
  1278   002302  6AC3               	clrf	195,c	;volatile
  1279                           
  1280                           ;main.c: 136:     TRISD = 0x00;
  1281   002304  6AC5               	clrf	197,c	;volatile
  1282                           
  1283                           ;main.c: 138:     LATB = 0x00;
  1284   002306  6ABB               	clrf	187,c	;volatile
  1285                           
  1286                           ;main.c: 139:     LATD = 0x00;
  1287   002308  6ABD               	clrf	189,c	;volatile
  1288                           
  1289                           ;main.c: 141:     ANSELDbits.ANSELD2 = 0;
  1290   00230A  9570               	bcf	112,2,b	;volatile
  1291                           
  1292                           ;main.c: 142:     TRISDbits.TRISD2 = 0;
  1293   00230C  94C5               	bcf	197,2,c	;volatile
  1294                           
  1295                           ;main.c: 143:     LATDbits.LATD2 = 0;
  1296   00230E  94BD               	bcf	189,2,c	;volatile
  1297                           
  1298                           ;main.c: 145:     ANSELCbits.ANSELC3 = 0;
  1299   002310  9760               	bcf	96,3,b	;volatile
  1300                           
  1301                           ;main.c: 146:     TRISCbits.TRISC3 = 1;
  1302   002312  86C4               	bsf	196,3,c	;volatile
  1303   002314                     
  1304                           ; BSR set to: 58
  1305                           ;main.c: 148:     PORTC;
  1306   002314  50CC               	movf	204,w,c	;volatile
  1307   002316                     
  1308                           ; BSR set to: 58
  1309                           ;main.c: 150:     IOCCPbits.IOCCP3 = 1;
  1310   002316  8765               	bsf	101,3,b	;volatile
  1311   002318                     
  1312                           ; BSR set to: 58
  1313                           ;main.c: 151:     IOCCNbits.IOCCN3 = 1;
  1314   002318  8766               	bsf	102,3,b	;volatile
  1315   00231A                     
  1316                           ; BSR set to: 58
  1317                           ;main.c: 153:     IOCCFbits.IOCCF3 = 0;
  1318   00231A  9767               	bcf	103,3,b	;volatile
  1319   00231C                     
  1320                           ; BSR set to: 58
  1321                           ;main.c: 154:     PIR0bits.IOCIF = 0;
  1322   00231C  0139               	movlb	57	; () banked
  1323   00231E  9FA0               	bcf	160,7,b	;volatile
  1324   002320                     
  1325                           ; BSR set to: 57
  1326                           ;main.c: 156:     PIE0bits.IOCIE = 1;
  1327   002320  8F90               	bsf	144,7,b	;volatile
  1328   002322                     
  1329                           ; BSR set to: 57
  1330                           ;main.c: 158:     INTCON0bits.IPEN = 0;
  1331   002322  9AD2               	bcf	210,5,c	;volatile
  1332   002324                     
  1333                           ; BSR set to: 57
  1334                           ;main.c: 159:     INTCON0bits.GIE = 1;
  1335   002324  8ED2               	bsf	210,7,c	;volatile
  1336   002326                     
  1337                           ; BSR set to: 57
  1338                           ;main.c: 161:     ADC_Init();
  1339   002326  EC9B  F013         	call	_ADC_Init	;wreg free
  1340   00232A                     
  1341                           ;main.c: 162:     _delay((unsigned long)((500)*(1000000UL/4000.0)));
  1342   00232A  0EA3               	movlw	163
  1343   00232C  6E30               	movwf	??_main^0,c
  1344   00232E  0E55               	movlw	85
  1345   002330                     u447:
  1346   002330  2EE8               	decfsz	wreg,f,c
  1347   002332  D7FE               	bra	u447
  1348   002334  2E30               	decfsz	??_main^0,f,c
  1349   002336  D7FC               	bra	u447
  1350   002338  0000               	nop	
  1351                           
  1352                           ;main.c: 164:     LCD_Init();
  1353   00233A  ECCD  F010         	call	_LCD_Init	;wreg free
  1354   00233E                     l93:
  1355                           
  1356                           ;main.c: 170:     {;main.c: 171:         x_val = ADC_Read(0x01);
  1357   00233E  0E01               	movlw	1
  1358   002340  EC47  F013         	call	_ADC_Read
  1359   002344  C004  F031         	movff	?_ADC_Read,main@x_val
  1360   002348  C005  F032         	movff	?_ADC_Read+1,main@x_val+1
  1361                           
  1362                           ;main.c: 172:         y_val = ADC_Read(0x02);
  1363   00234C  0E02               	movlw	2
  1364   00234E  EC47  F013         	call	_ADC_Read
  1365   002352  C004  F033         	movff	?_ADC_Read,main@y_val
  1366   002356  C005  F034         	movff	?_ADC_Read+1,main@y_val+1
  1367   00235A                     
  1368                           ;main.c: 174:         LCD_Print_Status(x_val, y_val);
  1369   00235A  C031  F02A         	movff	main@x_val,LCD_Print_Status@x_val
  1370   00235E  C032  F02B         	movff	main@x_val+1,LCD_Print_Status@x_val+1
  1371   002362  C033  F02C         	movff	main@y_val,LCD_Print_Status@y_val
  1372   002366  C034  F02D         	movff	main@y_val+1,LCD_Print_Status@y_val+1
  1373   00236A  EC65  F012         	call	_LCD_Print_Status	;wreg free
  1374   00236E                     
  1375                           ;main.c: 176:         _delay((unsigned long)((50)*(1000000UL/4000.0)));
  1376   00236E  0E11               	movlw	17
  1377   002370  6E30               	movwf	??_main^0,c
  1378   002372  0E3A               	movlw	58
  1379   002374                     u457:
  1380   002374  2EE8               	decfsz	wreg,f,c
  1381   002376  D7FE               	bra	u457
  1382   002378  2E30               	decfsz	??_main^0,f,c
  1383   00237A  D7FC               	bra	u457
  1384   00237C  D000               	nop2	
  1385   00237E  EF9F  F011         	goto	l93
  1386   002382  EF0D  F000         	goto	start
  1387   002386                     __end_of_main:
  1388                           	callstack 0
  1389                           
  1390 ;; *************** function _LCD_Print_Status *****************
  1391 ;; Defined at:
  1392 ;;		line 202 in file "main.c"
  1393 ;; Parameters:    Size  Location     Type
  1394 ;;  x_val           2   41[COMRAM] unsigned int 
  1395 ;;  y_val           2   43[COMRAM] unsigned int 
  1396 ;; Auto vars:     Size  Location     Type
  1397 ;;  movement        2   45[COMRAM] unsigned int 
  1398 ;; Return value:  Size  Location     Type
  1399 ;;                  1    wreg      void 
  1400 ;; Registers used:
  1401 ;;		wreg, fsr1l, fsr1h, fsr2l, fsr2h, status,2, status,0, tblptrl, tblptrh, tblptru, cstack
  1402 ;; Tracked objects:
  1403 ;;		On entry : 0/0
  1404 ;;		On exit  : 0/0
  1405 ;;		Unchanged: 0/0
  1406 ;; Data sizes:     COMRAM   BANK0   BANK1   BANK2   BANK3   BANK4   BANK5   BANK6   BANK7   BANK8   BANK9  BANK10  BANK1
      +1  BANK12  BANK13  BANK14  BANK15  BANK16  BANK17  BANK18  BANK19  BANK20  BANK21  BANK22  BANK23  BANK24  BANK25  BANK2
      +6  BANK27  BANK28  BANK29  BANK30  BANK31
  1407 ;;      Params:         4       0       0       0       0       0       0       0       0       0       0       0       
      +0       0       0       0       0       0       0       0       0       0       0       0       0       0       0       
      +0       0       0       0       0       0
  1408 ;;      Locals:         2       0       0       0       0       0       0       0       0       0       0       0       
      +0       0       0       0       0       0       0       0       0       0       0       0       0       0       0       
      +0       0       0       0       0       0
  1409 ;;      Temps:          0       0       0       0       0       0       0       0       0       0       0       0       
      +0       0       0       0       0       0       0       0       0       0       0       0       0       0       0       
      +0       0       0       0       0       0
  1410 ;;      Totals:         6       0       0       0       0       0       0       0       0       0       0       0       
      +0       0       0       0       0       0       0       0       0       0       0       0       0       0       0       
      +0       0       0       0       0       0
  1411 ;;Total ram usage:        6 bytes
  1412 ;; Hardware stack levels used: 1
  1413 ;; Hardware stack levels required when called: 6
  1414 ;; This function calls:
  1415 ;;		_LCD_String_xy
  1416 ;;		_Step_Detection
  1417 ;;		_sprintf
  1418 ;; This function is called by:
  1419 ;;		_main
  1420 ;; This function uses a non-reentrant model
  1421 ;;
  1422                           
  1423                           	psect	text1
  1424   0024CA                     __ptext1:
  1425                           	callstack 0
  1426   0024CA                     _LCD_Print_Status:
  1427                           	callstack 24
  1428   0024CA                     
  1429                           ;main.c: 202: void LCD_Print_Status(unsigned int x_val, unsigned int y_val);main.c: 203:
      +                           {;main.c: 204:     unsigned int movement;;main.c: 206:     movement = Step_Detection(x_
      +                          val, y_val);
  1430   0024CA  C02A  F008         	movff	LCD_Print_Status@x_val,Step_Detection@x_val
  1431   0024CE  C02B  F009         	movff	LCD_Print_Status@x_val+1,Step_Detection@x_val+1
  1432   0024D2  C02C  F00A         	movff	LCD_Print_Status@y_val,Step_Detection@y_val
  1433   0024D6  C02D  F00B         	movff	LCD_Print_Status@y_val+1,Step_Detection@y_val+1
  1434   0024DA  EC95  F012         	call	_Step_Detection	;wreg free
  1435   0024DE  C008  F02E         	movff	?_Step_Detection,LCD_Print_Status@movement
  1436   0024E2  C009  F02F         	movff	?_Step_Detection+1,LCD_Print_Status@movement+1
  1437   0024E6                     
  1438                           ;main.c: 208:     sprintf(lcd_buffer, "Steps:%u   ", step_count);
  1439   0024E6  0E46               	movlw	low _lcd_buffer
  1440   0024E8  6E1A               	movwf	sprintf@s^0,c
  1441   0024EA  0E0D               	movlw	low STR_1
  1442   0024EC  6E1B               	movwf	sprintf@fmt^0,c
  1443   0024EE  6A1D               	clrf	(?_sprintf+3)^0,c
  1444   0024F0  0E00               	movlw	0
  1445   0024F2  6E1C               	movwf	(?_sprintf+2)^0,c
  1446   0024F4  EC2F  F013         	call	_sprintf	;wreg free
  1447   0024F8                     
  1448                           ;main.c: 209:     LCD_String_xy(1, 0, lcd_buffer);
  1449   0024F8  0E00               	movlw	0
  1450   0024FA  6E06               	movwf	LCD_String_xy@pos^0,c
  1451   0024FC  0E46               	movlw	low _lcd_buffer
  1452   0024FE  6E07               	movwf	LCD_String_xy@msg^0,c
  1453   002500  0E01               	movlw	1
  1454   002502  EC16  F013         	call	_LCD_String_xy
  1455   002506                     
  1456                           ;main.c: 211:     sprintf(lcd_buffer, "Move:%u    ", movement);
  1457   002506  0E46               	movlw	low _lcd_buffer
  1458   002508  6E1A               	movwf	sprintf@s^0,c
  1459   00250A  0E01               	movlw	low STR_2
  1460   00250C  6E1B               	movwf	sprintf@fmt^0,c
  1461   00250E  C02E  F01C         	movff	LCD_Print_Status@movement,?_sprintf+2
  1462   002512  C02F  F01D         	movff	LCD_Print_Status@movement+1,?_sprintf+3
  1463   002516  EC2F  F013         	call	_sprintf	;wreg free
  1464   00251A                     
  1465                           ;main.c: 212:     LCD_String_xy(2, 0, lcd_buffer);
  1466   00251A  0E00               	movlw	0
  1467   00251C  6E06               	movwf	LCD_String_xy@pos^0,c
  1468   00251E  0E46               	movlw	low _lcd_buffer
  1469   002520  6E07               	movwf	LCD_String_xy@msg^0,c
  1470   002522  0E02               	movlw	2
  1471   002524  EC16  F013         	call	_LCD_String_xy
  1472   002528  0012               	return		;funcret
  1473   00252A                     __end_of_LCD_Print_Status:
  1474                           	callstack 0
  1475                           
  1476 ;; *************** function _sprintf *****************
  1477 ;; Defined at:
  1478 ;;		line 9 in file "/Applications/microchip/xc8/v3.10/pic/sources/c99/common/nf_sprintf.c"
  1479 ;; Parameters:    Size  Location     Type
  1480 ;;  s               1   25[COMRAM] PTR unsigned char 
  1481 ;;		 -> lcd_buffer(16), 
  1482 ;;  fmt             1   26[COMRAM] PTR const unsigned char 
  1483 ;;		 -> STR_2(12), STR_1(12), 
  1484 ;; Auto vars:     Size  Location     Type
  1485 ;;  f              11   30[COMRAM] struct _IO_FILE
  1486 ;;  ret             2    0        int 
  1487 ;;  ap              1   29[COMRAM] PTR void [1]
  1488 ;;		 -> ?_sprintf(2), 
  1489 ;; Return value:  Size  Location     Type
  1490 ;;                  2   25[COMRAM] int 
  1491 ;; Registers used:
  1492 ;;		wreg, fsr1l, fsr1h, fsr2l, fsr2h, status,2, status,0, tblptrl, tblptrh, tblptru, cstack
  1493 ;; Tracked objects:
  1494 ;;		On entry : 0/0
  1495 ;;		On exit  : 0/0
  1496 ;;		Unchanged: 0/0
  1497 ;; Data sizes:     COMRAM   BANK0   BANK1   BANK2   BANK3   BANK4   BANK5   BANK6   BANK7   BANK8   BANK9  BANK10  BANK1
      +1  BANK12  BANK13  BANK14  BANK15  BANK16  BANK17  BANK18  BANK19  BANK20  BANK21  BANK22  BANK23  BANK24  BANK25  BANK2
      +6  BANK27  BANK28  BANK29  BANK30  BANK31
  1498 ;;      Params:         4       0       0       0       0       0       0       0       0       0       0       0       
      +0       0       0       0       0       0       0       0       0       0       0       0       0       0       0       
      +0       0       0       0       0       0
  1499 ;;      Locals:        12       0       0       0       0       0       0       0       0       0       0       0       
      +0       0       0       0       0       0       0       0       0       0       0       0       0       0       0       
      +0       0       0       0       0       0
  1500 ;;      Temps:          0       0       0       0       0       0       0       0       0       0       0       0       
      +0       0       0       0       0       0       0       0       0       0       0       0       0       0       0       
      +0       0       0       0       0       0
  1501 ;;      Totals:        16       0       0       0       0       0       0       0       0       0       0       0       
      +0       0       0       0       0       0       0       0       0       0       0       0       0       0       0       
      +0       0       0       0       0       0
  1502 ;;Total ram usage:       16 bytes
  1503 ;; Hardware stack levels used: 1
  1504 ;; Hardware stack levels required when called: 5
  1505 ;; This function calls:
  1506 ;;		_vfprintf
  1507 ;; This function is called by:
  1508 ;;		_LCD_Print_Status
  1509 ;; This function uses a non-reentrant model
  1510 ;;
  1511                           
  1512                           	psect	text2
  1513   00265E                     __ptext2:
  1514                           	callstack 0
  1515   00265E                     _sprintf:
  1516                           	callstack 24
  1517   00265E  0E1C               	movlw	low (?_sprintf+2)
  1518   002660  6E1E               	movwf	sprintf@ap^0,c
  1519   002662  C01A  F01F         	movff	sprintf@s,sprintf@f
  1520   002666  6A22               	clrf	(sprintf@f+3)^0,c
  1521   002668  0E00               	movlw	0
  1522   00266A  6E21               	movwf	(sprintf@f+2)^0,c
  1523   00266C  6A29               	clrf	(sprintf@f+10)^0,c
  1524   00266E  0E00               	movlw	0
  1525   002670  6E28               	movwf	(sprintf@f+9)^0,c
  1526   002672  0E1F               	movlw	low sprintf@f
  1527   002674  6E16               	movwf	vfprintf@fp^0,c
  1528   002676  C01B  F017         	movff	sprintf@fmt,vfprintf@fmt
  1529   00267A  0E1E               	movlw	low sprintf@ap
  1530   00267C  6E18               	movwf	vfprintf@ap^0,c
  1531   00267E  ECBC  F012         	call	_vfprintf	;wreg free
  1532   002682  501A               	movf	sprintf@s^0,w,c
  1533   002684  2421               	addwf	(sprintf@f+2)^0,w,c
  1534   002686  6ED9               	movwf	fsr2l,c
  1535   002688  6ADA               	clrf	fsr2h,c
  1536   00268A  6ADF               	clrf	indf2,c
  1537   00268C  0012               	return		;funcret
  1538   00268E                     __end_of_sprintf:
  1539                           	callstack 0
  1540                           
  1541 ;; *************** function _vfprintf *****************
  1542 ;; Defined at:
  1543 ;;		line 1817 in file "/Applications/microchip/xc8/v3.10/pic/sources/c99/common/doprnt.c"
  1544 ;; Parameters:    Size  Location     Type
  1545 ;;  fp              1   21[COMRAM] PTR struct _IO_FILE
  1546 ;;		 -> sprintf@f(11), 
  1547 ;;  fmt             1   22[COMRAM] PTR const unsigned char 
  1548 ;;		 -> STR_2(12), STR_1(12), 
  1549 ;;  ap              1   23[COMRAM] PTR PTR void 
  1550 ;;		 -> sprintf@ap(1), 
  1551 ;; Auto vars:     Size  Location     Type
  1552 ;;  cfmt            1   24[COMRAM] PTR unsigned char 
  1553 ;;		 -> STR_2(12), STR_1(12), 
  1554 ;; Return value:  Size  Location     Type
  1555 ;;                  2   21[COMRAM] int 
  1556 ;; Registers used:
  1557 ;;		wreg, fsr1l, fsr1h, fsr2l, fsr2h, status,2, status,0, tblptrl, tblptrh, tblptru, cstack
  1558 ;; Tracked objects:
  1559 ;;		On entry : 0/0
  1560 ;;		On exit  : 0/0
  1561 ;;		Unchanged: 0/0
  1562 ;; Data sizes:     COMRAM   BANK0   BANK1   BANK2   BANK3   BANK4   BANK5   BANK6   BANK7   BANK8   BANK9  BANK10  BANK1
      +1  BANK12  BANK13  BANK14  BANK15  BANK16  BANK17  BANK18  BANK19  BANK20  BANK21  BANK22  BANK23  BANK24  BANK25  BANK2
      +6  BANK27  BANK28  BANK29  BANK30  BANK31
  1563 ;;      Params:         3       0       0       0       0       0       0       0       0       0       0       0       
      +0       0       0       0       0       0       0       0       0       0       0       0       0       0       0       
      +0       0       0       0       0       0
  1564 ;;      Locals:         1       0       0       0       0       0       0       0       0       0       0       0       
      +0       0       0       0       0       0       0       0       0       0       0       0       0       0       0       
      +0       0       0       0       0       0
  1565 ;;      Temps:          0       0       0       0       0       0       0       0       0       0       0       0       
      +0       0       0       0       0       0       0       0       0       0       0       0       0       0       0       
      +0       0       0       0       0       0
  1566 ;;      Totals:         4       0       0       0       0       0       0       0       0       0       0       0       
      +0       0       0       0       0       0       0       0       0       0       0       0       0       0       0       
      +0       0       0       0       0       0
  1567 ;;Total ram usage:        4 bytes
  1568 ;; Hardware stack levels used: 1
  1569 ;; Hardware stack levels required when called: 4
  1570 ;; This function calls:
  1571 ;;		_vfpfcnvrt
  1572 ;; This function is called by:
  1573 ;;		_sprintf
  1574 ;; This function uses a non-reentrant model
  1575 ;;
  1576                           
  1577                           	psect	text3
  1578   002578                     __ptext3:
  1579                           	callstack 0
  1580   002578                     _vfprintf:
  1581                           	callstack 24
  1582   002578                     
  1583                           ;/Applications/microchip/xc8/v3.10/pic/sources/c99/common/doprnt.c: 1817: int vfprintf(F
      +                          ILE *fp, const char *fmt, va_list ap);/Applications/microchip/xc8/v3.10/pic/sources/c99/
      +                          common/doprnt.c: 1818: {;/Applications/microchip/xc8/v3.10/pic/sources/c99/common/doprnt
      +                          .c: 1820:     char *cfmt;;/Applications/microchip/xc8/v3.10/pic/sources/c99/common/doprn
      +                          t.c: 1822:     cfmt = (char *)fmt;
  1584   002578  C017  F019         	movff	vfprintf@fmt,vfprintf@cfmt
  1585                           
  1586                           ;/Applications/microchip/xc8/v3.10/pic/sources/c99/common/doprnt.c: 1826:     while (*cf
      +                          mt) {
  1587   00257C  EFC8  F012         	goto	l1424
  1588   002580                     l1422:
  1589                           
  1590                           ;/Applications/microchip/xc8/v3.10/pic/sources/c99/common/doprnt.c: 1830:    vfpfcnvrt(f
      +                          p, &cfmt, ap);
  1591   002580  C016  F00C         	movff	vfprintf@fp,vfpfcnvrt@fp
  1592   002584  0E19               	movlw	low vfprintf@cfmt
  1593   002586  6E0D               	movwf	vfpfcnvrt@fmt^0,c
  1594   002588  C018  F00E         	movff	vfprintf@ap,vfpfcnvrt@ap
  1595   00258C  EC0D  F010         	call	_vfpfcnvrt	;wreg free
  1596   002590                     l1424:
  1597                           
  1598                           ;/Applications/microchip/xc8/v3.10/pic/sources/c99/common/doprnt.c: 1826:     while (*cf
      +                          mt) {
  1599   002590  0060  F067  FFF6   	movff	vfprintf@cfmt,tblptrl
  1600   002596                     	if	1	;There is more than 1 active tblptr byte
  1601   002596  0E20               	movlw	high __smallconst
  1602   002598  6EF7               	movwf	tblptrh,c
  1603   00259A                     	endif
  1604   00259A                     	if	0	;tblptru may be non-zero
  1605   00259A                     	endif
  1606   00259A                     	if	1	;Program memory is > 0xFFFF, there are 3 active tblptr bytes
  1607   00259A  0E00               	movlw	low (__smallconst shr (0+16))
  1608   00259C  6EF8               	movwf	tblptru,c
  1609   00259E                     	endif
  1610   00259E  0008               	tblrd		*
  1611   0025A0  50F5               	movf	tablat,w,c
  1612   0025A2  0900               	iorlw	0
  1613   0025A4  A4D8               	btfss	status,2,c
  1614   0025A6  EFD7  F012         	goto	u411
  1615   0025AA  EFD9  F012         	goto	u410
  1616   0025AE                     u411:
  1617   0025AE  EFC0  F012         	goto	l1422
  1618   0025B2                     u410:
  1619   0025B2                     
  1620                           ;/Applications/microchip/xc8/v3.10/pic/sources/c99/common/doprnt.c: 1835:  return 0;
  1621   0025B2  6A17               	clrf	(?_vfprintf+1)^0,c
  1622   0025B4  0E00               	movlw	0
  1623   0025B6  6E16               	movwf	?_vfprintf^0,c
  1624   0025B8  0012               	return		;funcret
  1625   0025BA                     __end_of_vfprintf:
  1626                           	callstack 0
  1627                           
  1628 ;; *************** function _vfpfcnvrt *****************
  1629 ;; Defined at:
  1630 ;;		line 1177 in file "/Applications/microchip/xc8/v3.10/pic/sources/c99/common/doprnt.c"
  1631 ;; Parameters:    Size  Location     Type
  1632 ;;  fp              1   11[COMRAM] PTR struct _IO_FILE
  1633 ;;		 -> sprintf@f(11), 
  1634 ;;  fmt             1   12[COMRAM] PTR PTR unsigned char 
  1635 ;;		 -> vfprintf@cfmt(1), 
  1636 ;;  ap              1   13[COMRAM] PTR PTR void 
  1637 ;;		 -> sprintf@ap(1), 
  1638 ;; Auto vars:     Size  Location     Type
  1639 ;;  convarg         4   15[COMRAM] struct .
  1640 ;;  c               1   20[COMRAM] unsigned char 
  1641 ;;  cp              1   19[COMRAM] PTR unsigned char 
  1642 ;;		 -> STR_2(12), STR_1(12), 
  1643 ;;  done            1    0        _Bool 
  1644 ;; Return value:  Size  Location     Type
  1645 ;;                  1    wreg      void 
  1646 ;; Registers used:
  1647 ;;		wreg, fsr1l, fsr1h, fsr2l, fsr2h, status,2, status,0, tblptrl, tblptrh, tblptru, cstack
  1648 ;; Tracked objects:
  1649 ;;		On entry : 0/0
  1650 ;;		On exit  : 0/0
  1651 ;;		Unchanged: 0/0
  1652 ;; Data sizes:     COMRAM   BANK0   BANK1   BANK2   BANK3   BANK4   BANK5   BANK6   BANK7   BANK8   BANK9  BANK10  BANK1
      +1  BANK12  BANK13  BANK14  BANK15  BANK16  BANK17  BANK18  BANK19  BANK20  BANK21  BANK22  BANK23  BANK24  BANK25  BANK2
      +6  BANK27  BANK28  BANK29  BANK30  BANK31
  1653 ;;      Params:         3       0       0       0       0       0       0       0       0       0       0       0       
      +0       0       0       0       0       0       0       0       0       0       0       0       0       0       0       
      +0       0       0       0       0       0
  1654 ;;      Locals:         6       0       0       0       0       0       0       0       0       0       0       0       
      +0       0       0       0       0       0       0       0       0       0       0       0       0       0       0       
      +0       0       0       0       0       0
  1655 ;;      Temps:          1       0       0       0       0       0       0       0       0       0       0       0       
      +0       0       0       0       0       0       0       0       0       0       0       0       0       0       0       
      +0       0       0       0       0       0
  1656 ;;      Totals:        10       0       0       0       0       0       0       0       0       0       0       0       
      +0       0       0       0       0       0       0       0       0       0       0       0       0       0       0       
      +0       0       0       0       0       0
  1657 ;;Total ram usage:       10 bytes
  1658 ;; Hardware stack levels used: 1
  1659 ;; Hardware stack levels required when called: 3
  1660 ;; This function calls:
  1661 ;;		___lwdiv
  1662 ;;		___lwmod
  1663 ;;		_fputc
  1664 ;; This function is called by:
  1665 ;;		_vfprintf
  1666 ;; This function uses a non-reentrant model
  1667 ;;
  1668                           
  1669                           	psect	text4
  1670   00201A                     __ptext4:
  1671                           	callstack 0
  1672   00201A                     _vfpfcnvrt:
  1673                           	callstack 24
  1674   00201A                     
  1675                           ;/Applications/microchip/xc8/v3.10/pic/sources/c99/common/doprnt.c: 1177: vfpfcnvrt(FILE
      +                           *fp, char *fmt[], va_list ap);/Applications/microchip/xc8/v3.10/pic/sources/c99/common/
      +                          doprnt.c: 1178: {;/Applications/microchip/xc8/v3.10/pic/sources/c99/common/doprnt.c: 117
      +                          9:     char c, *cp;;/Applications/microchip/xc8/v3.10/pic/sources/c99/common/doprnt.c: 1
      +                          180:     _Bool done;;/Applications/microchip/xc8/v3.10/pic/sources/c99/common/doprnt.c: 
      +                          1188:  } convarg;;/Applications/microchip/xc8/v3.10/pic/sources/c99/common/doprnt.c: 120
      +                          1:     if ((*fmt)[0] == '%') {
  1676   00201A  500D               	movf	vfpfcnvrt@fmt^0,w,c
  1677   00201C  6ED9               	movwf	fsr2l,c
  1678   00201E  6ADA               	clrf	fsr2h,c
  1679   002020  006F FF7F FFF6     	movff	indf2,tblptrl
  1680   002026                     	if	1	;There is more than 1 active tblptr byte
  1681   002026  0E20               	movlw	high __smallconst
  1682   002028  6EF7               	movwf	tblptrh,c
  1683   00202A                     	endif
  1684   00202A                     	if	0	;tblptru may be non-zero
  1685   00202A                     	endif
  1686   00202A                     	if	1	;Program memory is > 0xFFFF, there are 3 active tblptr bytes
  1687   00202A  0E00               	movlw	low (__smallconst shr (0+16))
  1688   00202C  6EF8               	movwf	tblptru,c
  1689   00202E                     	endif
  1690   00202E  0008               	tblrd		*
  1691   002030  50F5               	movf	tablat,w,c
  1692   002032  0A25               	xorlw	37
  1693   002034  A4D8               	btfss	status,2,c
  1694   002036  EF1F  F010         	goto	u341
  1695   00203A  EF21  F010         	goto	u340
  1696   00203E                     u341:
  1697   00203E  EFB8  F010         	goto	l1402
  1698   002042                     u340:
  1699   002042                     
  1700                           ;/Applications/microchip/xc8/v3.10/pic/sources/c99/common/doprnt.c: 1202:         ++*fmt
      +                          ;
  1701   002042  500D               	movf	vfpfcnvrt@fmt^0,w,c
  1702   002044  6ED9               	movwf	fsr2l,c
  1703   002046  6ADA               	clrf	fsr2h,c
  1704   002048  2ADF               	incf	indf2,f,c
  1705   00204A                     
  1706                           ;/Applications/microchip/xc8/v3.10/pic/sources/c99/common/doprnt.c: 1204:         flags 
      +                          = width = 0;
  1707   00204A  6A3A               	clrf	(_width+1)^0,c
  1708   00204C  0E00               	movlw	0
  1709   00204E  6E39               	movwf	_width^0,c
  1710   002050  C039  F045         	movff	_width,_flags
  1711   002054                     
  1712                           ;/Applications/microchip/xc8/v3.10/pic/sources/c99/common/doprnt.c: 1205:         prec =
      +                           -1;
  1713   002054  683B               	setf	_prec^0,c
  1714   002056  683C               	setf	(_prec+1)^0,c
  1715   002058                     
  1716                           ;/Applications/microchip/xc8/v3.10/pic/sources/c99/common/doprnt.c: 1439:   if (0
  1717   002058  500D               	movf	vfpfcnvrt@fmt^0,w,c
  1718   00205A  6ED9               	movwf	fsr2l,c
  1719   00205C  6ADA               	clrf	fsr2h,c
  1720   00205E  50DF               	movf	indf2,w,c
  1721   002060  6E14               	movwf	vfpfcnvrt@cp^0,c
  1722   002062  0060  F053  FFF6   	movff	vfpfcnvrt@cp,tblptrl
  1723   002068                     	if	1	;There is more than 1 active tblptr byte
  1724   002068  0E20               	movlw	high __smallconst
  1725   00206A  6EF7               	movwf	tblptrh,c
  1726   00206C                     	endif
  1727   00206C                     	if	0	;tblptru may be non-zero
  1728   00206C                     	endif
  1729   00206C                     	if	1	;Program memory is > 0xFFFF, there are 3 active tblptr bytes
  1730   00206C  0E00               	movlw	low (__smallconst shr (0+16))
  1731   00206E  6EF8               	movwf	tblptru,c
  1732   002070                     	endif
  1733   002070  0008               	tblrd		*
  1734   002072  50F5               	movf	tablat,w,c
  1735   002074  0A75               	xorlw	117
  1736   002076  A4D8               	btfss	status,2,c
  1737   002078  EF40  F010         	goto	u351
  1738   00207C  EF42  F010         	goto	u350
  1739   002080                     u351:
  1740   002080  EFB2  F010         	goto	l1398
  1741   002084                     u350:
  1742   002084                     
  1743                           ;/Applications/microchip/xc8/v3.10/pic/sources/c99/common/doprnt.c: 1452:     ) {;/Appli
      +                          cations/microchip/xc8/v3.10/pic/sources/c99/common/doprnt.c: 1495:    convarg.uint = (vf
      +                          pf_uint_t)(unsigned int)(*(unsigned int *)__va_arg(*(unsigned int **)ap, (unsigned int)0
      +                          ));
  1744   002084  500E               	movf	vfpfcnvrt@ap^0,w,c
  1745   002086  6ED9               	movwf	fsr2l,c
  1746   002088  6ADA               	clrf	fsr2h,c
  1747   00208A  0E02               	movlw	2
  1748   00208C  26DF               	addwf	indf2,f,c
  1749   00208E  5CDF               	subwf	indf2,w,c
  1750   002090  6ED9               	movwf	fsr2l,c
  1751   002092  6ADA               	clrf	fsr2h,c
  1752   002094  006F FF78  F010    	movff	postinc2,vfpfcnvrt@convarg
  1753   00209A  006F FF78  F011    	movff	postinc2,vfpfcnvrt@convarg+1
  1754   0020A0                     
  1755                           ;/Applications/microchip/xc8/v3.10/pic/sources/c99/common/doprnt.c: 1497:    *fmt = cp+1
      +                          ;
  1756   0020A0  500D               	movf	vfpfcnvrt@fmt^0,w,c
  1757   0020A2  6ED9               	movwf	fsr2l,c
  1758   0020A4  6ADA               	clrf	fsr2h,c
  1759   0020A6  2814               	incf	vfpfcnvrt@cp^0,w,c
  1760   0020A8  6EDF               	movwf	indf2,c
  1761                           
  1762                           ;/Applications/microchip/xc8/v3.10/pic/sources/c99/common/doprnt.c: 1498:    switch (*cp
      +                          ) {
  1763   0020AA  EFA3  F010         	goto	l1396
  1764   0020AE                     l1378:
  1765                           
  1766                           ;/Applications/microchip/xc8/v3.10/pic/sources/c99/common/doprnt.c: 1525:      c = sizeo
      +                          f(dbuf);
  1767   0020AE  0E20               	movlw	32
  1768   0020B0  6E15               	movwf	vfpfcnvrt@c^0,c
  1769   0020B2                     l1380:
  1770                           
  1771                           ;/Applications/microchip/xc8/v3.10/pic/sources/c99/common/doprnt.c: 1527:       dbuf[--c
      +                          ] = (convarg.uint % 10) + '0';
  1772   0020B2  0615               	decf	vfpfcnvrt@c^0,f,c
  1773   0020B4  5015               	movf	vfpfcnvrt@c^0,w,c
  1774   0020B6  0F60               	addlw	low _dbuf
  1775   0020B8  6ED9               	movwf	fsr2l,c
  1776   0020BA  6ADA               	clrf	fsr2h,c
  1777   0020BC  C010  F004         	movff	vfpfcnvrt@convarg,___lwmod@dividend
  1778   0020C0  C011  F005         	movff	vfpfcnvrt@convarg+1,___lwmod@dividend+1
  1779   0020C4  6A07               	clrf	(___lwmod@divisor+1)^0,c
  1780   0020C6  0E0A               	movlw	10
  1781   0020C8  6E06               	movwf	___lwmod@divisor^0,c
  1782   0020CA  EC33  F012         	call	___lwmod	;wreg free
  1783   0020CE  5004               	movf	?___lwmod^0,w,c
  1784   0020D0  0F30               	addlw	48
  1785   0020D2  6EDF               	movwf	indf2,c
  1786   0020D4                     
  1787                           ;/Applications/microchip/xc8/v3.10/pic/sources/c99/common/doprnt.c: 1528:       convarg.
      +                          uint /= 10;
  1788   0020D4  C010  F004         	movff	vfpfcnvrt@convarg,___lwdiv@dividend
  1789   0020D8  C011  F005         	movff	vfpfcnvrt@convarg+1,___lwdiv@dividend+1
  1790   0020DC  6A07               	clrf	(___lwdiv@divisor+1)^0,c
  1791   0020DE  0E0A               	movlw	10
  1792   0020E0  6E06               	movwf	___lwdiv@divisor^0,c
  1793   0020E2  ECC3  F011         	call	___lwdiv	;wreg free
  1794   0020E6  C004  F010         	movff	?___lwdiv,vfpfcnvrt@convarg
  1795   0020EA  C005  F011         	movff	?___lwdiv+1,vfpfcnvrt@convarg+1
  1796   0020EE                     
  1797                           ;/Applications/microchip/xc8/v3.10/pic/sources/c99/common/doprnt.c: 1532:      } while (
      +                          convarg.uint != 0 && c != 0);
  1798   0020EE  5010               	movf	vfpfcnvrt@convarg^0,w,c
  1799   0020F0  1011               	iorwf	(vfpfcnvrt@convarg+1)^0,w,c
  1800   0020F2  B4D8               	btfsc	status,2,c
  1801   0020F4  EF7E  F010         	goto	u361
  1802   0020F8  EF80  F010         	goto	u360
  1803   0020FC                     u361:
  1804   0020FC  EF98  F010         	goto	l1392
  1805   002100                     u360:
  1806   002100  5015               	movf	vfpfcnvrt@c^0,w,c
  1807   002102  A4D8               	btfss	status,2,c
  1808   002104  EF86  F010         	goto	u371
  1809   002108  EF88  F010         	goto	u370
  1810   00210C                     u371:
  1811   00210C  EF59  F010         	goto	l1380
  1812   002110                     u370:
  1813   002110  EF98  F010         	goto	l1392
  1814   002114                     l1388:
  1815                           
  1816                           ;/Applications/microchip/xc8/v3.10/pic/sources/c99/common/doprnt.c: 1534:       fputc(db
      +                          uf[c++], fp);
  1817   002114  5015               	movf	vfpfcnvrt@c^0,w,c
  1818   002116  0F60               	addlw	low _dbuf
  1819   002118  6ED9               	movwf	fsr2l,c
  1820   00211A  6ADA               	clrf	fsr2h,c
  1821   00211C  50DF               	movf	indf2,w,c
  1822   00211E  6E0F               	movwf	??_vfpfcnvrt^0,c
  1823   002120  500F               	movf	??_vfpfcnvrt^0,w,c
  1824   002122  6E04               	movwf	fputc@c^0,c
  1825   002124  6A05               	clrf	(fputc@c+1)^0,c
  1826   002126  C00C  F006         	movff	vfpfcnvrt@fp,fputc@fp
  1827   00212A  EC28  F011         	call	_fputc	;wreg free
  1828   00212E  2A15               	incf	vfpfcnvrt@c^0,f,c
  1829   002130                     l1392:
  1830                           
  1831                           ;/Applications/microchip/xc8/v3.10/pic/sources/c99/common/doprnt.c: 1533:      while (c 
      +                          != sizeof(dbuf)) {
  1832   002130  0E20               	movlw	32
  1833   002132  1815               	xorwf	vfpfcnvrt@c^0,w,c
  1834   002134  A4D8               	btfss	status,2,c
  1835   002136  EF9F  F010         	goto	u381
  1836   00213A  EFA1  F010         	goto	u380
  1837   00213E                     u381:
  1838   00213E  EF8A  F010         	goto	l1388
  1839   002142                     u380:
  1840   002142  EFCC  F010         	goto	l982
  1841   002146                     l1396:
  1842   002146  0060  F053  FFF6   	movff	vfpfcnvrt@cp,tblptrl
  1843   00214C                     	if	1	;There is more than 1 active tblptr byte
  1844   00214C  0E20               	movlw	high __smallconst
  1845   00214E  6EF7               	movwf	tblptrh,c
  1846   002150                     	endif
  1847   002150                     	if	0	;tblptru may be non-zero
  1848   002150                     	endif
  1849   002150                     	if	1	;Program memory is > 0xFFFF, there are 3 active tblptr bytes
  1850   002150  0E00               	movlw	low (__smallconst shr (0+16))
  1851   002152  6EF8               	movwf	tblptru,c
  1852   002154                     	endif
  1853   002154  0008               	tblrd		*
  1854   002156  50F5               	movf	tablat,w,c
  1855                           
  1856                           ; Switch size 1, requested type "simple"
  1857                           ; Number of cases is 1, Range of values is 117 to 117
  1858                           ; switch strategies available:
  1859                           ; Name         Instructions Cycles
  1860                           ; simple_byte            4     3 (average)
  1861                           ;	Chosen strategy is simple_byte
  1862   002158  0A75               	xorlw	117	; case 117
  1863   00215A  B4D8               	btfsc	status,2,c
  1864   00215C  EF57  F010         	goto	l1378
  1865   002160  EFB2  F010         	goto	l1398
  1866   002164                     l1398:
  1867                           
  1868                           ;/Applications/microchip/xc8/v3.10/pic/sources/c99/common/doprnt.c: 1806:         ++*fmt
      +                          ;
  1869   002164  500D               	movf	vfpfcnvrt@fmt^0,w,c
  1870   002166  6ED9               	movwf	fsr2l,c
  1871   002168  6ADA               	clrf	fsr2h,c
  1872   00216A  2ADF               	incf	indf2,f,c
  1873   00216C  EFCC  F010         	goto	l982
  1874   002170                     l1402:
  1875                           
  1876                           ;/Applications/microchip/xc8/v3.10/pic/sources/c99/common/doprnt.c: 1811:     fputc((int
      +                          )(*fmt)[0], fp);
  1877   002170  500D               	movf	vfpfcnvrt@fmt^0,w,c
  1878   002172  6ED9               	movwf	fsr2l,c
  1879   002174  6ADA               	clrf	fsr2h,c
  1880   002176  006F FF7F FFF6     	movff	indf2,tblptrl
  1881   00217C                     	if	1	;There is more than 1 active tblptr byte
  1882   00217C  0E20               	movlw	high __smallconst
  1883   00217E  6EF7               	movwf	tblptrh,c
  1884   002180                     	endif
  1885   002180                     	if	0	;tblptru may be non-zero
  1886   002180                     	endif
  1887   002180                     	if	1	;Program memory is > 0xFFFF, there are 3 active tblptr bytes
  1888   002180  0E00               	movlw	low (__smallconst shr (0+16))
  1889   002182  6EF8               	movwf	tblptru,c
  1890   002184                     	endif
  1891   002184  0008               	tblrd		*
  1892   002186  50F5               	movf	tablat,w,c
  1893   002188  6E04               	movwf	fputc@c^0,c
  1894   00218A  6A05               	clrf	(fputc@c+1)^0,c
  1895   00218C  C00C  F006         	movff	vfpfcnvrt@fp,fputc@fp
  1896   002190  EC28  F011         	call	_fputc	;wreg free
  1897   002194  EFB2  F010         	goto	l1398
  1898   002198                     l982:
  1899   002198  0012               	return		;funcret
  1900   00219A                     __end_of_vfpfcnvrt:
  1901                           	callstack 0
  1902                           
  1903 ;; *************** function _fputc *****************
  1904 ;; Defined at:
  1905 ;;		line 8 in file "/Applications/microchip/xc8/v3.10/pic/sources/c99/common/nf_fputc.c"
  1906 ;; Parameters:    Size  Location     Type
  1907 ;;  c               2    3[COMRAM] int 
  1908 ;;  fp              1    5[COMRAM] PTR struct _IO_FILE
  1909 ;;		 -> sprintf@f(11), 
  1910 ;; Auto vars:     Size  Location     Type
  1911 ;;		None
  1912 ;; Return value:  Size  Location     Type
  1913 ;;                  2    3[COMRAM] int 
  1914 ;; Registers used:
  1915 ;;		wreg, fsr1l, fsr1h, fsr2l, fsr2h, status,2, status,0, cstack
  1916 ;; Tracked objects:
  1917 ;;		On entry : 0/0
  1918 ;;		On exit  : 0/0
  1919 ;;		Unchanged: 0/0
  1920 ;; Data sizes:     COMRAM   BANK0   BANK1   BANK2   BANK3   BANK4   BANK5   BANK6   BANK7   BANK8   BANK9  BANK10  BANK1
      +1  BANK12  BANK13  BANK14  BANK15  BANK16  BANK17  BANK18  BANK19  BANK20  BANK21  BANK22  BANK23  BANK24  BANK25  BANK2
      +6  BANK27  BANK28  BANK29  BANK30  BANK31
  1921 ;;      Params:         3       0       0       0       0       0       0       0       0       0       0       0       
      +0       0       0       0       0       0       0       0       0       0       0       0       0       0       0       
      +0       0       0       0       0       0
  1922 ;;      Locals:         0       0       0       0       0       0       0       0       0       0       0       0       
      +0       0       0       0       0       0       0       0       0       0       0       0       0       0       0       
      +0       0       0       0       0       0
  1923 ;;      Temps:          5       0       0       0       0       0       0       0       0       0       0       0       
      +0       0       0       0       0       0       0       0       0       0       0       0       0       0       0       
      +0       0       0       0       0       0
  1924 ;;      Totals:         8       0       0       0       0       0       0       0       0       0       0       0       
      +0       0       0       0       0       0       0       0       0       0       0       0       0       0       0       
      +0       0       0       0       0       0
  1925 ;;Total ram usage:        8 bytes
  1926 ;; Hardware stack levels used: 1
  1927 ;; Hardware stack levels required when called: 2
  1928 ;; This function calls:
  1929 ;;		_putch
  1930 ;; This function is called by:
  1931 ;;		_vfpfcnvrt
  1932 ;; This function uses a non-reentrant model
  1933 ;;
  1934                           
  1935                           	psect	text5
  1936   002250                     __ptext5:
  1937                           	callstack 0
  1938   002250                     _fputc:
  1939                           	callstack 24
  1940   002250  5006               	movf	fputc@fp^0,w,c
  1941   002252  B4D8               	btfsc	status,2,c
  1942   002254  EF2E  F011         	goto	u301
  1943   002258  EF30  F011         	goto	u300
  1944   00225C                     u301:
  1945   00225C  EF38  F011         	goto	l1352
  1946   002260                     u300:
  1947   002260  5006               	movf	fputc@fp^0,w,c
  1948   002262  A4D8               	btfss	status,2,c
  1949   002264  EF36  F011         	goto	u311
  1950   002268  EF38  F011         	goto	u310
  1951   00226C                     u311:
  1952   00226C  EF3D  F011         	goto	l1354
  1953   002270                     u310:
  1954   002270                     l1352:
  1955   002270  5004               	movf	fputc@c^0,w,c
  1956   002272  ECAD  F013         	call	_putch
  1957   002276  EF7D  F011         	goto	l1001
  1958   00227A                     l1354:
  1959   00227A  5006               	movf	fputc@fp^0,w,c
  1960   00227C  6ED9               	movwf	fsr2l,c
  1961   00227E  6ADA               	clrf	fsr2h,c
  1962   002280  0E09               	movlw	9
  1963   002282  26D9               	addwf	fsr2l,f,c
  1964   002284  50DE               	movf	postinc2,w,c
  1965   002286  10DE               	iorwf	postinc2,w,c
  1966   002288  B4D8               	btfsc	status,2,c
  1967   00228A  EF49  F011         	goto	u321
  1968   00228E  EF4B  F011         	goto	u320
  1969   002292                     u321:
  1970   002292  EF64  F011         	goto	l1358
  1971   002296                     u320:
  1972   002296  5006               	movf	fputc@fp^0,w,c
  1973   002298  6ED9               	movwf	fsr2l,c
  1974   00229A  6ADA               	clrf	fsr2h,c
  1975   00229C  0E09               	movlw	9
  1976   00229E  26D9               	addwf	fsr2l,f,c
  1977   0022A0  5006               	movf	fputc@fp^0,w,c
  1978   0022A2  6EE1               	movwf	fsr1l,c
  1979   0022A4  6AE2               	clrf	fsr1h,c
  1980   0022A6  0E02               	movlw	2
  1981   0022A8  26E1               	addwf	fsr1l,f,c
  1982   0022AA  50DE               	movf	postinc2,w,c
  1983   0022AC  5CE6               	subwf	postinc1,w,c
  1984   0022AE  50E6               	movf	postinc1,w,c
  1985   0022B0  0A80               	xorlw	128
  1986   0022B2  6E0B               	movwf	(??_fputc+4)^0,c
  1987   0022B4  50DE               	movf	postinc2,w,c
  1988   0022B6  0A80               	xorlw	128
  1989   0022B8  580B               	subwfb	(??_fputc+4)^0,w,c
  1990   0022BA  B0D8               	btfsc	status,0,c
  1991   0022BC  EF62  F011         	goto	u331
  1992   0022C0  EF64  F011         	goto	u330
  1993   0022C4                     u331:
  1994   0022C4  EF7D  F011         	goto	l1001
  1995   0022C8                     u330:
  1996   0022C8                     l1358:
  1997   0022C8  5006               	movf	fputc@fp^0,w,c
  1998   0022CA  6ED9               	movwf	fsr2l,c
  1999   0022CC  6ADA               	clrf	fsr2h,c
  2000   0022CE  0E02               	movlw	2
  2001   0022D0  26D9               	addwf	fsr2l,f,c
  2002   0022D2  50DF               	movf	indf2,w,c
  2003   0022D4  6E07               	movwf	??_fputc^0,c
  2004   0022D6  5006               	movf	fputc@fp^0,w,c
  2005   0022D8  6ED9               	movwf	fsr2l,c
  2006   0022DA  6ADA               	clrf	fsr2h,c
  2007   0022DC  50DF               	movf	indf2,w,c
  2008   0022DE  2407               	addwf	??_fputc^0,w,c
  2009   0022E0  6ED9               	movwf	fsr2l,c
  2010   0022E2  6ADA               	clrf	fsr2h,c
  2011   0022E4  0060  F013  FFDF   	movff	fputc@c,indf2
  2012   0022EA  5006               	movf	fputc@fp^0,w,c
  2013   0022EC  6ED9               	movwf	fsr2l,c
  2014   0022EE  6ADA               	clrf	fsr2h,c
  2015   0022F0  0E02               	movlw	2
  2016   0022F2  26D9               	addwf	fsr2l,f,c
  2017   0022F4  2ADE               	incf	postinc2,f,c
  2018   0022F6  0E00               	movlw	0
  2019   0022F8  22DD               	addwfc	postdec2,f,c
  2020   0022FA                     l1001:
  2021   0022FA  0012               	return		;funcret
  2022   0022FC                     __end_of_fputc:
  2023                           	callstack 0
  2024                           
  2025 ;; *************** function _putch *****************
  2026 ;; Defined at:
  2027 ;;		line 7 in file "/Applications/microchip/xc8/v3.10/pic/sources/c99/common/putch.c"
  2028 ;; Parameters:    Size  Location     Type
  2029 ;;  c               1    wreg     unsigned char 
  2030 ;; Auto vars:     Size  Location     Type
  2031 ;;  c               1    0[COMRAM] unsigned char 
  2032 ;; Return value:  Size  Location     Type
  2033 ;;                  1    wreg      void 
  2034 ;; Registers used:
  2035 ;;		wreg
  2036 ;; Tracked objects:
  2037 ;;		On entry : 0/0
  2038 ;;		On exit  : 0/0
  2039 ;;		Unchanged: 0/0
  2040 ;; Data sizes:     COMRAM   BANK0   BANK1   BANK2   BANK3   BANK4   BANK5   BANK6   BANK7   BANK8   BANK9  BANK10  BANK1
      +1  BANK12  BANK13  BANK14  BANK15  BANK16  BANK17  BANK18  BANK19  BANK20  BANK21  BANK22  BANK23  BANK24  BANK25  BANK2
      +6  BANK27  BANK28  BANK29  BANK30  BANK31
  2041 ;;      Params:         0       0       0       0       0       0       0       0       0       0       0       0       
      +0       0       0       0       0       0       0       0       0       0       0       0       0       0       0       
      +0       0       0       0       0       0
  2042 ;;      Locals:         0       0       0       0       0       0       0       0       0       0       0       0       
      +0       0       0       0       0       0       0       0       0       0       0       0       0       0       0       
      +0       0       0       0       0       0
  2043 ;;      Temps:          0       0       0       0       0       0       0       0       0       0       0       0       
      +0       0       0       0       0       0       0       0       0       0       0       0       0       0       0       
      +0       0       0       0       0       0
  2044 ;;      Totals:         0       0       0       0       0       0       0       0       0       0       0       0       
      +0       0       0       0       0       0       0       0       0       0       0       0       0       0       0       
      +0       0       0       0       0       0
  2045 ;;Total ram usage:        0 bytes
  2046 ;; Hardware stack levels used: 1
  2047 ;; Hardware stack levels required when called: 1
  2048 ;; This function calls:
  2049 ;;		Nothing
  2050 ;; This function is called by:
  2051 ;;		_fputc
  2052 ;; This function uses a non-reentrant model
  2053 ;;
  2054                           
  2055                           	psect	text6
  2056   00275A                     __ptext6:
  2057                           	callstack 0
  2058   00275A                     _putch:
  2059                           	callstack 24
  2060   00275A  0012               	return		;funcret
  2061   00275C                     __end_of_putch:
  2062                           	callstack 0
  2063                           
  2064 ;; *************** function ___lwmod *****************
  2065 ;; Defined at:
  2066 ;;		line 7 in file "/Applications/microchip/xc8/v3.10/pic/sources/c99/common/lwmod.c"
  2067 ;; Parameters:    Size  Location     Type
  2068 ;;  dividend        2    3[COMRAM] unsigned int 
  2069 ;;  divisor         2    5[COMRAM] unsigned int 
  2070 ;; Auto vars:     Size  Location     Type
  2071 ;;  counter         1    7[COMRAM] unsigned char 
  2072 ;; Return value:  Size  Location     Type
  2073 ;;                  2    3[COMRAM] unsigned int 
  2074 ;; Registers used:
  2075 ;;		wreg, status,2, status,0
  2076 ;; Tracked objects:
  2077 ;;		On entry : 0/0
  2078 ;;		On exit  : 0/0
  2079 ;;		Unchanged: 0/0
  2080 ;; Data sizes:     COMRAM   BANK0   BANK1   BANK2   BANK3   BANK4   BANK5   BANK6   BANK7   BANK8   BANK9  BANK10  BANK1
      +1  BANK12  BANK13  BANK14  BANK15  BANK16  BANK17  BANK18  BANK19  BANK20  BANK21  BANK22  BANK23  BANK24  BANK25  BANK2
      +6  BANK27  BANK28  BANK29  BANK30  BANK31
  2081 ;;      Params:         4       0       0       0       0       0       0       0       0       0       0       0       
      +0       0       0       0       0       0       0       0       0       0       0       0       0       0       0       
      +0       0       0       0       0       0
  2082 ;;      Locals:         1       0       0       0       0       0       0       0       0       0       0       0       
      +0       0       0       0       0       0       0       0       0       0       0       0       0       0       0       
      +0       0       0       0       0       0
  2083 ;;      Temps:          0       0       0       0       0       0       0       0       0       0       0       0       
      +0       0       0       0       0       0       0       0       0       0       0       0       0       0       0       
      +0       0       0       0       0       0
  2084 ;;      Totals:         5       0       0       0       0       0       0       0       0       0       0       0       
      +0       0       0       0       0       0       0       0       0       0       0       0       0       0       0       
      +0       0       0       0       0       0
  2085 ;;Total ram usage:        5 bytes
  2086 ;; Hardware stack levels used: 1
  2087 ;; Hardware stack levels required when called: 1
  2088 ;; This function calls:
  2089 ;;		Nothing
  2090 ;; This function is called by:
  2091 ;;		_vfpfcnvrt
  2092 ;; This function uses a non-reentrant model
  2093 ;;
  2094                           
  2095                           	psect	text7
  2096   002466                     __ptext7:
  2097                           	callstack 0
  2098   002466                     ___lwmod:
  2099                           	callstack 25
  2100   002466  5006               	movf	___lwmod@divisor^0,w,c
  2101   002468  1007               	iorwf	(___lwmod@divisor+1)^0,w,c
  2102   00246A  B4D8               	btfsc	status,2,c
  2103   00246C  EF3A  F012         	goto	u271
  2104   002470  EF3C  F012         	goto	u270
  2105   002474                     u271:
  2106   002474  EF60  F012         	goto	l761
  2107   002478                     u270:
  2108   002478  0E01               	movlw	1
  2109   00247A  6E08               	movwf	___lwmod@counter^0,c
  2110   00247C  EF44  F012         	goto	l1338
  2111   002480                     l1336:
  2112   002480  90D8               	bcf	status,0,c
  2113   002482  3606               	rlcf	___lwmod@divisor^0,f,c
  2114   002484  3607               	rlcf	(___lwmod@divisor+1)^0,f,c
  2115   002486  2A08               	incf	___lwmod@counter^0,f,c
  2116   002488                     l1338:
  2117   002488  AE07               	btfss	(___lwmod@divisor+1)^0,7,c
  2118   00248A  EF49  F012         	goto	u281
  2119   00248E  EF4B  F012         	goto	u280
  2120   002492                     u281:
  2121   002492  EF40  F012         	goto	l1336
  2122   002496                     u280:
  2123   002496                     l1340:
  2124   002496  5006               	movf	___lwmod@divisor^0,w,c
  2125   002498  5C04               	subwf	___lwmod@dividend^0,w,c
  2126   00249A  5007               	movf	(___lwmod@divisor+1)^0,w,c
  2127   00249C  5805               	subwfb	(___lwmod@dividend+1)^0,w,c
  2128   00249E  A0D8               	btfss	status,0,c
  2129   0024A0  EF54  F012         	goto	u291
  2130   0024A4  EF56  F012         	goto	u290
  2131   0024A8                     u291:
  2132   0024A8  EF5A  F012         	goto	l1344
  2133   0024AC                     u290:
  2134   0024AC  5006               	movf	___lwmod@divisor^0,w,c
  2135   0024AE  5E04               	subwf	___lwmod@dividend^0,f,c
  2136   0024B0  5007               	movf	(___lwmod@divisor+1)^0,w,c
  2137   0024B2  5A05               	subwfb	(___lwmod@dividend+1)^0,f,c
  2138   0024B4                     l1344:
  2139   0024B4  90D8               	bcf	status,0,c
  2140   0024B6  3207               	rrcf	(___lwmod@divisor+1)^0,f,c
  2141   0024B8  3206               	rrcf	___lwmod@divisor^0,f,c
  2142   0024BA  2E08               	decfsz	___lwmod@counter^0,f,c
  2143   0024BC  EF4B  F012         	goto	l1340
  2144   0024C0                     l761:
  2145   0024C0  C004  F004         	movff	___lwmod@dividend,?___lwmod
  2146   0024C4  C005  F005         	movff	___lwmod@dividend+1,?___lwmod+1
  2147   0024C8  0012               	return		;funcret
  2148   0024CA                     __end_of___lwmod:
  2149                           	callstack 0
  2150                           
  2151 ;; *************** function ___lwdiv *****************
  2152 ;; Defined at:
  2153 ;;		line 7 in file "/Applications/microchip/xc8/v3.10/pic/sources/c99/common/lwdiv.c"
  2154 ;; Parameters:    Size  Location     Type
  2155 ;;  dividend        2    3[COMRAM] unsigned int 
  2156 ;;  divisor         2    5[COMRAM] unsigned int 
  2157 ;; Auto vars:     Size  Location     Type
  2158 ;;  quotient        2    7[COMRAM] unsigned int 
  2159 ;;  counter         1    9[COMRAM] unsigned char 
  2160 ;; Return value:  Size  Location     Type
  2161 ;;                  2    3[COMRAM] unsigned int 
  2162 ;; Registers used:
  2163 ;;		wreg, status,2, status,0
  2164 ;; Tracked objects:
  2165 ;;		On entry : 0/0
  2166 ;;		On exit  : 0/0
  2167 ;;		Unchanged: 0/0
  2168 ;; Data sizes:     COMRAM   BANK0   BANK1   BANK2   BANK3   BANK4   BANK5   BANK6   BANK7   BANK8   BANK9  BANK10  BANK1
      +1  BANK12  BANK13  BANK14  BANK15  BANK16  BANK17  BANK18  BANK19  BANK20  BANK21  BANK22  BANK23  BANK24  BANK25  BANK2
      +6  BANK27  BANK28  BANK29  BANK30  BANK31
  2169 ;;      Params:         4       0       0       0       0       0       0       0       0       0       0       0       
      +0       0       0       0       0       0       0       0       0       0       0       0       0       0       0       
      +0       0       0       0       0       0
  2170 ;;      Locals:         3       0       0       0       0       0       0       0       0       0       0       0       
      +0       0       0       0       0       0       0       0       0       0       0       0       0       0       0       
      +0       0       0       0       0       0
  2171 ;;      Temps:          0       0       0       0       0       0       0       0       0       0       0       0       
      +0       0       0       0       0       0       0       0       0       0       0       0       0       0       0       
      +0       0       0       0       0       0
  2172 ;;      Totals:         7       0       0       0       0       0       0       0       0       0       0       0       
      +0       0       0       0       0       0       0       0       0       0       0       0       0       0       0       
      +0       0       0       0       0       0
  2173 ;;Total ram usage:        7 bytes
  2174 ;; Hardware stack levels used: 1
  2175 ;; Hardware stack levels required when called: 1
  2176 ;; This function calls:
  2177 ;;		Nothing
  2178 ;; This function is called by:
  2179 ;;		_vfpfcnvrt
  2180 ;; This function uses a non-reentrant model
  2181 ;;
  2182                           
  2183                           	psect	text8
  2184   002386                     __ptext8:
  2185                           	callstack 0
  2186   002386                     ___lwdiv:
  2187                           	callstack 25
  2188   002386  6A09               	clrf	(___lwdiv@quotient+1)^0,c
  2189   002388  0E00               	movlw	0
  2190   00238A  6E08               	movwf	___lwdiv@quotient^0,c
  2191   00238C  5006               	movf	___lwdiv@divisor^0,w,c
  2192   00238E  1007               	iorwf	(___lwdiv@divisor+1)^0,w,c
  2193   002390  B4D8               	btfsc	status,2,c
  2194   002392  EFCD  F011         	goto	u241
  2195   002396  EFCF  F011         	goto	u240
  2196   00239A                     u241:
  2197   00239A  EFF7  F011         	goto	l751
  2198   00239E                     u240:
  2199   00239E  0E01               	movlw	1
  2200   0023A0  6E0A               	movwf	___lwdiv@counter^0,c
  2201   0023A2  EFD7  F011         	goto	l1318
  2202   0023A6                     l1316:
  2203   0023A6  90D8               	bcf	status,0,c
  2204   0023A8  3606               	rlcf	___lwdiv@divisor^0,f,c
  2205   0023AA  3607               	rlcf	(___lwdiv@divisor+1)^0,f,c
  2206   0023AC  2A0A               	incf	___lwdiv@counter^0,f,c
  2207   0023AE                     l1318:
  2208   0023AE  AE07               	btfss	(___lwdiv@divisor+1)^0,7,c
  2209   0023B0  EFDC  F011         	goto	u251
  2210   0023B4  EFDE  F011         	goto	u250
  2211   0023B8                     u251:
  2212   0023B8  EFD3  F011         	goto	l1316
  2213   0023BC                     u250:
  2214   0023BC                     l1320:
  2215   0023BC  90D8               	bcf	status,0,c
  2216   0023BE  3608               	rlcf	___lwdiv@quotient^0,f,c
  2217   0023C0  3609               	rlcf	(___lwdiv@quotient+1)^0,f,c
  2218   0023C2  5006               	movf	___lwdiv@divisor^0,w,c
  2219   0023C4  5C04               	subwf	___lwdiv@dividend^0,w,c
  2220   0023C6  5007               	movf	(___lwdiv@divisor+1)^0,w,c
  2221   0023C8  5805               	subwfb	(___lwdiv@dividend+1)^0,w,c
  2222   0023CA  A0D8               	btfss	status,0,c
  2223   0023CC  EFEA  F011         	goto	u261
  2224   0023D0  EFEC  F011         	goto	u260
  2225   0023D4                     u261:
  2226   0023D4  EFF1  F011         	goto	l1328
  2227   0023D8                     u260:
  2228   0023D8  5006               	movf	___lwdiv@divisor^0,w,c
  2229   0023DA  5E04               	subwf	___lwdiv@dividend^0,f,c
  2230   0023DC  5007               	movf	(___lwdiv@divisor+1)^0,w,c
  2231   0023DE  5A05               	subwfb	(___lwdiv@dividend+1)^0,f,c
  2232   0023E0  8008               	bsf	___lwdiv@quotient^0,0,c
  2233   0023E2                     l1328:
  2234   0023E2  90D8               	bcf	status,0,c
  2235   0023E4  3207               	rrcf	(___lwdiv@divisor+1)^0,f,c
  2236   0023E6  3206               	rrcf	___lwdiv@divisor^0,f,c
  2237   0023E8  2E0A               	decfsz	___lwdiv@counter^0,f,c
  2238   0023EA  EFDE  F011         	goto	l1320
  2239   0023EE                     l751:
  2240   0023EE  C008  F004         	movff	___lwdiv@quotient,?___lwdiv
  2241   0023F2  C009  F005         	movff	___lwdiv@quotient+1,?___lwdiv+1
  2242   0023F6  0012               	return		;funcret
  2243   0023F8                     __end_of___lwdiv:
  2244                           	callstack 0
  2245                           
  2246 ;; *************** function _Step_Detection *****************
  2247 ;; Defined at:
  2248 ;;		line 215 in file "main.c"
  2249 ;; Parameters:    Size  Location     Type
  2250 ;;  x_val           2    7[COMRAM] unsigned int 
  2251 ;;  y_val           2    9[COMRAM] unsigned int 
  2252 ;; Auto vars:     Size  Location     Type
  2253 ;;  movement        2   13[COMRAM] unsigned int 
  2254 ;; Return value:  Size  Location     Type
  2255 ;;                  2    7[COMRAM] unsigned int 
  2256 ;; Registers used:
  2257 ;;		wreg, status,2, status,0, cstack
  2258 ;; Tracked objects:
  2259 ;;		On entry : 0/0
  2260 ;;		On exit  : 0/0
  2261 ;;		Unchanged: 0/0
  2262 ;; Data sizes:     COMRAM   BANK0   BANK1   BANK2   BANK3   BANK4   BANK5   BANK6   BANK7   BANK8   BANK9  BANK10  BANK1
      +1  BANK12  BANK13  BANK14  BANK15  BANK16  BANK17  BANK18  BANK19  BANK20  BANK21  BANK22  BANK23  BANK24  BANK25  BANK2
      +6  BANK27  BANK28  BANK29  BANK30  BANK31
  2263 ;;      Params:         4       0       0       0       0       0       0       0       0       0       0       0       
      +0       0       0       0       0       0       0       0       0       0       0       0       0       0       0       
      +0       0       0       0       0       0
  2264 ;;      Locals:         2       0       0       0       0       0       0       0       0       0       0       0       
      +0       0       0       0       0       0       0       0       0       0       0       0       0       0       0       
      +0       0       0       0       0       0
  2265 ;;      Temps:          2       0       0       0       0       0       0       0       0       0       0       0       
      +0       0       0       0       0       0       0       0       0       0       0       0       0       0       0       
      +0       0       0       0       0       0
  2266 ;;      Totals:         8       0       0       0       0       0       0       0       0       0       0       0       
      +0       0       0       0       0       0       0       0       0       0       0       0       0       0       0       
      +0       0       0       0       0       0
  2267 ;;Total ram usage:        8 bytes
  2268 ;; Hardware stack levels used: 1
  2269 ;; Hardware stack levels required when called: 2
  2270 ;; This function calls:
  2271 ;;		_abs
  2272 ;; This function is called by:
  2273 ;;		_LCD_Print_Status
  2274 ;; This function uses a non-reentrant model
  2275 ;;
  2276                           
  2277                           	psect	text9
  2278   00252A                     __ptext9:
  2279                           	callstack 0
  2280   00252A                     _Step_Detection:
  2281                           	callstack 27
  2282   00252A                     
  2283                           ;main.c: 215: unsigned int Step_Detection(unsigned int x_val,;main.c: 216:              
      +                                         unsigned int y_val);main.c: 217: {;main.c: 218:     static unsigned int p
      +                          rev_x = 0;;main.c: 219:     static unsigned int prev_y = 0;;main.c: 221:     unsigned in
      +                          t movement;;main.c: 223:     movement = abs((int)x_val - (int)prev_x)
  2284   00252A  503F               	movf	Step_Detection@prev_x^0,w,c
  2285   00252C  5C08               	subwf	Step_Detection@x_val^0,w,c
  2286   00252E  6E04               	movwf	abs@a^0,c
  2287   002530  5040               	movf	(Step_Detection@prev_x+1)^0,w,c
  2288   002532  5809               	subwfb	(Step_Detection@x_val+1)^0,w,c
  2289   002534  6E05               	movwf	(abs@a+1)^0,c
  2290   002536  ECFC  F012         	call	_abs	;wreg free
  2291   00253A  C004  F00C         	movff	?_abs,??_Step_Detection
  2292   00253E  C005  F00D         	movff	?_abs+1,??_Step_Detection+1
  2293   002542  503D               	movf	Step_Detection@prev_y^0,w,c
  2294   002544  5C0A               	subwf	Step_Detection@y_val^0,w,c
  2295   002546  6E04               	movwf	abs@a^0,c
  2296   002548  503E               	movf	(Step_Detection@prev_y+1)^0,w,c
  2297   00254A  580B               	subwfb	(Step_Detection@y_val+1)^0,w,c
  2298   00254C  6E05               	movwf	(abs@a+1)^0,c
  2299   00254E  ECFC  F012         	call	_abs	;wreg free
  2300   002552  5004               	movf	?_abs^0,w,c
  2301   002554  240C               	addwf	??_Step_Detection^0,w,c
  2302   002556  6E0E               	movwf	Step_Detection@movement^0,c
  2303   002558  5005               	movf	(?_abs+1)^0,w,c
  2304   00255A  200D               	addwfc	(??_Step_Detection+1)^0,w,c
  2305   00255C  6E0F               	movwf	(Step_Detection@movement+1)^0,c
  2306   00255E                     
  2307                           ;main.c: 226:     prev_x = x_val;
  2308   00255E  C008  F03F         	movff	Step_Detection@x_val,Step_Detection@prev_x
  2309   002562  C009  F040         	movff	Step_Detection@x_val+1,Step_Detection@prev_x+1
  2310   002566                     
  2311                           ;main.c: 227:     prev_y = y_val;
  2312   002566  C00A  F03D         	movff	Step_Detection@y_val,Step_Detection@prev_y
  2313   00256A  C00B  F03E         	movff	Step_Detection@y_val+1,Step_Detection@prev_y+1
  2314   00256E                     
  2315                           ;main.c: 229:     return movement;
  2316   00256E  C00E  F008         	movff	Step_Detection@movement,?_Step_Detection
  2317   002572  C00F  F009         	movff	Step_Detection@movement+1,?_Step_Detection+1
  2318   002576  0012               	return		;funcret
  2319   002578                     __end_of_Step_Detection:
  2320                           	callstack 0
  2321                           
  2322 ;; *************** function _abs *****************
  2323 ;; Defined at:
  2324 ;;		line 1 in file "/Applications/microchip/xc8/v3.10/pic/sources/c99/common/abs.c"
  2325 ;; Parameters:    Size  Location     Type
  2326 ;;  a               2    3[COMRAM] int 
  2327 ;; Auto vars:     Size  Location     Type
  2328 ;;		None
  2329 ;; Return value:  Size  Location     Type
  2330 ;;                  2    3[COMRAM] int 
  2331 ;; Registers used:
  2332 ;;		wreg, status,2, status,0
  2333 ;; Tracked objects:
  2334 ;;		On entry : 0/0
  2335 ;;		On exit  : 0/0
  2336 ;;		Unchanged: 0/0
  2337 ;; Data sizes:     COMRAM   BANK0   BANK1   BANK2   BANK3   BANK4   BANK5   BANK6   BANK7   BANK8   BANK9  BANK10  BANK1
      +1  BANK12  BANK13  BANK14  BANK15  BANK16  BANK17  BANK18  BANK19  BANK20  BANK21  BANK22  BANK23  BANK24  BANK25  BANK2
      +6  BANK27  BANK28  BANK29  BANK30  BANK31
  2338 ;;      Params:         2       0       0       0       0       0       0       0       0       0       0       0       
      +0       0       0       0       0       0       0       0       0       0       0       0       0       0       0       
      +0       0       0       0       0       0
  2339 ;;      Locals:         0       0       0       0       0       0       0       0       0       0       0       0       
      +0       0       0       0       0       0       0       0       0       0       0       0       0       0       0       
      +0       0       0       0       0       0
  2340 ;;      Temps:          2       0       0       0       0       0       0       0       0       0       0       0       
      +0       0       0       0       0       0       0       0       0       0       0       0       0       0       0       
      +0       0       0       0       0       0
  2341 ;;      Totals:         4       0       0       0       0       0       0       0       0       0       0       0       
      +0       0       0       0       0       0       0       0       0       0       0       0       0       0       0       
      +0       0       0       0       0       0
  2342 ;;Total ram usage:        4 bytes
  2343 ;; Hardware stack levels used: 1
  2344 ;; Hardware stack levels required when called: 1
  2345 ;; This function calls:
  2346 ;;		Nothing
  2347 ;; This function is called by:
  2348 ;;		_Step_Detection
  2349 ;; This function uses a non-reentrant model
  2350 ;;
  2351                           
  2352                           	psect	text10
  2353   0025F8                     __ptext10:
  2354                           	callstack 0
  2355   0025F8                     _abs:
  2356                           	callstack 27
  2357   0025F8  BE05               	btfsc	(abs@a+1)^0,7,c
  2358   0025FA  EF01  F013         	goto	u391
  2359   0025FE  EF03  F013         	goto	u390
  2360   002602                     u391:
  2361   002602  EF09  F013         	goto	l935
  2362   002606                     u390:
  2363   002606  C004  F004         	movff	abs@a,?_abs
  2364   00260A  C005  F005         	movff	abs@a+1,?_abs+1
  2365   00260E  EF15  F013         	goto	l938
  2366   002612                     l935:
  2367   002612  C004  F006         	movff	abs@a,??_abs
  2368   002616  C005  F007         	movff	abs@a+1,??_abs+1
  2369   00261A  1E06               	comf	??_abs^0,f,c
  2370   00261C  1E07               	comf	(??_abs+1)^0,f,c
  2371   00261E  4A06               	infsnz	??_abs^0,f,c
  2372   002620  2A07               	incf	(??_abs+1)^0,f,c
  2373   002622  C006  F004         	movff	??_abs,?_abs
  2374   002626  C007  F005         	movff	??_abs+1,?_abs+1
  2375   00262A                     l938:
  2376   00262A  0012               	return		;funcret
  2377   00262C                     __end_of_abs:
  2378                           	callstack 0
  2379                           
  2380 ;; *************** function _LCD_String_xy *****************
  2381 ;; Defined at:
  2382 ;;		line 327 in file "main.c"
  2383 ;; Parameters:    Size  Location     Type
  2384 ;;  row             1    wreg     unsigned char 
  2385 ;;  pos             1    5[COMRAM] unsigned char 
  2386 ;;  msg             1    6[COMRAM] PTR const unsigned char 
  2387 ;;		 -> lcd_buffer(16), 
  2388 ;; Auto vars:     Size  Location     Type
  2389 ;;  row             1    7[COMRAM] unsigned char 
  2390 ;;  location        1    8[COMRAM] unsigned char 
  2391 ;; Return value:  Size  Location     Type
  2392 ;;                  1    wreg      void 
  2393 ;; Registers used:
  2394 ;;		wreg, fsr2l, fsr2h, status,2, status,0, cstack
  2395 ;; Tracked objects:
  2396 ;;		On entry : 0/0
  2397 ;;		On exit  : 0/0
  2398 ;;		Unchanged: 0/0
  2399 ;; Data sizes:     COMRAM   BANK0   BANK1   BANK2   BANK3   BANK4   BANK5   BANK6   BANK7   BANK8   BANK9  BANK10  BANK1
      +1  BANK12  BANK13  BANK14  BANK15  BANK16  BANK17  BANK18  BANK19  BANK20  BANK21  BANK22  BANK23  BANK24  BANK25  BANK2
      +6  BANK27  BANK28  BANK29  BANK30  BANK31
  2400 ;;      Params:         2       0       0       0       0       0       0       0       0       0       0       0       
      +0       0       0       0       0       0       0       0       0       0       0       0       0       0       0       
      +0       0       0       0       0       0
  2401 ;;      Locals:         2       0       0       0       0       0       0       0       0       0       0       0       
      +0       0       0       0       0       0       0       0       0       0       0       0       0       0       0       
      +0       0       0       0       0       0
  2402 ;;      Temps:          0       0       0       0       0       0       0       0       0       0       0       0       
      +0       0       0       0       0       0       0       0       0       0       0       0       0       0       0       
      +0       0       0       0       0       0
  2403 ;;      Totals:         4       0       0       0       0       0       0       0       0       0       0       0       
      +0       0       0       0       0       0       0       0       0       0       0       0       0       0       0       
      +0       0       0       0       0       0
  2404 ;;Total ram usage:        4 bytes
  2405 ;; Hardware stack levels used: 1
  2406 ;; Hardware stack levels required when called: 3
  2407 ;; This function calls:
  2408 ;;		_LCD_Command
  2409 ;;		_LCD_String
  2410 ;; This function is called by:
  2411 ;;		_LCD_Print_Status
  2412 ;; This function uses a non-reentrant model
  2413 ;;
  2414                           
  2415                           	psect	text11
  2416   00262C                     __ptext11:
  2417                           	callstack 0
  2418   00262C                     _LCD_String_xy:
  2419                           	callstack 26
  2420                           
  2421                           ;incstack = 0
  2422                           ;LCD_String_xy@row stored from wreg
  2423   00262C  6E08               	movwf	LCD_String_xy@row^0,c
  2424   00262E                     
  2425                           ;main.c: 327: void LCD_String_xy(unsigned char row,;main.c: 328:                    unsi
      +                          gned char pos,;main.c: 329:                    const char *msg);main.c: 330: {;main.c: 3
      +                          31:     unsigned char location;;main.c: 333:     if(row == 1)
  2426   00262E  0408               	decf	LCD_String_xy@row^0,w,c
  2427   002630  A4D8               	btfss	status,2,c
  2428   002632  EF1D  F013         	goto	u421
  2429   002636  EF1F  F013         	goto	u420
  2430   00263A                     u421:
  2431   00263A  EF24  F013         	goto	l1456
  2432   00263E                     u420:
  2433   00263E                     
  2434                           ;main.c: 334:     {;main.c: 335:         location = 0x80 + pos;
  2435   00263E  5006               	movf	LCD_String_xy@pos^0,w,c
  2436   002640  0F80               	addlw	128
  2437   002642  6E09               	movwf	LCD_String_xy@location^0,c
  2438                           
  2439                           ;main.c: 336:     }
  2440   002644  EF27  F013         	goto	l1458
  2441   002648                     l1456:
  2442                           
  2443                           ;main.c: 338:     {;main.c: 339:         location = 0xC0 + pos;
  2444   002648  5006               	movf	LCD_String_xy@pos^0,w,c
  2445   00264A  0FC0               	addlw	192
  2446   00264C  6E09               	movwf	LCD_String_xy@location^0,c
  2447   00264E                     l1458:
  2448                           
  2449                           ;main.c: 342:     LCD_Command(location);
  2450   00264E  5009               	movf	LCD_String_xy@location^0,w,c
  2451   002650  EC88  F013         	call	_LCD_Command
  2452   002654                     
  2453                           ;main.c: 343:     LCD_String(msg);
  2454   002654  C007  F005         	movff	LCD_String_xy@msg,LCD_String@msg
  2455   002658  EC5F  F013         	call	_LCD_String	;wreg free
  2456   00265C  0012               	return		;funcret
  2457   00265E                     __end_of_LCD_String_xy:
  2458                           	callstack 0
  2459                           
  2460 ;; *************** function _LCD_String *****************
  2461 ;; Defined at:
  2462 ;;		line 318 in file "main.c"
  2463 ;; Parameters:    Size  Location     Type
  2464 ;;  msg             1    4[COMRAM] PTR const unsigned char 
  2465 ;;		 -> lcd_buffer(16), 
  2466 ;; Auto vars:     Size  Location     Type
  2467 ;;		None
  2468 ;; Return value:  Size  Location     Type
  2469 ;;                  1    wreg      void 
  2470 ;; Registers used:
  2471 ;;		wreg, fsr2l, fsr2h, status,2, status,0, cstack
  2472 ;; Tracked objects:
  2473 ;;		On entry : 0/0
  2474 ;;		On exit  : 0/0
  2475 ;;		Unchanged: 0/0
  2476 ;; Data sizes:     COMRAM   BANK0   BANK1   BANK2   BANK3   BANK4   BANK5   BANK6   BANK7   BANK8   BANK9  BANK10  BANK1
      +1  BANK12  BANK13  BANK14  BANK15  BANK16  BANK17  BANK18  BANK19  BANK20  BANK21  BANK22  BANK23  BANK24  BANK25  BANK2
      +6  BANK27  BANK28  BANK29  BANK30  BANK31
  2477 ;;      Params:         1       0       0       0       0       0       0       0       0       0       0       0       
      +0       0       0       0       0       0       0       0       0       0       0       0       0       0       0       
      +0       0       0       0       0       0
  2478 ;;      Locals:         0       0       0       0       0       0       0       0       0       0       0       0       
      +0       0       0       0       0       0       0       0       0       0       0       0       0       0       0       
      +0       0       0       0       0       0
  2479 ;;      Temps:          0       0       0       0       0       0       0       0       0       0       0       0       
      +0       0       0       0       0       0       0       0       0       0       0       0       0       0       0       
      +0       0       0       0       0       0
  2480 ;;      Totals:         1       0       0       0       0       0       0       0       0       0       0       0       
      +0       0       0       0       0       0       0       0       0       0       0       0       0       0       0       
      +0       0       0       0       0       0
  2481 ;;Total ram usage:        1 bytes
  2482 ;; Hardware stack levels used: 1
  2483 ;; Hardware stack levels required when called: 2
  2484 ;; This function calls:
  2485 ;;		_LCD_Char
  2486 ;; This function is called by:
  2487 ;;		_LCD_String_xy
  2488 ;; This function uses a non-reentrant model
  2489 ;;
  2490                           
  2491                           	psect	text12
  2492   0026BE                     __ptext12:
  2493                           	callstack 0
  2494   0026BE                     _LCD_String:
  2495                           	callstack 26
  2496   0026BE                     
  2497                           ;main.c: 318: void LCD_String(const char *msg);main.c: 319: {;main.c: 320:     while(*ms
      +                          g != '\0')
  2498   0026BE  EF68  F013         	goto	l1418
  2499   0026C2                     l1414:
  2500                           
  2501                           ;main.c: 321:     {;main.c: 322:         LCD_Char(*msg);
  2502   0026C2  5005               	movf	LCD_String@msg^0,w,c
  2503   0026C4  6ED9               	movwf	fsr2l,c
  2504   0026C6  6ADA               	clrf	fsr2h,c
  2505   0026C8  50DF               	movf	indf2,w,c
  2506   0026CA  EC74  F013         	call	_LCD_Char
  2507   0026CE                     
  2508                           ;main.c: 323:         msg++;
  2509   0026CE  2A05               	incf	LCD_String@msg^0,f,c
  2510   0026D0                     l1418:
  2511                           
  2512                           ;main.c: 320:     while(*msg != '\0')
  2513   0026D0  5005               	movf	LCD_String@msg^0,w,c
  2514   0026D2  6ED9               	movwf	fsr2l,c
  2515   0026D4  6ADA               	clrf	fsr2h,c
  2516   0026D6  50DF               	movf	indf2,w,c
  2517   0026D8  A4D8               	btfss	status,2,c
  2518   0026DA  EF71  F013         	goto	u401
  2519   0026DE  EF73  F013         	goto	u400
  2520   0026E2                     u401:
  2521   0026E2  EF61  F013         	goto	l1414
  2522   0026E6                     u400:
  2523   0026E6  0012               	return		;funcret
  2524   0026E8                     __end_of_LCD_String:
  2525                           	callstack 0
  2526                           
  2527 ;; *************** function _LCD_Char *****************
  2528 ;; Defined at:
  2529 ;;		line 302 in file "main.c"
  2530 ;; Parameters:    Size  Location     Type
  2531 ;;  dat             1    wreg     unsigned char 
  2532 ;; Auto vars:     Size  Location     Type
  2533 ;;  dat             1    3[COMRAM] unsigned char 
  2534 ;; Return value:  Size  Location     Type
  2535 ;;                  1    wreg      void 
  2536 ;; Registers used:
  2537 ;;		wreg, status,2, cstack
  2538 ;; Tracked objects:
  2539 ;;		On entry : 0/0
  2540 ;;		On exit  : 0/0
  2541 ;;		Unchanged: 0/0
  2542 ;; Data sizes:     COMRAM   BANK0   BANK1   BANK2   BANK3   BANK4   BANK5   BANK6   BANK7   BANK8   BANK9  BANK10  BANK1
      +1  BANK12  BANK13  BANK14  BANK15  BANK16  BANK17  BANK18  BANK19  BANK20  BANK21  BANK22  BANK23  BANK24  BANK25  BANK2
      +6  BANK27  BANK28  BANK29  BANK30  BANK31
  2543 ;;      Params:         0       0       0       0       0       0       0       0       0       0       0       0       
      +0       0       0       0       0       0       0       0       0       0       0       0       0       0       0       
      +0       0       0       0       0       0
  2544 ;;      Locals:         1       0       0       0       0       0       0       0       0       0       0       0       
      +0       0       0       0       0       0       0       0       0       0       0       0       0       0       0       
      +0       0       0       0       0       0
  2545 ;;      Temps:          0       0       0       0       0       0       0       0       0       0       0       0       
      +0       0       0       0       0       0       0       0       0       0       0       0       0       0       0       
      +0       0       0       0       0       0
  2546 ;;      Totals:         1       0       0       0       0       0       0       0       0       0       0       0       
      +0       0       0       0       0       0       0       0       0       0       0       0       0       0       0       
      +0       0       0       0       0       0
  2547 ;;Total ram usage:        1 bytes
  2548 ;; Hardware stack levels used: 1
  2549 ;; Hardware stack levels required when called: 1
  2550 ;; This function calls:
  2551 ;;		Nothing
  2552 ;; This function is called by:
  2553 ;;		_LCD_String
  2554 ;; This function uses a non-reentrant model
  2555 ;;
  2556                           
  2557                           	psect	text13
  2558   0026E8                     __ptext13:
  2559                           	callstack 0
  2560   0026E8                     _LCD_Char:
  2561                           	callstack 26
  2562                           
  2563                           ;incstack = 0
  2564                           ;LCD_Char@dat stored from wreg
  2565   0026E8  6E04               	movwf	LCD_Char@dat^0,c
  2566   0026EA                     
  2567                           ;main.c: 302: void LCD_Char(unsigned char dat);main.c: 303: {;main.c: 304:     LATB = da
      +                          t;
  2568   0026EA  0060  F013  FFBB   	movff	LCD_Char@dat,16315	;volatile
  2569   0026F0                     
  2570                           ;main.c: 306:     LATDbits.LATD0 = 1;
  2571   0026F0  80BD               	bsf	189,0,c	;volatile
  2572   0026F2                     
  2573                           ;main.c: 308:     _delay((unsigned long)((1)*(1000000UL/4000.0)));
  2574   0026F2  0E53               	movlw	83
  2575   0026F4                     u467:
  2576   0026F4  2EE8               	decfsz	wreg,f,c
  2577   0026F6  D7FE               	bra	u467
  2578   0026F8  0000               	nop	
  2579   0026FA                     
  2580                           ;main.c: 310:     LATDbits.LATD1 = 1;
  2581   0026FA  82BD               	bsf	189,1,c	;volatile
  2582   0026FC                     
  2583                           ;main.c: 311:     _delay((unsigned long)((1)*(1000000UL/4000.0)));
  2584   0026FC  0E53               	movlw	83
  2585   0026FE                     u477:
  2586   0026FE  2EE8               	decfsz	wreg,f,c
  2587   002700  D7FE               	bra	u477
  2588   002702  0000               	nop	
  2589   002704                     
  2590                           ;main.c: 313:     LATDbits.LATD1 = 0;
  2591   002704  92BD               	bcf	189,1,c	;volatile
  2592   002706                     
  2593                           ;main.c: 315:     _delay((unsigned long)((2)*(1000000UL/4000.0)));
  2594   002706  0EA6               	movlw	166
  2595   002708                     u487:
  2596   002708  2EE8               	decfsz	wreg,f,c
  2597   00270A  D7FE               	bra	u487
  2598   00270C  D000               	nop2	
  2599   00270E  0012               	return		;funcret
  2600   002710                     __end_of_LCD_Char:
  2601                           	callstack 0
  2602                           
  2603 ;; *************** function _LCD_Init *****************
  2604 ;; Defined at:
  2605 ;;		line 245 in file "main.c"
  2606 ;; Parameters:    Size  Location     Type
  2607 ;;		None
  2608 ;; Auto vars:     Size  Location     Type
  2609 ;;		None
  2610 ;; Return value:  Size  Location     Type
  2611 ;;                  1    wreg      void 
  2612 ;; Registers used:
  2613 ;;		wreg, status,2, cstack
  2614 ;; Tracked objects:
  2615 ;;		On entry : 0/0
  2616 ;;		On exit  : 0/0
  2617 ;;		Unchanged: 0/0
  2618 ;; Data sizes:     COMRAM   BANK0   BANK1   BANK2   BANK3   BANK4   BANK5   BANK6   BANK7   BANK8   BANK9  BANK10  BANK1
      +1  BANK12  BANK13  BANK14  BANK15  BANK16  BANK17  BANK18  BANK19  BANK20  BANK21  BANK22  BANK23  BANK24  BANK25  BANK2
      +6  BANK27  BANK28  BANK29  BANK30  BANK31
  2619 ;;      Params:         0       0       0       0       0       0       0       0       0       0       0       0       
      +0       0       0       0       0       0       0       0       0       0       0       0       0       0       0       
      +0       0       0       0       0       0
  2620 ;;      Locals:         0       0       0       0       0       0       0       0       0       0       0       0       
      +0       0       0       0       0       0       0       0       0       0       0       0       0       0       0       
      +0       0       0       0       0       0
  2621 ;;      Temps:          1       0       0       0       0       0       0       0       0       0       0       0       
      +0       0       0       0       0       0       0       0       0       0       0       0       0       0       0       
      +0       0       0       0       0       0
  2622 ;;      Totals:         1       0       0       0       0       0       0       0       0       0       0       0       
      +0       0       0       0       0       0       0       0       0       0       0       0       0       0       0       
      +0       0       0       0       0       0
  2623 ;;Total ram usage:        1 bytes
  2624 ;; Hardware stack levels used: 1
  2625 ;; Hardware stack levels required when called: 2
  2626 ;; This function calls:
  2627 ;;		_LCD_Command
  2628 ;; This function is called by:
  2629 ;;		_main
  2630 ;; This function uses a non-reentrant model
  2631 ;;
  2632                           
  2633                           	psect	text14
  2634   00219A                     __ptext14:
  2635                           	callstack 0
  2636   00219A                     _LCD_Init:
  2637                           	callstack 28
  2638   00219A                     
  2639                           ;main.c: 247:     _delay((unsigned long)((500)*(1000000UL/4000.0)));
  2640   00219A  0EA3               	movlw	163
  2641   00219C  6E05               	movwf	??_LCD_Init^0,c
  2642   00219E  0E55               	movlw	85
  2643   0021A0                     u497:
  2644   0021A0  2EE8               	decfsz	wreg,f,c
  2645   0021A2  D7FE               	bra	u497
  2646   0021A4  2E05               	decfsz	??_LCD_Init^0,f,c
  2647   0021A6  D7FC               	bra	u497
  2648   0021A8  0000               	nop	
  2649   0021AA                     
  2650                           ;main.c: 249:     LATDbits.LATD0 = 0;
  2651   0021AA  90BD               	bcf	189,0,c	;volatile
  2652   0021AC                     
  2653                           ;main.c: 250:     LATDbits.LATD1 = 0;
  2654   0021AC  92BD               	bcf	189,1,c	;volatile
  2655   0021AE                     
  2656                           ;main.c: 251:     LATB = 0x00;
  2657   0021AE  6ABB               	clrf	187,c	;volatile
  2658                           
  2659                           ;main.c: 253:     _delay((unsigned long)((50)*(1000000UL/4000.0)));
  2660   0021B0  0E11               	movlw	17
  2661   0021B2  6E05               	movwf	??_LCD_Init^0,c
  2662   0021B4  0E3A               	movlw	58
  2663   0021B6                     u507:
  2664   0021B6  2EE8               	decfsz	wreg,f,c
  2665   0021B8  D7FE               	bra	u507
  2666   0021BA  2E05               	decfsz	??_LCD_Init^0,f,c
  2667   0021BC  D7FC               	bra	u507
  2668   0021BE  D000               	nop2	
  2669   0021C0                     
  2670                           ;main.c: 255:     LCD_Command(0x30);
  2671   0021C0  0E30               	movlw	48
  2672   0021C2  EC88  F013         	call	_LCD_Command
  2673   0021C6                     
  2674                           ;main.c: 256:     _delay((unsigned long)((10)*(1000000UL/4000.0)));
  2675   0021C6  0E04               	movlw	4
  2676   0021C8  6E05               	movwf	??_LCD_Init^0,c
  2677   0021CA  0E3E               	movlw	62
  2678   0021CC                     u517:
  2679   0021CC  2EE8               	decfsz	wreg,f,c
  2680   0021CE  D7FE               	bra	u517
  2681   0021D0  2E05               	decfsz	??_LCD_Init^0,f,c
  2682   0021D2  D7FC               	bra	u517
  2683                           
  2684                           ;main.c: 258:     LCD_Command(0x30);
  2685   0021D4  0E30               	movlw	48
  2686   0021D6  EC88  F013         	call	_LCD_Command
  2687   0021DA                     
  2688                           ;main.c: 259:     _delay((unsigned long)((10)*(1000000UL/4000.0)));
  2689   0021DA  0E04               	movlw	4
  2690   0021DC  6E05               	movwf	??_LCD_Init^0,c
  2691   0021DE  0E3E               	movlw	62
  2692   0021E0                     u527:
  2693   0021E0  2EE8               	decfsz	wreg,f,c
  2694   0021E2  D7FE               	bra	u527
  2695   0021E4  2E05               	decfsz	??_LCD_Init^0,f,c
  2696   0021E6  D7FC               	bra	u527
  2697   0021E8                     
  2698                           ;main.c: 261:     LCD_Command(0x30);
  2699   0021E8  0E30               	movlw	48
  2700   0021EA  EC88  F013         	call	_LCD_Command
  2701                           
  2702                           ;main.c: 262:     _delay((unsigned long)((10)*(1000000UL/4000.0)));
  2703   0021EE  0E04               	movlw	4
  2704   0021F0  6E05               	movwf	??_LCD_Init^0,c
  2705   0021F2  0E3E               	movlw	62
  2706   0021F4                     u537:
  2707   0021F4  2EE8               	decfsz	wreg,f,c
  2708   0021F6  D7FE               	bra	u537
  2709   0021F8  2E05               	decfsz	??_LCD_Init^0,f,c
  2710   0021FA  D7FC               	bra	u537
  2711   0021FC                     
  2712                           ;main.c: 264:     LCD_Command(0x38);
  2713   0021FC  0E38               	movlw	56
  2714   0021FE  EC88  F013         	call	_LCD_Command
  2715   002202                     
  2716                           ;main.c: 265:     _delay((unsigned long)((10)*(1000000UL/4000.0)));
  2717   002202  0E04               	movlw	4
  2718   002204  6E05               	movwf	??_LCD_Init^0,c
  2719   002206  0E3E               	movlw	62
  2720   002208                     u547:
  2721   002208  2EE8               	decfsz	wreg,f,c
  2722   00220A  D7FE               	bra	u547
  2723   00220C  2E05               	decfsz	??_LCD_Init^0,f,c
  2724   00220E  D7FC               	bra	u547
  2725                           
  2726                           ;main.c: 267:     LCD_Command(0x08);
  2727   002210  0E08               	movlw	8
  2728   002212  EC88  F013         	call	_LCD_Command
  2729   002216                     
  2730                           ;main.c: 268:     _delay((unsigned long)((5)*(1000000UL/4000.0)));
  2731   002216  0EFA               	movlw	250
  2732   002218                     u557:
  2733   002218  D000               	nop2	
  2734   00221A  2EE8               	decfsz	wreg,f,c
  2735   00221C  D7FD               	bra	u557
  2736   00221E                     
  2737                           ;main.c: 270:     LCD_Command(0x01);
  2738   00221E  0E01               	movlw	1
  2739   002220  EC88  F013         	call	_LCD_Command
  2740                           
  2741                           ;main.c: 271:     _delay((unsigned long)((10)*(1000000UL/4000.0)));
  2742   002224  0E04               	movlw	4
  2743   002226  6E05               	movwf	??_LCD_Init^0,c
  2744   002228  0E3E               	movlw	62
  2745   00222A                     u567:
  2746   00222A  2EE8               	decfsz	wreg,f,c
  2747   00222C  D7FE               	bra	u567
  2748   00222E  2E05               	decfsz	??_LCD_Init^0,f,c
  2749   002230  D7FC               	bra	u567
  2750   002232                     
  2751                           ;main.c: 273:     LCD_Command(0x06);
  2752   002232  0E06               	movlw	6
  2753   002234  EC88  F013         	call	_LCD_Command
  2754   002238                     
  2755                           ;main.c: 274:     _delay((unsigned long)((5)*(1000000UL/4000.0)));
  2756   002238  0EFA               	movlw	250
  2757   00223A                     u577:
  2758   00223A  D000               	nop2	
  2759   00223C  2EE8               	decfsz	wreg,f,c
  2760   00223E  D7FD               	bra	u577
  2761                           
  2762                           ;main.c: 276:     LCD_Command(0x0C);
  2763   002240  0E0C               	movlw	12
  2764   002242  EC88  F013         	call	_LCD_Command
  2765   002246                     
  2766                           ;main.c: 277:     _delay((unsigned long)((5)*(1000000UL/4000.0)));
  2767   002246  0EFA               	movlw	250
  2768   002248                     u587:
  2769   002248  D000               	nop2	
  2770   00224A  2EE8               	decfsz	wreg,f,c
  2771   00224C  D7FD               	bra	u587
  2772   00224E  0012               	return		;funcret
  2773   002250                     __end_of_LCD_Init:
  2774                           	callstack 0
  2775                           
  2776 ;; *************** function _LCD_Command *****************
  2777 ;; Defined at:
  2778 ;;		line 286 in file "main.c"
  2779 ;; Parameters:    Size  Location     Type
  2780 ;;  cmd             1    wreg     unsigned char 
  2781 ;; Auto vars:     Size  Location     Type
  2782 ;;  cmd             1    3[COMRAM] unsigned char 
  2783 ;; Return value:  Size  Location     Type
  2784 ;;                  1    wreg      void 
  2785 ;; Registers used:
  2786 ;;		wreg, status,2, cstack
  2787 ;; Tracked objects:
  2788 ;;		On entry : 0/0
  2789 ;;		On exit  : 0/0
  2790 ;;		Unchanged: 0/0
  2791 ;; Data sizes:     COMRAM   BANK0   BANK1   BANK2   BANK3   BANK4   BANK5   BANK6   BANK7   BANK8   BANK9  BANK10  BANK1
      +1  BANK12  BANK13  BANK14  BANK15  BANK16  BANK17  BANK18  BANK19  BANK20  BANK21  BANK22  BANK23  BANK24  BANK25  BANK2
      +6  BANK27  BANK28  BANK29  BANK30  BANK31
  2792 ;;      Params:         0       0       0       0       0       0       0       0       0       0       0       0       
      +0       0       0       0       0       0       0       0       0       0       0       0       0       0       0       
      +0       0       0       0       0       0
  2793 ;;      Locals:         1       0       0       0       0       0       0       0       0       0       0       0       
      +0       0       0       0       0       0       0       0       0       0       0       0       0       0       0       
      +0       0       0       0       0       0
  2794 ;;      Temps:          0       0       0       0       0       0       0       0       0       0       0       0       
      +0       0       0       0       0       0       0       0       0       0       0       0       0       0       0       
      +0       0       0       0       0       0
  2795 ;;      Totals:         1       0       0       0       0       0       0       0       0       0       0       0       
      +0       0       0       0       0       0       0       0       0       0       0       0       0       0       0       
      +0       0       0       0       0       0
  2796 ;;Total ram usage:        1 bytes
  2797 ;; Hardware stack levels used: 1
  2798 ;; Hardware stack levels required when called: 1
  2799 ;; This function calls:
  2800 ;;		Nothing
  2801 ;; This function is called by:
  2802 ;;		_LCD_Init
  2803 ;;		_LCD_String_xy
  2804 ;;		_LCD_Clear
  2805 ;; This function uses a non-reentrant model
  2806 ;;
  2807                           
  2808                           	psect	text15
  2809   002710                     __ptext15:
  2810                           	callstack 0
  2811   002710                     _LCD_Command:
  2812                           	callstack 27
  2813                           
  2814                           ;incstack = 0
  2815                           ;LCD_Command@cmd stored from wreg
  2816   002710  6E04               	movwf	LCD_Command@cmd^0,c
  2817   002712                     
  2818                           ;main.c: 286: void LCD_Command(unsigned char cmd);main.c: 287: {;main.c: 288:     LATB =
      +                           cmd;
  2819   002712  0060  F013  FFBB   	movff	LCD_Command@cmd,16315	;volatile
  2820   002718                     
  2821                           ;main.c: 290:     LATDbits.LATD0 = 0;
  2822   002718  90BD               	bcf	189,0,c	;volatile
  2823   00271A                     
  2824                           ;main.c: 292:     _delay((unsigned long)((1)*(1000000UL/4000.0)));
  2825   00271A  0E53               	movlw	83
  2826   00271C                     u597:
  2827   00271C  2EE8               	decfsz	wreg,f,c
  2828   00271E  D7FE               	bra	u597
  2829   002720  0000               	nop	
  2830   002722                     
  2831                           ;main.c: 294:     LATDbits.LATD1 = 1;
  2832   002722  82BD               	bsf	189,1,c	;volatile
  2833   002724                     
  2834                           ;main.c: 295:     _delay((unsigned long)((1)*(1000000UL/4000.0)));
  2835   002724  0E53               	movlw	83
  2836   002726                     u607:
  2837   002726  2EE8               	decfsz	wreg,f,c
  2838   002728  D7FE               	bra	u607
  2839   00272A  0000               	nop	
  2840   00272C                     
  2841                           ;main.c: 297:     LATDbits.LATD1 = 0;
  2842   00272C  92BD               	bcf	189,1,c	;volatile
  2843   00272E                     
  2844                           ;main.c: 299:     _delay((unsigned long)((3)*(1000000UL/4000.0)));
  2845   00272E  0EFA               	movlw	250
  2846   002730                     u617:
  2847   002730  2EE8               	decfsz	wreg,f,c
  2848   002732  D7FE               	bra	u617
  2849   002734  0012               	return		;funcret
  2850   002736                     __end_of_LCD_Command:
  2851                           	callstack 0
  2852                           
  2853 ;; *************** function _ADC_Read *****************
  2854 ;; Defined at:
  2855 ;;		line 232 in file "main.c"
  2856 ;; Parameters:    Size  Location     Type
  2857 ;;  channel         1    wreg     unsigned char 
  2858 ;; Auto vars:     Size  Location     Type
  2859 ;;  channel         1    7[COMRAM] unsigned char 
  2860 ;; Return value:  Size  Location     Type
  2861 ;;                  2    3[COMRAM] unsigned int 
  2862 ;; Registers used:
  2863 ;;		wreg, status,2
  2864 ;; Tracked objects:
  2865 ;;		On entry : 0/0
  2866 ;;		On exit  : 0/0
  2867 ;;		Unchanged: 0/0
  2868 ;; Data sizes:     COMRAM   BANK0   BANK1   BANK2   BANK3   BANK4   BANK5   BANK6   BANK7   BANK8   BANK9  BANK10  BANK1
      +1  BANK12  BANK13  BANK14  BANK15  BANK16  BANK17  BANK18  BANK19  BANK20  BANK21  BANK22  BANK23  BANK24  BANK25  BANK2
      +6  BANK27  BANK28  BANK29  BANK30  BANK31
  2869 ;;      Params:         2       0       0       0       0       0       0       0       0       0       0       0       
      +0       0       0       0       0       0       0       0       0       0       0       0       0       0       0       
      +0       0       0       0       0       0
  2870 ;;      Locals:         1       0       0       0       0       0       0       0       0       0       0       0       
      +0       0       0       0       0       0       0       0       0       0       0       0       0       0       0       
      +0       0       0       0       0       0
  2871 ;;      Temps:          2       0       0       0       0       0       0       0       0       0       0       0       
      +0       0       0       0       0       0       0       0       0       0       0       0       0       0       0       
      +0       0       0       0       0       0
  2872 ;;      Totals:         5       0       0       0       0       0       0       0       0       0       0       0       
      +0       0       0       0       0       0       0       0       0       0       0       0       0       0       0       
      +0       0       0       0       0       0
  2873 ;;Total ram usage:        5 bytes
  2874 ;; Hardware stack levels used: 1
  2875 ;; Hardware stack levels required when called: 1
  2876 ;; This function calls:
  2877 ;;		Nothing
  2878 ;; This function is called by:
  2879 ;;		_main
  2880 ;; This function uses a non-reentrant model
  2881 ;;
  2882                           
  2883                           	psect	text16
  2884   00268E                     __ptext16:
  2885                           	callstack 0
  2886   00268E                     _ADC_Read:
  2887                           	callstack 29
  2888                           
  2889                           ;incstack = 0
  2890                           ;ADC_Read@channel stored from wreg
  2891   00268E  6E08               	movwf	ADC_Read@channel^0,c
  2892   002690                     
  2893                           ;main.c: 232: unsigned int ADC_Read(unsigned char channel);main.c: 233: {;main.c: 234:  
      +                             ADPCH = channel;
  2894   002690  0060  F023  FEF1   	movff	ADC_Read@channel,16113	;volatile
  2895   002696                     
  2896                           ;main.c: 236:     _delay((unsigned long)((2)*(1000000UL/4000.0)));
  2897   002696  0EA6               	movlw	166
  2898   002698                     u627:
  2899   002698  2EE8               	decfsz	wreg,f,c
  2900   00269A  D7FE               	bra	u627
  2901   00269C  D000               	nop2	
  2902   00269E                     
  2903                           ;main.c: 238:     ADCON0bits.GO = 1;
  2904   00269E  013E               	movlb	62	; () banked
  2905   0026A0  81F8               	bsf	248,0,b	;volatile
  2906   0026A2                     l118:
  2907                           
  2908                           ; BSR set to: 62
  2909   0026A2  B1F8               	btfsc	248,0,b	;volatile
  2910   0026A4  EF56  F013         	goto	u431
  2911   0026A8  EF58  F013         	goto	u430
  2912   0026AC                     u431:
  2913   0026AC  EF51  F013         	goto	l118
  2914   0026B0                     u430:
  2915   0026B0                     
  2916                           ; BSR set to: 62
  2917                           ;main.c: 242:     return ((unsigned int)ADRESH << 8) | ADRESL;
  2918   0026B0  51F0               	movf	240,w,b	;volatile
  2919   0026B2  6E06               	movwf	??_ADC_Read^0,c
  2920   0026B4  51EF               	movf	239,w,b	;volatile
  2921   0026B6  6E04               	movwf	?_ADC_Read^0,c
  2922   0026B8  C006  F005         	movff	??_ADC_Read,?_ADC_Read+1
  2923   0026BC                     
  2924                           ; BSR set to: 62
  2925   0026BC  0012               	return		;funcret
  2926   0026BE                     __end_of_ADC_Read:
  2927                           	callstack 0
  2928                           
  2929 ;; *************** function _ADC_Init *****************
  2930 ;; Defined at:
  2931 ;;		line 346 in file "main.c"
  2932 ;; Parameters:    Size  Location     Type
  2933 ;;		None
  2934 ;; Auto vars:     Size  Location     Type
  2935 ;;		None
  2936 ;; Return value:  Size  Location     Type
  2937 ;;                  1    wreg      void 
  2938 ;; Registers used:
  2939 ;;		wreg, status,2
  2940 ;; Tracked objects:
  2941 ;;		On entry : 0/0
  2942 ;;		On exit  : 0/0
  2943 ;;		Unchanged: 0/0
  2944 ;; Data sizes:     COMRAM   BANK0   BANK1   BANK2   BANK3   BANK4   BANK5   BANK6   BANK7   BANK8   BANK9  BANK10  BANK1
      +1  BANK12  BANK13  BANK14  BANK15  BANK16  BANK17  BANK18  BANK19  BANK20  BANK21  BANK22  BANK23  BANK24  BANK25  BANK2
      +6  BANK27  BANK28  BANK29  BANK30  BANK31
  2945 ;;      Params:         0       0       0       0       0       0       0       0       0       0       0       0       
      +0       0       0       0       0       0       0       0       0       0       0       0       0       0       0       
      +0       0       0       0       0       0
  2946 ;;      Locals:         0       0       0       0       0       0       0       0       0       0       0       0       
      +0       0       0       0       0       0       0       0       0       0       0       0       0       0       0       
      +0       0       0       0       0       0
  2947 ;;      Temps:          0       0       0       0       0       0       0       0       0       0       0       0       
      +0       0       0       0       0       0       0       0       0       0       0       0       0       0       0       
      +0       0       0       0       0       0
  2948 ;;      Totals:         0       0       0       0       0       0       0       0       0       0       0       0       
      +0       0       0       0       0       0       0       0       0       0       0       0       0       0       0       
      +0       0       0       0       0       0
  2949 ;;Total ram usage:        0 bytes
  2950 ;; Hardware stack levels used: 1
  2951 ;; Hardware stack levels required when called: 1
  2952 ;; This function calls:
  2953 ;;		Nothing
  2954 ;; This function is called by:
  2955 ;;		_main
  2956 ;; This function uses a non-reentrant model
  2957 ;;
  2958                           
  2959                           	psect	text17
  2960   002736                     __ptext17:
  2961                           	callstack 0
  2962   002736                     _ADC_Init:
  2963                           	callstack 29
  2964   002736                     
  2965                           ;main.c: 348:     TRISAbits.TRISA1 = 1;
  2966   002736  82C2               	bsf	194,1,c	;volatile
  2967                           
  2968                           ;main.c: 349:     TRISAbits.TRISA2 = 1;
  2969   002738  84C2               	bsf	194,2,c	;volatile
  2970                           
  2971                           ;main.c: 351:     ANSELAbits.ANSELA1 = 1;
  2972   00273A  013A               	movlb	58	; () banked
  2973   00273C  8340               	bsf	64,1,b	;volatile
  2974                           
  2975                           ;main.c: 352:     ANSELAbits.ANSELA2 = 1;
  2976   00273E  8540               	bsf	64,2,b	;volatile
  2977   002740                     
  2978                           ; BSR set to: 58
  2979                           ;main.c: 354:     ADCON0bits.FM = 1;
  2980   002740  013E               	movlb	62	; () banked
  2981   002742  51F8               	movf	248,w,b	;volatile
  2982   002744  0BF3               	andlw	-13
  2983   002746  0904               	iorlw	4
  2984   002748  6FF8               	movwf	248,b	;volatile
  2985   00274A                     
  2986                           ; BSR set to: 62
  2987                           ;main.c: 355:     ADCON0bits.CS = 1;
  2988   00274A  89F8               	bsf	248,4,b	;volatile
  2989   00274C                     
  2990                           ; BSR set to: 62
  2991                           ;main.c: 357:     ADCLK = 0x00;
  2992   00274C  6BFF               	clrf	255,b	;volatile
  2993   00274E                     
  2994                           ; BSR set to: 62
  2995                           ;main.c: 359:     ADPREL = 0x00;
  2996   00274E  6BF6               	clrf	246,b	;volatile
  2997   002750                     
  2998                           ; BSR set to: 62
  2999                           ;main.c: 360:     ADPREH = 0x00;
  3000   002750  6BF7               	clrf	247,b	;volatile
  3001   002752                     
  3002                           ; BSR set to: 62
  3003                           ;main.c: 362:     ADACQL = 0x00;
  3004   002752  6BF3               	clrf	243,b	;volatile
  3005   002754                     
  3006                           ; BSR set to: 62
  3007                           ;main.c: 363:     ADACQH = 0x00;
  3008   002754  6BF4               	clrf	244,b	;volatile
  3009   002756                     
  3010                           ; BSR set to: 62
  3011                           ;main.c: 365:     ADCON0bits.ON = 1;
  3012   002756  8FF8               	bsf	248,7,b	;volatile
  3013   002758                     
  3014                           ; BSR set to: 62
  3015   002758  0012               	return		;funcret
  3016   00275A                     __end_of_ADC_Init:
  3017                           	callstack 0
  3018                           
  3019 ;; *************** function _ISR *****************
  3020 ;; Defined at:
  3021 ;;		line 180 in file "main.c"
  3022 ;; Parameters:    Size  Location     Type
  3023 ;;		None
  3024 ;; Auto vars:     Size  Location     Type
  3025 ;;  i               2    1[COMRAM] int 
  3026 ;; Return value:  Size  Location     Type
  3027 ;;                  1    wreg      void 
  3028 ;; Registers used:
  3029 ;;		wreg, status,2, status,0
  3030 ;; Tracked objects:
  3031 ;;		On entry : 0/0
  3032 ;;		On exit  : 0/0
  3033 ;;		Unchanged: 0/0
  3034 ;; Data sizes:     COMRAM   BANK0   BANK1   BANK2   BANK3   BANK4   BANK5   BANK6   BANK7   BANK8   BANK9  BANK10  BANK1
      +1  BANK12  BANK13  BANK14  BANK15  BANK16  BANK17  BANK18  BANK19  BANK20  BANK21  BANK22  BANK23  BANK24  BANK25  BANK2
      +6  BANK27  BANK28  BANK29  BANK30  BANK31
  3035 ;;      Params:         0       0       0       0       0       0       0       0       0       0       0       0       
      +0       0       0       0       0       0       0       0       0       0       0       0       0       0       0       
      +0       0       0       0       0       0
  3036 ;;      Locals:         2       0       0       0       0       0       0       0       0       0       0       0       
      +0       0       0       0       0       0       0       0       0       0       0       0       0       0       0       
      +0       0       0       0       0       0
  3037 ;;      Temps:          1       0       0       0       0       0       0       0       0       0       0       0       
      +0       0       0       0       0       0       0       0       0       0       0       0       0       0       0       
      +0       0       0       0       0       0
  3038 ;;      Totals:         3       0       0       0       0       0       0       0       0       0       0       0       
      +0       0       0       0       0       0       0       0       0       0       0       0       0       0       0       
      +0       0       0       0       0       0
  3039 ;;Total ram usage:        3 bytes
  3040 ;; Hardware stack levels used: 1
  3041 ;; This function calls:
  3042 ;;		Nothing
  3043 ;; This function is called by:
  3044 ;;		Interrupt level 2
  3045 ;; This function uses a non-reentrant model
  3046 ;;
  3047                           
  3048                           	psect	text18
  3049   0023F8                     __ptext18:
  3050                           	callstack 0
  3051   0023F8                     _ISR:
  3052                           	callstack 24
  3053   0023F8                     
  3054                           ;main.c: 182:     if(PIR0bits.IOCIF)
  3055   0023F8  0139               	movlb	57	; () banked
  3056   0023FA  AFA0               	btfss	160,7,b	;volatile
  3057   0023FC  EF02  F012         	goto	i2u21_41
  3058   002400  EF04  F012         	goto	i2u21_40
  3059   002404                     i2u21_41:
  3060   002404  EF32  F012         	goto	i2l105
  3061   002408                     i2u21_40:
  3062   002408                     
  3063                           ; BSR set to: 57
  3064                           ;main.c: 183:     {;main.c: 184:         if(IOCCFbits.IOCCF3)
  3065   002408  013A               	movlb	58	; () banked
  3066   00240A  A767               	btfss	103,3,b	;volatile
  3067   00240C  EF0A  F012         	goto	i2u22_41
  3068   002410  EF0C  F012         	goto	i2u22_40
  3069   002414                     i2u22_41:
  3070   002414  EF30  F012         	goto	i2l102
  3071   002418                     i2u22_40:
  3072   002418                     
  3073                           ; BSR set to: 58
  3074                           ;main.c: 185:         {;main.c: 186:             IOCCFbits.IOCCF3 = 0;
  3075   002418  9767               	bcf	103,3,b	;volatile
  3076   00241A                     
  3077                           ; BSR set to: 58
  3078                           ;main.c: 188:             for(int i = 0; i < 10; i++)
  3079   00241A  6A03               	clrf	(ISR@i+1)^0,c
  3080   00241C  0E00               	movlw	0
  3081   00241E  6E02               	movwf	ISR@i^0,c
  3082   002420                     i2l103:
  3083                           
  3084                           ;main.c: 189:             {;main.c: 190:                 LATDbits.LATD2 = 1;
  3085   002420  84BD               	bsf	189,2,c	;volatile
  3086   002422                     
  3087                           ;main.c: 191:                 _delay((unsigned long)((250)*(1000000UL/4000.0)));
  3088   002422  0E52               	movlw	82
  3089   002424  6E01               	movwf	??_ISR^0,c
  3090   002426  0E2A               	movlw	42
  3091   002428                     i2u63_47:
  3092   002428  2EE8               	decfsz	wreg,f,c
  3093   00242A  D7FE               	bra	i2u63_47
  3094   00242C  2E01               	decfsz	??_ISR^0,f,c
  3095   00242E  D7FC               	bra	i2u63_47
  3096   002430                     
  3097                           ;main.c: 193:                 LATDbits.LATD2 = 0;
  3098   002430  94BD               	bcf	189,2,c	;volatile
  3099                           
  3100                           ;main.c: 194:                 _delay((unsigned long)((250)*(1000000UL/4000.0)));
  3101   002432  0E52               	movlw	82
  3102   002434  6E01               	movwf	??_ISR^0,c
  3103   002436  0E2A               	movlw	42
  3104   002438                     i2u64_47:
  3105   002438  2EE8               	decfsz	wreg,f,c
  3106   00243A  D7FE               	bra	i2u64_47
  3107   00243C  2E01               	decfsz	??_ISR^0,f,c
  3108   00243E  D7FC               	bra	i2u64_47
  3109   002440                     
  3110                           ;main.c: 195:             }
  3111   002440  4A02               	infsnz	ISR@i^0,f,c
  3112   002442  2A03               	incf	(ISR@i+1)^0,f,c
  3113   002444  BE03               	btfsc	(ISR@i+1)^0,7,c
  3114   002446  EF2E  F012         	goto	i2u23_41
  3115   00244A  5003               	movf	(ISR@i+1)^0,w,c
  3116   00244C  E109               	bnz	i2u23_40
  3117   00244E  0E0A               	movlw	10
  3118   002450  5C02               	subwf	ISR@i^0,w,c
  3119   002452  A0D8               	btfss	status,0,c
  3120   002454  EF2E  F012         	goto	i2u23_41
  3121   002458  EF30  F012         	goto	i2u23_40
  3122   00245C                     i2u23_41:
  3123   00245C  EF10  F012         	goto	i2l103
  3124   002460                     i2u23_40:
  3125   002460                     i2l102:
  3126                           
  3127                           ;main.c: 198:         PIR0bits.IOCIF = 0;
  3128   002460  0139               	movlb	57	; () banked
  3129   002462  9FA0               	bcf	160,7,b	;volatile
  3130   002464                     i2l105:
  3131                           
  3132                           ; BSR set to: 57
  3133   002464  0011               	retfie		f
  3134   002466                     __end_of_ISR:
  3135                           	callstack 0
  3136                           
  3137                           ;
  3138                           ; H/W Interrupt Vector Table @ 0x8
  3139                           ;
  3140                           
  3141                           	psect	ivt0x8
  3142   000008                     __pivt0x8:
  3143                           	callstack 0
  3144   000008                     ivt0x8_base:
  3145                           	callstack 0
  3146                           
  3147                           ; high-priority vector
  3148   000008  EFFC  F011         	goto	_ISR
  3149   000018                     	org	16
  3150                           
  3151                           ; low-priority vector
  3152   000018  00FF               	reset	
  3153                           
  3154                           	psect	rparam
  3155   000001                     ___rparam_used  equ	1
  3156   000000                     ___param_bank   equ	0
  3157   000000                     __Lparam        equ	__Lrparam
  3158   000000                     __Hparam        equ	__Hrparam
  3159                           
  3160                           	psect	config
  3161                           
  3162                           ;Config register CONFIG1L @ 0x300000
  3163                           ;	External Oscillator Selection
  3164                           ;	FEXTOSC = OFF, Oscillator not enabled
  3165                           ;	Reset Oscillator Selection
  3166                           ;	RSTOSC = HFINTOSC_1MHZ, HFINTOSC with HFFRQ = 4 MHz and CDIV = 4:1
  3167   300000                     	org	3145728
  3168   300000  EC                 	db	236
  3169                           
  3170                           ;Config register CONFIG1H @ 0x300001
  3171                           ;	Clock out Enable bit
  3172                           ;	CLKOUTEN = OFF, CLKOUT function is disabled
  3173                           ;	PRLOCKED One-Way Set Enable bit
  3174                           ;	PR1WAY = ON, PRLOCK bit can be cleared and set only once
  3175                           ;	Clock Switch Enable bit
  3176                           ;	CSWEN = ON, Writing to NOSC and NDIV is allowed
  3177                           ;	Fail-Safe Clock Monitor Enable bit
  3178                           ;	FCMEN = OFF, Fail-Safe Clock Monitor disabled
  3179   300001                     	org	3145729
  3180   300001  DF                 	db	223
  3181                           
  3182                           ;Config register CONFIG2L @ 0x300002
  3183                           ;	MCLR Enable bit
  3184                           ;	MCLRE = EXTMCLR, If LVP = 0, MCLR pin is MCLR; If LVP = 1, RE3 pin function is MCLR
  3185                           ;	Power-up timer selection bits
  3186                           ;	PWRTS = PWRT_OFF, PWRT is disabled
  3187                           ;	Multi-vector enable bit
  3188                           ;	MVECEN = OFF, Interrupt contoller does not use vector table to prioritze interrupts
  3189                           ;	IVTLOCK bit One-way set enable bit
  3190                           ;	IVT1WAY = ON, IVTLOCK bit can be cleared and set only once
  3191                           ;	Low Power BOR Enable bit
  3192                           ;	LPBOREN = OFF, ULPBOR disabled
  3193                           ;	Brown-out Reset Enable bits
  3194                           ;	BOREN = SBORDIS, Brown-out Reset enabled , SBOREN bit is ignored
  3195   300002                     	org	3145730
  3196   300002  F7                 	db	247
  3197                           
  3198                           ;Config register CONFIG2H @ 0x300003
  3199                           ;	Brown-out Reset Voltage Selection bits
  3200                           ;	BORV = VBOR_2P45, Brown-out Reset Voltage (VBOR) set to 2.45V
  3201                           ;	ZCD Disable bit
  3202                           ;	ZCD = OFF, ZCD disabled. ZCD can be enabled by setting the ZCDSEN bit of ZCDCON
  3203                           ;	PPSLOCK bit One-Way Set Enable bit
  3204                           ;	PPS1WAY = ON, PPSLOCK bit can be cleared and set only once; PPS registers remain locke
      +                          d after one clear/set cycle
  3205                           ;	Stack Full/Underflow Reset Enable bit
  3206                           ;	STVREN = ON, Stack full/underflow will cause Reset
  3207                           ;	Debugger Enable bit
  3208                           ;	DEBUG = OFF, Background debugger disabled
  3209                           ;	Extended Instruction Set Enable bit
  3210                           ;	XINST = OFF, Extended Instruction Set and Indexed Addressing Mode disabled
  3211   300003                     	org	3145731
  3212   300003  FF                 	db	255
  3213                           
  3214                           ;Config register CONFIG3L @ 0x300004
  3215                           ;	WDT Period selection bits
  3216                           ;	WDTCPS = WDTCPS_31, Divider ratio 1:65536; software control of WDTPS
  3217                           ;	WDT operating mode
  3218                           ;	WDTE = OFF, WDT Disabled; SWDTEN is ignored
  3219   300004                     	org	3145732
  3220   300004  9F                 	db	159
  3221                           
  3222                           ;Config register CONFIG3H @ 0x300005
  3223                           ;	WDT Window Select bits
  3224                           ;	WDTCWS = WDTCWS_7, window always open (100%); software control; keyed access not requi
      +                          red
  3225                           ;	WDT input clock selector
  3226                           ;	WDTCCS = SC, Software Control
  3227   300005                     	org	3145733
  3228   300005  FF                 	db	255
  3229                           
  3230                           ;Config register CONFIG4L @ 0x300006
  3231                           ;	Boot Block Size selection bits
  3232                           ;	BBSIZE = BBSIZE_512, Boot Block size is 512 words
  3233                           ;	Boot Block enable bit
  3234                           ;	BBEN = OFF, Boot block disabled
  3235                           ;	Storage Area Flash enable bit
  3236                           ;	SAFEN = OFF, SAF disabled
  3237                           ;	Application Block write protection bit
  3238                           ;	WRTAPP = OFF, Application Block not write protected
  3239   300006                     	org	3145734
  3240   300006  FF                 	db	255
  3241                           
  3242                           ;Config register CONFIG4H @ 0x300007
  3243                           ;	Boot Block Write Protection bit
  3244                           ;	WRTB = OFF, Boot Block not write-protected
  3245                           ;	Configuration Register Write Protection bit
  3246                           ;	WRTC = OFF, Configuration registers not write-protected
  3247                           ;	Data EEPROM Write Protection bit
  3248                           ;	WRTD = OFF, Data EEPROM not write-protected
  3249                           ;	SAF Write protection bit
  3250                           ;	WRTSAF = OFF, SAF not Write Protected
  3251                           ;	Low Voltage Programming Enable bit
  3252                           ;	LVP = ON, Low voltage programming enabled. MCLR/VPP pin function is MCLR. MCLRE config
      +                          uration bit is ignored
  3253   300007                     	org	3145735
  3254   300007  FF                 	db	255
  3255                           
  3256                           ;Config register CONFIG5L @ 0x300008
  3257                           ;	PFM and Data EEPROM Code Protection bit
  3258                           ;	CP = OFF, PFM and Data EEPROM code protection disabled
  3259   300008                     	org	3145736
  3260   300008  FF                 	db	255
  3261                           
  3262                           ;Config register CONFIG5H @ 0x300009
  3263                           ;	unspecified, using default values
  3264   300009                     	org	3145737
  3265   300009  FF                 	db	255
  3266                           tosu	equ	0x3FFF
  3267                           tosh	equ	0x3FFE
  3268                           tosl	equ	0x3FFD
  3269                           stkptr	equ	0x3FFC
  3270                           pclatu	equ	0x3FFB
  3271                           pclath	equ	0x3FFA
  3272                           pcl	equ	0x3FF9
  3273                           tblptru	equ	0x3FF8
  3274                           tblptrh	equ	0x3FF7
  3275                           tblptrl	equ	0x3FF6
  3276                           tablat	equ	0x3FF5
  3277                           prodh	equ	0x3FF4
  3278                           prodl	equ	0x3FF3
  3279                           indf0	equ	0x3FEF
  3280                           postinc0	equ	0x3FEE
  3281                           postdec0	equ	0x3FED
  3282                           preinc0	equ	0x3FEC
  3283                           plusw0	equ	0x3FEB
  3284                           fsr0h	equ	0x3FEA
  3285                           fsr0l	equ	0x3FE9
  3286                           wreg	equ	0x3FE8
  3287                           indf1	equ	0x3FE7
  3288                           postinc1	equ	0x3FE6
  3289                           postdec1	equ	0x3FE5
  3290                           preinc1	equ	0x3FE4
  3291                           plusw1	equ	0x3FE3
  3292                           fsr1h	equ	0x3FE2
  3293                           fsr1l	equ	0x3FE1
  3294                           bsr	equ	0x3FE0
  3295                           indf2	equ	0x3FDF
  3296                           postinc2	equ	0x3FDE
  3297                           postdec2	equ	0x3FDD
  3298                           preinc2	equ	0x3FDC
  3299                           plusw2	equ	0x3FDB
  3300                           fsr2h	equ	0x3FDA
  3301                           fsr2l	equ	0x3FD9
  3302                           status	equ	0x3FD8

Data Sizes:
    Strings     24
    Constant    0
    Data        1
    BSS         65
    Persistent  0
    Stack       0

Auto Spaces:
    Space          Size  Autos    Used
    COMRAM           95     52      86
    BANK0           160      0      32
    BANK1           256      0       0
    BANK2           256      0       0
    BANK3           256      0       0
    BANK4           256      0       0
    BANK5           256      0       0
    BANK6           256      0       0
    BANK7           256      0       0
    BANK8           256      0       0
    BANK9           256      0       0
    BANK10          256      0       0
    BANK11          256      0       0
    BANK12          256      0       0
    BANK13          256      0       0
    BANK14          256      0       0
    BANK15          256      0       0
    BANK16          256      0       0
    BANK17          256      0       0
    BANK18          256      0       0
    BANK19          256      0       0
    BANK20          256      0       0
    BANK21          256      0       0
    BANK22          256      0       0
    BANK23          256      0       0
    BANK24          256      0       0
    BANK25          256      0       0
    BANK26          256      0       0
    BANK27          256      0       0
    BANK28          256      0       0
    BANK29          256      0       0
    BANK30          256      0       0
    BANK31          256      0       0

Pointer List with Targets:

    f$.$buffer	PTR unsigned char  size(1) Largest target is 16
		 -> lcd_buffer(COMRAM[16]), 

    f$.$source	PTR const unsigned char  size(2) Largest target is 0

    fputc@fp	PTR struct _IO_FILE size(1) Largest target is 12
		 -> sprintf@f(COMRAM[11]), 

    fputc@fp$.$buffer	PTR unsigned char  size(1) Largest target is 16
		 -> lcd_buffer(COMRAM[16]), 

    fputc@fp$.$source	PTR const unsigned char  size(2) Largest target is 0

    LCD_String@msg	PTR const unsigned char  size(1) Largest target is 16
		 -> lcd_buffer(COMRAM[16]), 

    LCD_String_xy@msg	PTR const unsigned char  size(1) Largest target is 16
		 -> lcd_buffer(COMRAM[16]), 

    S1196$buffer	PTR unsigned char  size(1) Largest target is 16
		 -> lcd_buffer(COMRAM[16]), 

    S1196$source	PTR const unsigned char  size(2) Largest target is 0

    sprintf@ap	PTR void [1] size(1) Largest target is 2
		 -> ?_sprintf(COMRAM[2]), 

    sprintf@fmt	PTR const unsigned char  size(1) Largest target is 12
		 -> STR_1(CODE[12]), STR_2(CODE[12]), 

    sprintf@s	PTR unsigned char  size(1) Largest target is 16
		 -> lcd_buffer(COMRAM[16]), 

    vfpfcnvrt@ap	PTR PTR void  size(1) Largest target is 1
		 -> sprintf@ap(COMRAM[1]), 

    vfpfcnvrt@cp	PTR unsigned char  size(1) Largest target is 12
		 -> STR_1(CODE[12]), STR_2(CODE[12]), 

    vfpfcnvrt@fmt	PTR PTR unsigned char  size(1) Largest target is 1
		 -> vfprintf@cfmt(COMRAM[1]), 

    vfpfcnvrt@fp	PTR struct _IO_FILE size(1) Largest target is 12
		 -> sprintf@f(COMRAM[11]), 

    vfprintf@ap	PTR PTR void  size(1) Largest target is 1
		 -> sprintf@ap(COMRAM[1]), 

    vfprintf@cfmt	PTR unsigned char  size(1) Largest target is 12
		 -> STR_1(CODE[12]), STR_2(CODE[12]), 

    vfprintf@fmt	PTR const unsigned char  size(1) Largest target is 12
		 -> STR_1(CODE[12]), STR_2(CODE[12]), 

    vfprintf@fp	PTR struct _IO_FILE size(1) Largest target is 12
		 -> sprintf@f(COMRAM[11]), 


Critical Paths under _main in COMRAM

    _main->_LCD_Print_Status
    _LCD_Print_Status->_sprintf
    _sprintf->_vfprintf
    _vfprintf->_vfpfcnvrt
    _vfpfcnvrt->_fputc
    _Step_Detection->_abs
    _LCD_String_xy->_LCD_String
    _LCD_String->_LCD_Char
    _LCD_Init->_LCD_Command

Critical Paths under _ISR in COMRAM

    None.

Critical Paths under _main in BANK0

    None.

Critical Paths under _ISR in BANK0

    None.

Critical Paths under _main in BANK1

    None.

Critical Paths under _ISR in BANK1

    None.

Critical Paths under _main in BANK2

    None.

Critical Paths under _ISR in BANK2

    None.

Critical Paths under _main in BANK3

    None.

Critical Paths under _ISR in BANK3

    None.

Critical Paths under _main in BANK4

    None.

Critical Paths under _ISR in BANK4

    None.

Critical Paths under _main in BANK5

    None.

Critical Paths under _ISR in BANK5

    None.

Critical Paths under _main in BANK6

    None.

Critical Paths under _ISR in BANK6

    None.

Critical Paths under _main in BANK7

    None.

Critical Paths under _ISR in BANK7

    None.

Critical Paths under _main in BANK8

    None.

Critical Paths under _ISR in BANK8

    None.

Critical Paths under _main in BANK9

    None.

Critical Paths under _ISR in BANK9

    None.

Critical Paths under _main in BANK10

    None.

Critical Paths under _ISR in BANK10

    None.

Critical Paths under _main in BANK11

    None.

Critical Paths under _ISR in BANK11

    None.

Critical Paths under _main in BANK12

    None.

Critical Paths under _ISR in BANK12

    None.

Critical Paths under _main in BANK13

    None.

Critical Paths under _ISR in BANK13

    None.

Critical Paths under _main in BANK14

    None.

Critical Paths under _ISR in BANK14

    None.

Critical Paths under _main in BANK15

    None.

Critical Paths under _ISR in BANK15

    None.

Critical Paths under _main in BANK16

    None.

Critical Paths under _ISR in BANK16

    None.

Critical Paths under _main in BANK17

    None.

Critical Paths under _ISR in BANK17

    None.

Critical Paths under _main in BANK18

    None.

Critical Paths under _ISR in BANK18

    None.

Critical Paths under _main in BANK19

    None.

Critical Paths under _ISR in BANK19

    None.

Critical Paths under _main in BANK20

    None.

Critical Paths under _ISR in BANK20

    None.

Critical Paths under _main in BANK21

    None.

Critical Paths under _ISR in BANK21

    None.

Critical Paths under _main in BANK22

    None.

Critical Paths under _ISR in BANK22

    None.

Critical Paths under _main in BANK23

    None.

Critical Paths under _ISR in BANK23

    None.

Critical Paths under _main in BANK24

    None.

Critical Paths under _ISR in BANK24

    None.

Critical Paths under _main in BANK25

    None.

Critical Paths under _ISR in BANK25

    None.

Critical Paths under _main in BANK26

    None.

Critical Paths under _ISR in BANK26

    None.

Critical Paths under _main in BANK27

    None.

Critical Paths under _ISR in BANK27

    None.

Critical Paths under _main in BANK28

    None.

Critical Paths under _ISR in BANK28

    None.

Critical Paths under _main in BANK29

    None.

Critical Paths under _ISR in BANK29

    None.

Critical Paths under _main in BANK30

    None.

Critical Paths under _ISR in BANK30

    None.

Critical Paths under _main in BANK31

    None.

Critical Paths under _ISR in BANK31

    None.

Call Graph Tables:

 ---------------------------------------------------------------------------------
 (Depth) Function   	        Calls       Base Space   Used Autos Params    Refs
 ---------------------------------------------------------------------------------
 (0) _main                                                 5     5      0    1870
                                             47 COMRAM     5     5      0
                           _ADC_Init
                           _ADC_Read
                           _LCD_Init
                   _LCD_Print_Status
 ---------------------------------------------------------------------------------
 (1) _LCD_Print_Status                                     6     2      4    1780
                                             41 COMRAM     6     2      4
                      _LCD_String_xy
                     _Step_Detection
                            _sprintf
 ---------------------------------------------------------------------------------
 (2) _sprintf                                             18    14      4    1331
                                             25 COMRAM    16    12      4
                           _vfprintf
 ---------------------------------------------------------------------------------
 (3) _vfprintf                                             4     1      3    1128
                                             21 COMRAM     4     1      3
                          _vfpfcnvrt
 ---------------------------------------------------------------------------------
 (4) _vfpfcnvrt                                           11     8      3    1003
                                             11 COMRAM    10     7      3
                            ___lwdiv
                            ___lwmod
                              _fputc
 ---------------------------------------------------------------------------------
 (5) _fputc                                                8     5      3     230
                                              3 COMRAM     8     5      3
                              _putch
 ---------------------------------------------------------------------------------
 (6) _putch                                                1     1      0       0
 ---------------------------------------------------------------------------------
 (5) ___lwmod                                              5     1      4     161
                                              3 COMRAM     5     1      4
 ---------------------------------------------------------------------------------
 (5) ___lwdiv                                              7     3      4     164
                                              3 COMRAM     7     3      4
 ---------------------------------------------------------------------------------
 (2) _Step_Detection                                       8     4      4     181
                                              7 COMRAM     8     4      4
                                _abs
 ---------------------------------------------------------------------------------
 (3) _abs                                                  4     2      2      68
                                              3 COMRAM     4     2      2
 ---------------------------------------------------------------------------------
 (2) _LCD_String_xy                                        4     2      2     199
                                              5 COMRAM     4     2      2
                        _LCD_Command
                         _LCD_String
 ---------------------------------------------------------------------------------
 (3) _LCD_String                                           1     0      1      61
                                              4 COMRAM     1     0      1
                           _LCD_Char
 ---------------------------------------------------------------------------------
 (4) _LCD_Char                                             1     1      0      15
                                              3 COMRAM     1     1      0
 ---------------------------------------------------------------------------------
 (1) _LCD_Init                                             1     1      0      15
                                              4 COMRAM     1     1      0
                        _LCD_Command
 ---------------------------------------------------------------------------------
 (3) _LCD_Command                                          1     1      0      15
                                              3 COMRAM     1     1      0
 ---------------------------------------------------------------------------------
 (1) _ADC_Read                                             5     3      2      29
                                              3 COMRAM     5     3      2
 ---------------------------------------------------------------------------------
 (1) _ADC_Init                                             0     0      0       0
 ---------------------------------------------------------------------------------
 Estimated maximum stack depth 6
 ---------------------------------------------------------------------------------
 (Depth) Function   	        Calls       Base Space   Used Autos Params    Refs
 ---------------------------------------------------------------------------------
 (7) _ISR                                                  3     3      0      30
                                              0 COMRAM     3     3      0
 ---------------------------------------------------------------------------------
 Estimated maximum stack depth 7
 ---------------------------------------------------------------------------------

 Call Graph Graphs:

 _main (ROOT)
   _ADC_Init
   _ADC_Read
   _LCD_Init
     _LCD_Command
   _LCD_Print_Status
     _LCD_String_xy
       _LCD_Command
       _LCD_String
         _LCD_Char
     _Step_Detection
       _abs
     _sprintf
       _vfprintf
         _vfpfcnvrt
           ___lwdiv
           ___lwmod
           _fputc
             _putch

 _ISR (ROOT)

Address spaces:
Name               Size   Autos  Total    Usage
BIGRAM            8191      0       0      0.0%
BITBIGSFRlh       1169      0       0      0.0%
BITBIGSFRlll       400      0       0      0.0%
BITBIGSFRh         263      0       0      0.0%
BITBANK31          256      0       0      0.0%
BANK31             256      0       0      0.0%
BITBANK30          256      0       0      0.0%
BANK30             256      0       0      0.0%
BITBANK29          256      0       0      0.0%
BANK29             256      0       0      0.0%
BITBANK28          256      0       0      0.0%
BANK28             256      0       0      0.0%
BITBANK27          256      0       0      0.0%
BANK27             256      0       0      0.0%
BITBANK26          256      0       0      0.0%
BANK26             256      0       0      0.0%
BITBANK25          256      0       0      0.0%
BANK25             256      0       0      0.0%
BITBANK24          256      0       0      0.0%
BANK24             256      0       0      0.0%
BITBANK23          256      0       0      0.0%
BANK23             256      0       0      0.0%
BITBANK22          256      0       0      0.0%
BANK22             256      0       0      0.0%
BITBANK21          256      0       0      0.0%
BANK21             256      0       0      0.0%
BITBANK20          256      0       0      0.0%
BANK20             256      0       0      0.0%
BITBANK19          256      0       0      0.0%
BANK19             256      0       0      0.0%
BITBANK18          256      0       0      0.0%
BANK18             256      0       0      0.0%
BITBANK17          256      0       0      0.0%
BANK17             256      0       0      0.0%
BITBANK16          256      0       0      0.0%
BANK16             256      0       0      0.0%
BITBANK15          256      0       0      0.0%
BANK15             256      0       0      0.0%
BITBANK14          256      0       0      0.0%
BANK14             256      0       0      0.0%
BITBANK13          256      0       0      0.0%
BANK13             256      0       0      0.0%
BITBANK12          256      0       0      0.0%
BANK12             256      0       0      0.0%
BITBANK11          256      0       0      0.0%
BANK11             256      0       0      0.0%
BITBANK10          256      0       0      0.0%
BANK10             256      0       0      0.0%
BITBANK9           256      0       0      0.0%
BANK9              256      0       0      0.0%
BITBANK8           256      0       0      0.0%
BANK8              256      0       0      0.0%
BITBANK7           256      0       0      0.0%
BANK7              256      0       0      0.0%
BITBANK6           256      0       0      0.0%
BANK6              256      0       0      0.0%
BITBANK5           256      0       0      0.0%
BANK5              256      0       0      0.0%
BITBANK4           256      0       0      0.0%
BANK4              256      0       0      0.0%
BITBANK3           256      0       0      0.0%
BANK3              256      0       0      0.0%
BITBANK2           256      0       0      0.0%
BANK2              256      0       0      0.0%
BITBANK1           256      0       0      0.0%
BANK1              256      0       0      0.0%
BITBIGSFRllh       213      0       0      0.0%
BITBANK0           160      0       0      0.0%
BANK0              160      0      32     20.0%
BITCOMRAM           95      0       0      0.0%
COMRAM              95     52      86     90.5%
STACK                0      0       0      0.0%
DATA                 0      0     118      0.0%


Microchip Technology PIC18 Macro Assembler V3.10 build 20250813170317 
Symbol Table                                                                                   Sun May 17 23:40:43 2026

            ?_LCD_Command 0001                        l93 233E               ?_LCD_String 0005  
                     l121 26BC                       l130 2734                       l115 2576  
                     l124 224E                       l108 2528                       l133 270E  
                     l118 26A2                       l144 265C                       l147 2758  
                     l139 26E6                       l751 23EE                       l761 24C0  
                     l758 23F6                       l935 2612                       l768 24C8  
                     l945 268C                       l938 262A                       l982 2198  
                     l989 25B8                       u300 2260                       u301 225C  
                     u310 2270                       u311 226C                       u400 26E6  
                     u240 239E                       u320 2296                       u401 26E2  
                     u241 239A                       u321 2292                       u250 23BC  
                     u330 22C8                       u410 25B2                       u251 23B8  
                     u331 22C4                       u411 25AE                       u420 263E  
                     u260 23D8                       u340 2042                       u421 263A  
                     u261 23D4                       u341 203E                       u430 26B0  
                     u270 2478                       u350 2084                       u431 26AC  
                     u271 2474                       u351 2080                       u280 2496  
                     u360 2100                       u281 2492                       u361 20FC  
                     u290 24AC                       u370 2110                       u507 21B6  
                     u291 24A8                       u371 210C                       u380 2142  
                     _ISR 23F8                       u517 21CC                       u381 213E  
                     u390 2606                       u607 2726                       u527 21E0  
                     u391 2602                       u447 2330                       u617 2730  
                     u537 21F4                       u457 2374                       u627 2698  
                     u547 2208                       u467 26F4                       u557 2218  
                     u477 26FE                       u567 222A                       u487 2708  
                     u577 223A                       u497 21A0                       u587 2248  
                     u597 271C                       _abs 25F8                       wreg 3FE8  
                    ?_ISR 0001               LCD_Char@dat 0004                      ISR@i 0002  
                    l1001 22FA                      l1012 275A                      l1200 274C  
                    l1210 2756                      l1202 274E                      l1130 2712  
                    ?_abs 0004                      l1204 2750                      l1140 272C  
                    l1132 2718                      l1220 21C0                      l1212 219A  
                    l1206 2752                      l1142 272E                      l1134 271A  
                    l1230 2202                      l1222 21C6                      l1214 21AA  
                    l1070 26F2                      l1310 2386                      l1208 2754  
                    l1136 2722                      l1240 2246                      l1232 2216  
                    l1224 21DA                      l1216 21AC                      l1072 26FA  
                    l1320 23BC                      l1312 238C                      l1138 2724  
                    l1234 221E                      l1226 21E8                      l1218 21AE  
                    l1074 26FC                      l1066 26EA                      l1410 2606  
                    l1330 23E8                      l1322 23C2                      l1314 239E  
                    l1402 2170                      l1236 2232                      l1228 21FC  
                    l1076 2704                      l1068 26F0                      l1412 26BE  
                    l1324 23D8                      l1316 23A6                      l1340 2496  
                    l1332 2466                      l1420 2578                      l1500 2326  
                    l1238 2238                      l1078 2706                      l1414 26C2  
                    l1430 252A                      l1326 23E0                      l1318 23AE  
                    l1342 24AC                      l1334 2478                      l1350 2260  
                    l1422 2580                      l1502 232A                      l1416 26CE  
                    l1408 25F8                      l1432 255E                      l1328 23E2  
                    l1344 24B4                      l1336 2480                      l1352 2270  
                    l1424 2590                      l1440 265E                      l1504 235A  
                    l1194 2736                      l1418 26D0                      l1434 2566  
                    l1346 24BA                      l1338 2488                      l1354 227A  
                    l1370 2058                      l1362 201A                      l1426 25B2  
                    l1442 2666                      l1506 236E                      l1196 2740  
                    l1460 2654                      l1452 262E                      l1436 256E  
                    l1356 2296                      l1348 2250                      l1380 20B2  
                    l1372 2062                      l1364 2042                      l1444 266C  
                    l1198 274A                      l1462 2690                      l1454 263E  
                    l1358 22C8                      l1390 212E                      l1382 20D4  
                    l1374 2084                      l1366 204A                      l1446 2672  
                    l1464 2696                      l1456 2648                      l1392 2130  
                    l1384 20EE                      l1376 20A0                      l1368 2054  
                    l1448 2682                      l1480 251A                      l1472 24CA  
                    l1466 269E                      l1458 264E                      l1386 2100  
                    l1378 20AE                      l1474 24E6                      l1490 231A  
                    l1482 22FC                      l1468 26B0                      l1388 2114  
                    l1396 2146                      l1476 24F8                      l1492 231C  
                    l1484 2314                      l1398 2164                      l1478 2506  
                    l1494 2320                      l1486 2316                      l1496 2322  
                    l1488 2318                      l1498 2324                      STR_1 200D  
                    STR_2 2001                      _LATB 3FBB                      _LATD 3FBD  
                    abs@a 0004                      _dbuf 0060                      _main 22FC  
                    _prec 003B                      fsr1h 3FE2                      fsr2h 3FDA  
        ??_Step_Detection 000C                      indf2 3FDF                      fsr1l 3FE1  
                    fsr2l 3FD9          __end_of_ADC_Init 275A          __end_of_ADC_Read 26BE  
                    start 001A             _LCD_String_xy 262C              ___param_bank 0000  
                   ??_ISR 0001                     ??_abs 0006          __end_of_LCD_Char 2710  
        __end_of_LCD_Init 2250                     ?_main 0001                     _ADCLK 3EFF  
                   _ADPCH 3EF1           __end_of___lwdiv 23F8                     i2l102 2460  
                   i2l103 2420                     i2l105 2464           __end_of___lwmod 24CA  
            vfpfcnvrt@fmt 000D                     _PORTC 3FCC                     _TRISB 3FC3  
                   _TRISD 3FC5                     _flags 0045                     _fputc 2250  
                   _width 0039                     _putch 275A                     tablat 3FF5  
                   status 3FD8           __end_of_sprintf 268E            ?_LCD_String_xy 0006  
         __initialization 25BA              __end_of_main 2386                    ??_main 0030  
           __activetblptr 0003                    _ADACQH 3EF4                    _ADACQL 3EF3  
    Step_Detection@prev_x 003F      Step_Detection@prev_y 003D                    ?_fputc 0004  
                  _ADRESH 3EF0                    _ADRESL 3EEF                    _ADPREH 3EF7  
                  _ADPREL 3EF6                    ?_putch 0001                    _ANSELB 3A50  
                  _ANSELD 3A70          LCD_String_xy@msg 0007          LCD_String_xy@pos 0006  
        LCD_String_xy@row 0008                    i2l1300 2422                    i2l1302 2430  
                  i2l1304 2440                    i2l1290 2408                    i2l1292 2418  
                  i2l1294 241A                    i2l1288 23F8              vfprintf@cfmt 0019  
               ??___lwdiv 0008                 ??___lwmod 0008           ADC_Read@channel 0008  
                  clear_0 25D4                    clear_1 25E0                    isa$std 0001  
                  fputc@c 0004              __pdataCOMRAM 0056                 ?_ADC_Init 0001  
               ?_ADC_Read 0004              __mediumconst 2000                    tblptrh 3FF7  
                  tblptrl 3FF6                    tblptru 3FF8                    putch@c 0001  
        __end_of_vfprintf 25BA                 ??_sprintf 001E                 ?_LCD_Char 0001  
              __accesstop 0060   __end_of__initialization 25F2                 ?_LCD_Init 0001  
         ??_LCD_String_xy 0008             ___rparam_used 0001            __pcstackCOMRAM 0001  
           __end_of_fputc 22FC             __end_of_putch 275C              ??_LCD_String 0006  
              ??_ADC_Init 0004                ??_ADC_Read 0006                   ??_fputc 0007  
                 ??_putch 0004                __pbssBANK0 0060          _LCD_Print_Status 24CA  
              ??_LCD_Char 0004                ??_LCD_Init 0005        __end_of_LCD_String 26E8  
                 IVTBASEH 3FD6                   IVTBASEL 3FD5                   IVTBASEU 3FD7  
   LCD_Print_Status@x_val 002A     LCD_Print_Status@y_val 002C                _lcd_buffer 0046  
                 i2u21_40 2408                   i2u21_41 2404                   i2u22_40 2418  
                 i2u22_41 2414                   i2u23_40 2460                   i2u23_41 245C  
                 i2u63_47 2428                   i2u64_47 2438             LCD_String@msg 0005  
                 __Hparam 0000                   __Lparam 0000                   ___lwdiv 2386  
                 ___lwmod 2466                 ?_vfprintf 0016              __psmallconst 2000  
                 __pcinit 25BA                   __ramtop 2000                   __ptext0 22FC  
                 __ptext1 24CA                   __ptext2 265E                   __ptext3 2578  
                 __ptext4 201A                   __ptext5 2250                   __ptext6 275A  
                 __ptext7 2466                   __ptext8 2386                   __ptext9 252A  
               _IOCCFbits 3A67                 _IOCCNbits 3A66                 _IOCCPbits 3A65  
                 _sprintf 265E      end_of_initialization 25F2                   fputc@fp 0006  
          LCD_Command@cmd 0004         __end_of_vfpfcnvrt 219A                   postdec2 3FDD  
                 postinc0 3FEE                   postinc1 3FE6                   postinc2 3FDE  
        vfpfcnvrt@convarg 0010                ??_vfprintf 0019                 _TRISAbits 3FC2  
               _TRISCbits 3FC4                 _TRISDbits 3FC5                _step_count 0041  
           ??_LCD_Command 0004               vfpfcnvrt@ap 000E               vfpfcnvrt@cp 0014  
             vfpfcnvrt@fp 000C             __pidataCOMRAM 275C  __end_of_LCD_Print_Status 252A  
     start_initialization 25BA               _adc_voltage 0035               __end_of_ISR 2466  
             __end_of_abs 262C                ivt0x8_base 0008       Step_Detection@x_val 0008  
     Step_Detection@y_val 000A     __end_of_LCD_String_xy 265E               vfprintf@fmt 0017  
     __end_of_LCD_Command 2736               __pbssCOMRAM 0035                 _adc_value 0043  
        ___lwdiv@dividend 0004                  ?___lwdiv 0004            _Step_Detection 252A  
                ?___lwmod 0004    Step_Detection@movement 000E               __smallconst 2000  
                _ADC_Init 2736                  _ADC_Read 268E          ___lwdiv@quotient 0008  
   LCD_String_xy@location 0009                  ?_sprintf 001A  LCD_Print_Status@movement 002E  
                _LCD_Char 26E8                  _LCD_Init 219A                  _LATDbits 3FBD  
                _PIE0bits 3990                  _PIR0bits 39A0    __end_of_Step_Detection 2578  
             _LCD_Command 2710                 _vfpfcnvrt 201A                _ADCON0bits 3EF8  
               main@x_val 0031                 main@y_val 0033                vfpfcnvrt@c 0015  
             _INTCON0bits 3FD2                  __Hrparam 0000                vfprintf@ap 0018  
                __Lrparam 0000                vfprintf@fp 0016           ?_Step_Detection 0008  
              ?_vfpfcnvrt 000C         ?_LCD_Print_Status 002A                _ANSELAbits 3A40  
              _ANSELCbits 3A60                _ANSELDbits 3A70                sprintf@fmt 001B  
      ??_LCD_Print_Status 002E                  __pivt0x8 0008           ___lwdiv@divisor 0006  
         ___lwdiv@counter 000A                  __ptext10 25F8                  __ptext11 262C  
                __ptext12 26BE                  __ptext13 26E8                  __ptext14 219A  
                __ptext15 2710                  __ptext16 268E                  __ptext17 2736  
                __ptext18 23F8            _ready_for_step 0056                  isa$xinst 0000  
                _vfprintf 2578                _LCD_String 26BE                  intlevel2 0000  
               sprintf@ap 001E          ___lwmod@dividend 0004               ??_vfpfcnvrt 000F  
                sprintf@f 001F                  sprintf@s 001A           ___lwmod@divisor 0006  
         ___lwmod@counter 0008  
